INFO 2025-11-02 16:45:28,092 autoreload Watching for file changes with StatReloader
INFO 2025-11-02 16:45:48,669 basehttp "GET /dashboard/student/ HTTP/1.1" 200 77189
INFO 2025-11-02 16:45:49,396 basehttp "GET /.well-known/appspecific/com.chrome.devtools.json HTTP/1.1" 302 0
INFO 2025-11-02 16:45:49,555 basehttp "GET /static/images/default-avatar.jpg HTTP/1.1" 200 99373
INFO 2025-11-02 16:45:49,590 basehttp "GET /static/css/dashboard/dashboard.css HTTP/1.1" 200 19647
INFO 2025-11-02 16:45:49,602 basehttp "GET /static/js/dashboard/dashboard.js HTTP/1.1" 200 22935
INFO 2025-11-02 16:45:49,605 basehttp "GET /static/js/dashboard/components.js HTTP/1.1" 200 28077
INFO 2025-11-02 16:45:49,617 basehttp "GET /static/css/dashboard/student.css HTTP/1.1" 200 8273
INFO 2025-11-02 16:45:49,845 basehttp "GET /dashboard/student/ HTTP/1.1" 200 77189
INFO 2025-11-02 16:45:50,951 views    Email: testuser.testeur@gmail.com
INFO 2025-11-02 16:45:50,952 views    Matricule: AP20250004
INFO 2025-11-02 16:45:51,022 views    - CAND2025 UOST0001: Sciences et Technologies - Licence 1
INFO 2025-11-02 16:45:51,024 basehttp "GET /payments/inscription/verifier-statut/ HTTP/1.1" 200 161
INFO 2025-11-02 16:45:51,262 basehttp "GET /payments/inscription/initier/ HTTP/1.1" 200 1170
INFO 2025-11-02 16:45:55,115 views Initiation inscription: candidature_id=879042c2-035c-4a1b-9917-345cc8330185, type=ECHELONNE
INFO 2025-11-02 16:45:55,136 views Inscription créée: INS2025UO00002 (statut: PENDING)
INFO 2025-11-02 16:45:55,142 views InscriptionPaiement créé: 6b56e67f-8631-4f39-a12d-cb6787d6b140
INFO 2025-11-02 16:45:55,148 views Paiement créé: PAY20251102164555D0F686
INFO 2025-11-02 16:45:55,167 basehttp "POST /payments/inscription/initier/ HTTP/1.1" 302 0
ERROR 2025-11-02 16:45:56,493 ligdicash Response content: 
<!DOCTYPE html>
<html>
<head>

<style type=text/css>

p {    color: #0ecc8a;    
font-weight: 900;   
font-size: 100px;    
font-family: Helvetica, Arial, sans-serif;   
 }

</style>
</head>

<body>

<center><p>404<br><br></p></center>

</body>
</html>            
            
INFO 2025-11-02 16:45:56,517 basehttp "GET /payments/ligdicash/payer/fcc5887a-69ce-420b-87cb-f87f9086064c/ HTTP/1.1" 302 0
INFO 2025-11-02 16:45:56,702 basehttp "GET /dashboard/student/ HTTP/1.1" 200 77204
INFO 2025-11-02 16:45:57,240 basehttp "GET /.well-known/appspecific/com.chrome.devtools.json HTTP/1.1" 302 0
INFO 2025-11-02 16:45:57,470 basehttp "GET /dashboard/student/ HTTP/1.1" 200 77204
INFO 2025-11-02 16:45:58,032 views    Email: testuser.testeur@gmail.com
INFO 2025-11-02 16:45:58,035 views    Matricule: AP20250004
INFO 2025-11-02 16:45:58,143 views    - CAND2025 UOST0001: Sciences et Technologies - Licence 1
INFO 2025-11-02 16:45:58,145 basehttp "GET /payments/inscription/verifier-statut/ HTTP/1.1" 200 161
INFO 2025-11-02 16:45:58,363 basehttp "GET /payments/inscription/initier/ HTTP/1.1" 200 1170
INFO 2025-11-02 17:22:22,667 autoreload E:\formis_app\_formis\apps\payments\services\ligdicash.py changed, reloading.
INFO 2025-11-02 17:22:25,194 autoreload Watching for file changes with StatReloader
INFO 2025-11-02 17:22:57,703 basehttp "GET /dashboard/student/ HTTP/1.1" 200 77189
INFO 2025-11-02 17:22:58,220 basehttp "GET /.well-known/appspecific/com.chrome.devtools.json HTTP/1.1" 302 0
INFO 2025-11-02 17:22:58,551 basehttp "GET /dashboard/student/ HTTP/1.1" 200 77189
INFO 2025-11-02 17:22:59,362 views    Email: testuser.testeur@gmail.com
INFO 2025-11-02 17:22:59,362 views    Matricule: AP20250004
INFO 2025-11-02 17:22:59,442 views    - CAND2025 UOST0001: Sciences et Technologies - Licence 1
INFO 2025-11-02 17:22:59,444 basehttp "GET /payments/inscription/verifier-statut/ HTTP/1.1" 200 161
INFO 2025-11-02 17:22:59,700 basehttp "GET /payments/inscription/initier/ HTTP/1.1" 200 1170
INFO 2025-11-02 17:23:03,100 views Initiation inscription: candidature_id=879042c2-035c-4a1b-9917-345cc8330185, type=ECHELONNE
INFO 2025-11-02 17:23:03,132 views Inscription créée: INS2025UO00002 (statut: PENDING)
INFO 2025-11-02 17:23:03,134 views InscriptionPaiement créé: 03448331-e181-4691-8830-5d69a30bdb77
INFO 2025-11-02 17:23:03,145 views Paiement créé: PAY20251102172303CD72BE
INFO 2025-11-02 17:23:03,159 basehttp "POST /payments/inscription/initier/ HTTP/1.1" 302 0
INFO 2025-11-02 17:23:03,367 basehttp "GET /payments/ligdicash/payer/23b0e516-d236-423b-afa4-a1799a27d750/ HTTP/1.1" 302 0
INFO 2025-11-02 17:23:03,544 basehttp "GET /dashboard/student/ HTTP/1.1" 200 77204
INFO 2025-11-02 17:23:04,148 basehttp "GET /.well-known/appspecific/com.chrome.devtools.json HTTP/1.1" 302 0
INFO 2025-11-02 17:23:04,393 basehttp "GET /dashboard/student/ HTTP/1.1" 200 77204
INFO 2025-11-02 17:23:05,022 views    Email: testuser.testeur@gmail.com
INFO 2025-11-02 17:23:05,023 views    Matricule: AP20250004
INFO 2025-11-02 17:23:05,090 views    - CAND2025 UOST0001: Sciences et Technologies - Licence 1
INFO 2025-11-02 17:23:05,092 basehttp "GET /payments/inscription/verifier-statut/ HTTP/1.1" 200 161
INFO 2025-11-02 17:23:05,404 basehttp "GET /payments/inscription/initier/ HTTP/1.1" 200 1170
INFO 2025-11-02 17:23:08,440 views Initiation inscription: candidature_id=879042c2-035c-4a1b-9917-345cc8330185, type=ECHELONNE
INFO 2025-11-02 17:23:08,469 views Inscription créée: INS2025UO00002 (statut: PENDING)
INFO 2025-11-02 17:23:08,471 views InscriptionPaiement créé: e2870f4d-12c4-4f4f-b269-d9518b31b09a
INFO 2025-11-02 17:23:08,476 views Paiement créé: PAY202511021723088DAE00
INFO 2025-11-02 17:23:08,491 basehttp "POST /payments/inscription/initier/ HTTP/1.1" 302 0
INFO 2025-11-02 17:23:08,727 basehttp "GET /payments/ligdicash/payer/502a8411-2ac9-4147-b3dd-5941448c9c62/ HTTP/1.1" 302 0
INFO 2025-11-02 17:23:08,938 basehttp "GET /dashboard/student/ HTTP/1.1" 200 77204
INFO 2025-11-02 17:23:09,475 basehttp "GET /.well-known/appspecific/com.chrome.devtools.json HTTP/1.1" 302 0
INFO 2025-11-02 17:23:09,702 basehttp "GET /dashboard/student/ HTTP/1.1" 200 77204
INFO 2025-11-02 17:23:10,297 views    Email: testuser.testeur@gmail.com
INFO 2025-11-02 17:23:10,297 views    Matricule: AP20250004
INFO 2025-11-02 17:23:10,397 views    - CAND2025 UOST0001: Sciences et Technologies - Licence 1
INFO 2025-11-02 17:23:10,399 basehttp "GET /payments/inscription/verifier-statut/ HTTP/1.1" 200 161
INFO 2025-11-02 17:23:10,597 basehttp "GET /payments/inscription/initier/ HTTP/1.1" 200 1170
INFO 2025-11-02 17:23:15,106 views Initiation inscription: candidature_id=879042c2-035c-4a1b-9917-345cc8330185, type=ECHELONNE
INFO 2025-11-02 17:23:15,131 views Inscription créée: INS2025UO00002 (statut: PENDING)
INFO 2025-11-02 17:23:15,133 views InscriptionPaiement créé: 734a9b77-49a9-4852-8d27-289f7175ec23
INFO 2025-11-02 17:23:15,138 views Paiement créé: PAY20251102172315E76C11
INFO 2025-11-02 17:23:15,154 basehttp "POST /payments/inscription/initier/ HTTP/1.1" 302 0
INFO 2025-11-02 17:23:15,325 basehttp "GET /payments/ligdicash/payer/ff3aac36-b2c7-4cee-8845-47f42107cf04/ HTTP/1.1" 302 0
INFO 2025-11-02 17:23:15,496 basehttp "GET /dashboard/student/ HTTP/1.1" 200 77204
INFO 2025-11-02 17:23:16,088 basehttp "GET /.well-known/appspecific/com.chrome.devtools.json HTTP/1.1" 302 0
INFO 2025-11-02 17:23:16,338 basehttp "GET /dashboard/student/ HTTP/1.1" 200 77204
INFO 2025-11-02 17:23:16,991 views    Email: testuser.testeur@gmail.com
INFO 2025-11-02 17:23:16,992 views    Matricule: AP20250004
INFO 2025-11-02 17:23:17,053 views    - CAND2025 UOST0001: Sciences et Technologies - Licence 1
INFO 2025-11-02 17:23:17,055 basehttp "GET /payments/inscription/verifier-statut/ HTTP/1.1" 200 161
INFO 2025-11-02 17:23:17,236 basehttp "GET /payments/inscription/initier/ HTTP/1.1" 200 1170
INFO 2025-11-02 22:03:57,961 autoreload E:\formis_app\_formis\apps\payments\services\ligdicash.py changed, reloading.
INFO 2025-11-02 22:04:01,849 autoreload Watching for file changes with StatReloader
INFO 2025-11-02 22:08:28,549 autoreload E:\formis_app\_formis\apps\enrollment\managers.py changed, reloading.
INFO 2025-11-02 22:08:29,787 autoreload Watching for file changes with StatReloader
INFO 2025-11-02 22:44:43,297 basehttp "GET /dashboard/admin/department_heads/ HTTP/1.1" 200 57902
INFO 2025-11-02 22:44:48,556 basehttp "GET /dashboard/admin/users/ HTTP/1.1" 200 93598
INFO 2025-11-02 22:44:55,007 basehttp "GET /dashboard/admin/students/ HTTP/1.1" 200 86402
INFO 2025-11-02 22:45:00,270 basehttp "GET /dashboard/admin/candidatures/ HTTP/1.1" 200 70668
INFO 2025-11-02 22:45:15,180 basehttp "GET / HTTP/1.1" 200 22535
WARNING 2025-11-02 22:45:15,873 log Not Found: /.well-known/appspecific/com.chrome.devtools.json
WARNING 2025-11-02 22:45:15,878 basehttp "GET /.well-known/appspecific/com.chrome.devtools.json HTTP/1.1" 404 4132
INFO 2025-11-02 22:45:46,168 basehttp "GET /dashboard/department_head/ HTTP/1.1" 200 51837
INFO 2025-11-02 22:48:19,068 autoreload E:\formis_app\_formis\apps\enrollment\models.py changed, reloading.
INFO 2025-11-02 22:48:24,747 autoreload Watching for file changes with StatReloader
INFO 2025-11-02 22:50:37,737 autoreload E:\formis_app\_formis\apps\enrollment\models.py changed, reloading.
INFO 2025-11-02 22:50:41,286 autoreload Watching for file changes with StatReloader
INFO 2025-11-02 22:50:51,823 autoreload E:\formis_app\_formis\apps\enrollment\models.py changed, reloading.
INFO 2025-11-02 22:50:54,635 autoreload Watching for file changes with StatReloader
INFO 2025-11-02 22:51:11,056 autoreload E:\formis_app\_formis\apps\enrollment\models.py changed, reloading.
INFO 2025-11-02 22:51:12,829 autoreload Watching for file changes with StatReloader
INFO 2025-11-02 22:54:09,675 autoreload E:\formis_app\_formis\apps\enrollment\managers.py changed, reloading.
INFO 2025-11-02 22:54:11,543 autoreload Watching for file changes with StatReloader
INFO 2025-11-02 22:54:25,576 autoreload E:\formis_app\_formis\apps\enrollment\managers.py changed, reloading.
INFO 2025-11-02 22:54:27,645 autoreload Watching for file changes with StatReloader
INFO 2025-11-02 22:55:11,214 autoreload E:\formis_app\_formis\apps\enrollment\managers.py changed, reloading.
INFO 2025-11-02 22:55:13,281 autoreload Watching for file changes with StatReloader
INFO 2025-11-02 22:57:24,907 autoreload E:\formis_app\_formis\apps\enrollment\managers.py changed, reloading.
INFO 2025-11-02 22:57:26,753 autoreload Watching for file changes with StatReloader
INFO 2025-11-02 22:57:34,282 autoreload E:\formis_app\_formis\apps\enrollment\managers.py changed, reloading.
INFO 2025-11-02 22:57:36,101 autoreload Watching for file changes with StatReloader
INFO 2025-11-02 22:59:13,380 autoreload E:\formis_app\_formis\apps\enrollment\views.py changed, reloading.
INFO 2025-11-02 22:59:17,925 autoreload Watching for file changes with StatReloader
INFO 2025-11-02 23:00:03,296 autoreload E:\formis_app\_formis\apps\enrollment\views.py changed, reloading.
INFO 2025-11-02 23:00:06,505 autoreload Watching for file changes with StatReloader
INFO 2025-11-02 23:01:07,542 autoreload E:\formis_app\_formis\apps\enrollment\views.py changed, reloading.
INFO 2025-11-02 23:01:13,929 autoreload Watching for file changes with StatReloader
INFO 2025-11-02 23:02:44,698 autoreload E:\formis_app\_formis\apps\enrollment\views.py changed, reloading.
INFO 2025-11-02 23:02:49,330 autoreload Watching for file changes with StatReloader
INFO 2025-11-02 23:17:40,586 autoreload E:\formis_app\_formis\apps\enrollment\views.py changed, reloading.
INFO 2025-11-02 23:17:43,663 autoreload Watching for file changes with StatReloader
INFO 2025-11-02 23:19:43,173 autoreload E:\formis_app\_formis\apps\enrollment\views.py changed, reloading.
INFO 2025-11-02 23:19:47,458 autoreload Watching for file changes with StatReloader
INFO 2025-11-02 23:25:53,982 autoreload E:\formis_app\_formis\apps\enrollment\views.py changed, reloading.
INFO 2025-11-02 23:25:58,107 autoreload Watching for file changes with StatReloader
INFO 2025-11-02 23:26:24,716 autoreload E:\formis_app\_formis\apps\enrollment\views.py changed, reloading.
INFO 2025-11-02 23:26:25,859 autoreload Watching for file changes with StatReloader
INFO 2025-11-02 23:26:41,190 autoreload E:\formis_app\_formis\apps\enrollment\views.py changed, reloading.
INFO 2025-11-02 23:26:44,329 autoreload Watching for file changes with StatReloader
INFO 2025-11-02 23:27:33,355 autoreload E:\formis_app\_formis\apps\enrollment\views.py changed, reloading.
INFO 2025-11-02 23:27:35,116 autoreload Watching for file changes with StatReloader
INFO 2025-11-02 23:27:44,623 autoreload E:\formis_app\_formis\apps\enrollment\views.py changed, reloading.
INFO 2025-11-02 23:27:47,181 autoreload Watching for file changes with StatReloader
INFO 2025-11-02 23:28:04,975 autoreload E:\formis_app\_formis\apps\enrollment\views.py changed, reloading.
INFO 2025-11-02 23:28:07,950 autoreload Watching for file changes with StatReloader
INFO 2025-11-02 23:32:35,485 autoreload E:\formis_app\_formis\apps\enrollment\urls.py changed, reloading.
INFO 2025-11-02 23:32:36,943 autoreload Watching for file changes with StatReloader
INFO 2025-11-02 23:33:29,037 autoreload E:\formis_app\_formis\apps\payments\urls.py changed, reloading.
INFO 2025-11-02 23:33:31,819 autoreload Watching for file changes with StatReloader
INFO 2025-11-02 23:35:18,542 autoreload E:\formis_app\_formis\apps\payments\urls.py changed, reloading.
INFO 2025-11-02 23:35:20,089 autoreload Watching for file changes with StatReloader
INFO 2025-11-02 23:36:16,248 basehttp "GET /enrollment/candidature/nouvelle/ HTTP/1.1" 200 65344
INFO 2025-11-02 23:36:16,990 basehttp "GET /establishments/api/public/etablissements/ HTTP/1.1" 200 386
INFO 2025-11-02 23:36:17,025 basehttp "GET /establishments/api/public/annees-academiques/ HTTP/1.1" 200 188
INFO 2025-11-02 23:52:46,270 autoreload E:\formis_app\_formis\apps\payments\views.py changed, reloading.
INFO 2025-11-02 23:52:48,170 autoreload Watching for file changes with StatReloader
INFO 2025-11-02 23:53:17,395 autoreload E:\formis_app\_formis\apps\payments\views.py changed, reloading.
INFO 2025-11-02 23:53:19,160 autoreload Watching for file changes with StatReloader
INFO 2025-11-02 23:54:38,450 autoreload E:\formis_app\_formis\apps\payments\views.py changed, reloading.
INFO 2025-11-02 23:54:42,066 autoreload Watching for file changes with StatReloader
INFO 2025-11-02 23:55:46,187 autoreload E:\formis_app\_formis\apps\payments\views.py changed, reloading.
INFO 2025-11-02 23:55:48,129 autoreload Watching for file changes with StatReloader
INFO 2025-11-02 23:55:56,506 autoreload E:\formis_app\_formis\apps\payments\views.py changed, reloading.
INFO 2025-11-02 23:55:59,581 autoreload Watching for file changes with StatReloader
INFO 2025-11-02 23:58:37,544 basehttp "GET /enrollment/candidature/nouvelle/ HTTP/1.1" 200 65344
INFO 2025-11-02 23:58:38,072 basehttp "GET /establishments/api/public/annees-academiques/ HTTP/1.1" 200 188
INFO 2025-11-02 23:58:38,094 basehttp "GET /establishments/api/public/etablissements/ HTTP/1.1" 200 386
INFO 2025-11-03 00:00:02,105 basehttp "GET /enrollment/candidature/nouvelle/ HTTP/1.1" 200 65344
INFO 2025-11-03 00:00:02,665 basehttp "GET /establishments/api/public/annees-academiques/ HTTP/1.1" 200 188
INFO 2025-11-03 00:00:02,751 basehttp "GET /establishments/api/public/etablissements/ HTTP/1.1" 200 386
INFO 2025-11-03 00:03:04,328 basehttp "GET /academic/api/public/departements/66b3697d-1eeb-4fe5-8c28-91b9caf2b84f/ HTTP/1.1" 200 1712
INFO 2025-11-03 00:03:10,450 basehttp "GET /academic/api/public/filieres/075af644-72bd-4d54-b30f-e96a3b5defbe/ HTTP/1.1" 200 1086
INFO 2025-11-03 00:03:13,598 basehttp "GET /academic/api/public/niveaux/faa8d711-8867-4445-b270-e2170bfa96f7/ HTTP/1.1" 200 924
INFO 2025-11-03 00:03:13,730 basehttp "GET /enrollment/api/public/documents-requis/filiere/faa8d711-8867-4445-b270-e2170bfa96f7/ HTTP/1.1" 200 171
INFO 2025-11-03 00:19:20,563 views Début traitement candidature AJAX
INFO 2025-11-03 00:19:26,288 views Email de confirmation envoyé à testuser.testeur@gmail.com
INFO 2025-11-03 00:19:26,293 views Candidature créée et soumise: CAND2025 UOST0001
INFO 2025-11-03 00:19:26,406 basehttp "POST /enrollment/candidature/nouvelle/ HTTP/1.1" 200 272
INFO 2025-11-03 00:19:29,173 basehttp "GET /enrollment/candidature/success/?numero=CAND2025%20UOST0001 HTTP/1.1" 200 10748
INFO 2025-11-03 00:20:29,900 basehttp "GET /dashboard/department_head/candidatures/ HTTP/1.1" 200 93447
INFO 2025-11-03 00:20:41,699 views Examen démarré pour candidature CAND2025 UOST0001 par Frankenstein
INFO 2025-11-03 00:20:41,703 basehttp "POST /enrollment/candidature/95ba4cd1-d4fa-4777-a880-0a4d22b329a1/start-exam/ HTTP/1.1" 200 73
INFO 2025-11-03 00:20:44,036 basehttp "GET /dashboard/department_head/candidatures/ HTTP/1.1" 200 93466
INFO 2025-11-03 00:20:48,232 basehttp "GET /enrollment/candidature/95ba4cd1-d4fa-4777-a880-0a4d22b329a1/documents-ajax/ HTTP/1.1" 200 46
INFO 2025-11-03 00:20:50,723 basehttp "GET /enrollment/candidature/95ba4cd1-d4fa-4777-a880-0a4d22b329a1/details-ajax/ HTTP/1.1" 200 750
INFO 2025-11-03 00:21:05,031 managers Email de création de compte envoyé avec succès à testuser.testeur@gmail.com (Matricule: AP20250004, Rôle: APPRENANT)
INFO 2025-11-03 00:21:05,049 signals Compte existant pour testuser.testeur@gmail.com, pas de création
INFO 2025-11-03 00:21:08,237 views Compte existe déjà pour testuser.testeur@gmail.com
INFO 2025-11-03 00:21:08,244 basehttp "POST /enrollment/candidature/95ba4cd1-d4fa-4777-a880-0a4d22b329a1/evaluer/ HTTP/1.1" 200 139
INFO 2025-11-03 00:21:11,942 basehttp "GET /dashboard/department_head/candidatures/ HTTP/1.1" 200 93142
ERROR 2025-11-03 00:22:17,691 log Internal Server Error: /enrollment/inscription/nouvelle/EOqWmZfQcPW0a91hLrcUBWdx397ja4uJMP9SkZg3-Aw/
Traceback (most recent call last):
  File "E:\formis_app\.env\Lib\site-packages\django\template\backends\django.py", line 107, in render
    return self.template.render(context)
           ^^^^^^^^^^^^^^^^^^^^^^^^^^^^^
  File "E:\formis_app\.env\Lib\site-packages\django\template\base.py", line 171, in render
    return self._render(context)
           ^^^^^^^^^^^^^^^^^^^^^
  File "E:\formis_app\.env\Lib\site-packages\django\template\base.py", line 163, in _render
    return self.nodelist.render(context)
           ^^^^^^^^^^^^^^^^^^^^^^^^^^^^^
  File "E:\formis_app\.env\Lib\site-packages\django\template\base.py", line 1016, in render
    return SafeString("".join([node.render_annotated(context) for node in self]))
                               ^^^^^^^^^^^^^^^^^^^^^^^^^^^^^^
  File "E:\formis_app\.env\Lib\site-packages\django\template\base.py", line 977, in render_annotated
    return self.render(context)
           ^^^^^^^^^^^^^^^^^^^^
  File "E:\formis_app\.env\Lib\site-packages\django\template\loader_tags.py", line 134, in render
    compiled_parent = self.get_parent(context)
                      ^^^^^^^^^^^^^^^^^^^^^^^^
  File "E:\formis_app\.env\Lib\site-packages\django\template\loader_tags.py", line 131, in get_parent
    return self.find_template(parent, context)
           ^^^^^^^^^^^^^^^^^^^^^^^^^^^^^^^^^^^
  File "E:\formis_app\.env\Lib\site-packages\django\template\loader_tags.py", line 109, in find_template
    template, origin = context.template.engine.find_template(
                       ^^^^^^^^^^^^^^^^^^^^^^^^^^^^^^^^^^^^^^
  File "E:\formis_app\.env\Lib\site-packages\django\template\engine.py", line 163, in find_template
    raise TemplateDoesNotExist(name, tried=tried)
django.template.exceptions.TemplateDoesNotExist: base.html

The above exception was the direct cause of the following exception:

Traceback (most recent call last):
  File "E:\formis_app\.env\Lib\site-packages\django\core\handlers\exception.py", line 55, in inner
    response = get_response(request)
               ^^^^^^^^^^^^^^^^^^^^^
  File "E:\formis_app\.env\Lib\site-packages\django\core\handlers\base.py", line 197, in _get_response
    response = wrapped_callback(request, *callback_args, **callback_kwargs)
               ^^^^^^^^^^^^^^^^^^^^^^^^^^^^^^^^^^^^^^^^^^^^^^^^^^^^^^^^^^^^
  File "E:\formis_app\.env\Lib\site-packages\django\views\generic\base.py", line 105, in view
    return self.dispatch(request, *args, **kwargs)
           ^^^^^^^^^^^^^^^^^^^^^^^^^^^^^^^^^^^^^^^
  File "E:\formis_app\.env\Lib\site-packages\django\views\generic\base.py", line 144, in dispatch
    return handler(request, *args, **kwargs)
           ^^^^^^^^^^^^^^^^^^^^^^^^^^^^^^^^^
  File "E:\formis_app\_formis\apps\enrollment\views.py", line 1009, in get
    return render(request, self.template_name, context)
           ^^^^^^^^^^^^^^^^^^^^^^^^^^^^^^^^^^^^^^^^^^^^
  File "E:\formis_app\.env\Lib\site-packages\django\shortcuts.py", line 25, in render
    content = loader.render_to_string(template_name, context, request, using=using)
              ^^^^^^^^^^^^^^^^^^^^^^^^^^^^^^^^^^^^^^^^^^^^^^^^^^^^^^^^^^^^^^^^^^^^^
  File "E:\formis_app\.env\Lib\site-packages\django\template\loader.py", line 62, in render_to_string
    return template.render(context, request)
           ^^^^^^^^^^^^^^^^^^^^^^^^^^^^^^^^^
  File "E:\formis_app\.env\Lib\site-packages\django\template\backends\django.py", line 109, in render
    reraise(exc, self.backend)
  File "E:\formis_app\.env\Lib\site-packages\django\template\backends\django.py", line 130, in reraise
    raise new from exc
django.template.exceptions.TemplateDoesNotExist: base.html
ERROR 2025-11-03 00:22:17,705 basehttp "GET /enrollment/inscription/nouvelle/EOqWmZfQcPW0a91hLrcUBWdx397ja4uJMP9SkZg3-Aw/ HTTP/1.1" 500 165024
WARNING 2025-11-03 00:22:20,704 log Not Found: /favicon.ico
WARNING 2025-11-03 00:22:20,705 basehttp "GET /favicon.ico HTTP/1.1" 404 4021
INFO 2025-11-03 00:25:49,646 basehttp "GET /enrollment/inscription/nouvelle/EOqWmZfQcPW0a91hLrcUBWdx397ja4uJMP9SkZg3-Aw/ HTTP/1.1" 200 45496
INFO 2025-11-03 00:25:50,646 basehttp "GET /static/css/dashboard/dashboard.css HTTP/1.1" 200 19647
INFO 2025-11-03 00:25:50,706 basehttp "GET /static/js/dashboard/dashboard.js HTTP/1.1" 200 22935
INFO 2025-11-03 00:25:50,777 basehttp "GET /static/js/dashboard/components.js HTTP/1.1" 200 28077
INFO 2025-11-03 00:25:50,984 basehttp "GET /media/profils/IMG_20211223_151546_741.jpg HTTP/1.1" 200 2749121
INFO 2025-11-03 00:26:06,001 basehttp "GET /enrollment/inscription/nouvelle/EOqWmZfQcPW0a91hLrcUBWdx397ja4uJMP9SkZg3-Aw/ HTTP/1.1" 200 7417
ERROR 2025-11-03 00:26:20,471 views Erreur création inscription/paiement: ERREUR:  une valeur NULL viole la contrainte NOT NULL de la colonne « apprenant_id » dans la relation « enrollment_inscription »
DETAIL:  La ligne en échec contient (2025-11-03 00:26:20.459668+00, 2025-11-03 00:26:20.459668+00, 2ffe51bc-0a36-4022-bebe-73fb03c9fd8a, INS2025UO00002, 2025-11-03, PENDING, 2025-11-03, 2026-07-31, null, 300.00, PENDING, 0.00, 300.00, null, null, 95ba4cd1-d4fa-4777-a880-0a4d22b329a1, null, null).
Traceback (most recent call last):
  File "E:\formis_app\.env\Lib\site-packages\django\db\backends\utils.py", line 105, in _execute
    return self.cursor.execute(sql, params)
           ^^^^^^^^^^^^^^^^^^^^^^^^^^^^^^^^
psycopg2.errors.NotNullViolation: ERREUR:  une valeur NULL viole la contrainte NOT NULL de la colonne « apprenant_id » dans la relation « enrollment_inscription »
DETAIL:  La ligne en échec contient (2025-11-03 00:26:20.459668+00, 2025-11-03 00:26:20.459668+00, 2ffe51bc-0a36-4022-bebe-73fb03c9fd8a, INS2025UO00002, 2025-11-03, PENDING, 2025-11-03, 2026-07-31, null, 300.00, PENDING, 0.00, 300.00, null, null, 95ba4cd1-d4fa-4777-a880-0a4d22b329a1, null, null).


The above exception was the direct cause of the following exception:

Traceback (most recent call last):
  File "E:\formis_app\_formis\apps\enrollment\views.py", line 1052, in post
    inscription = Inscription.objects.create(
                  ^^^^^^^^^^^^^^^^^^^^^^^^^^^
  File "E:\formis_app\.env\Lib\site-packages\django\db\models\manager.py", line 87, in manager_method
    return getattr(self.get_queryset(), name)(*args, **kwargs)
           ^^^^^^^^^^^^^^^^^^^^^^^^^^^^^^^^^^^^^^^^^^^^^^^^^^^
  File "E:\formis_app\.env\Lib\site-packages\django\db\models\query.py", line 663, in create
    obj.save(force_insert=True, using=self.db)
  File "E:\formis_app\_formis\apps\enrollment\models.py", line 539, in save
    super().save(*args, **kwargs)
  File "E:\formis_app\.env\Lib\site-packages\django\db\models\base.py", line 902, in save
    self.save_base(
  File "E:\formis_app\.env\Lib\site-packages\django\db\models\base.py", line 1008, in save_base
    updated = self._save_table(
              ^^^^^^^^^^^^^^^^^
  File "E:\formis_app\.env\Lib\site-packages\django\db\models\base.py", line 1169, in _save_table
    results = self._do_insert(
              ^^^^^^^^^^^^^^^^
  File "E:\formis_app\.env\Lib\site-packages\django\db\models\base.py", line 1210, in _do_insert
    return manager._insert(
           ^^^^^^^^^^^^^^^^
  File "E:\formis_app\.env\Lib\site-packages\django\db\models\manager.py", line 87, in manager_method
    return getattr(self.get_queryset(), name)(*args, **kwargs)
           ^^^^^^^^^^^^^^^^^^^^^^^^^^^^^^^^^^^^^^^^^^^^^^^^^^^
  File "E:\formis_app\.env\Lib\site-packages\django\db\models\query.py", line 1868, in _insert
    return query.get_compiler(using=using).execute_sql(returning_fields)
           ^^^^^^^^^^^^^^^^^^^^^^^^^^^^^^^^^^^^^^^^^^^^^^^^^^^^^^^^^^^^^
  File "E:\formis_app\.env\Lib\site-packages\django\db\models\sql\compiler.py", line 1882, in execute_sql
    cursor.execute(sql, params)
  File "E:\formis_app\.env\Lib\site-packages\django\db\backends\utils.py", line 122, in execute
    return super().execute(sql, params)
           ^^^^^^^^^^^^^^^^^^^^^^^^^^^^
  File "E:\formis_app\.env\Lib\site-packages\django\db\backends\utils.py", line 79, in execute
    return self._execute_with_wrappers(
           ^^^^^^^^^^^^^^^^^^^^^^^^^^^^
  File "E:\formis_app\.env\Lib\site-packages\django\db\backends\utils.py", line 92, in _execute_with_wrappers
    return executor(sql, params, many, context)
           ^^^^^^^^^^^^^^^^^^^^^^^^^^^^^^^^^^^^
  File "E:\formis_app\.env\Lib\site-packages\django\db\backends\utils.py", line 100, in _execute
    with self.db.wrap_database_errors:
  File "E:\formis_app\.env\Lib\site-packages\django\db\utils.py", line 91, in __exit__
    raise dj_exc_value.with_traceback(traceback) from exc_value
  File "E:\formis_app\.env\Lib\site-packages\django\db\backends\utils.py", line 105, in _execute
    return self.cursor.execute(sql, params)
           ^^^^^^^^^^^^^^^^^^^^^^^^^^^^^^^^
django.db.utils.IntegrityError: ERREUR:  une valeur NULL viole la contrainte NOT NULL de la colonne « apprenant_id » dans la relation « enrollment_inscription »
DETAIL:  La ligne en échec contient (2025-11-03 00:26:20.459668+00, 2025-11-03 00:26:20.459668+00, 2ffe51bc-0a36-4022-bebe-73fb03c9fd8a, INS2025UO00002, 2025-11-03, PENDING, 2025-11-03, 2026-07-31, null, 300.00, PENDING, 0.00, 300.00, null, null, 95ba4cd1-d4fa-4777-a880-0a4d22b329a1, null, null).

ERROR 2025-11-03 00:26:20,550 log Internal Server Error: /enrollment/inscription/nouvelle/EOqWmZfQcPW0a91hLrcUBWdx397ja4uJMP9SkZg3-Aw/
ERROR 2025-11-03 00:26:20,551 basehttp "POST /enrollment/inscription/nouvelle/EOqWmZfQcPW0a91hLrcUBWdx397ja4uJMP9SkZg3-Aw/ HTTP/1.1" 500 495
INFO 2025-11-03 00:45:36,570 autoreload E:\formis_app\_formis\apps\enrollment\views.py changed, reloading.
INFO 2025-11-03 00:45:44,247 autoreload Watching for file changes with StatReloader
INFO 2025-11-03 00:46:52,184 basehttp "GET /enrollment/inscription/nouvelle/EOqWmZfQcPW0a91hLrcUBWdx397ja4uJMP9SkZg3-Aw/ HTTP/1.1" 200 7417
ERROR 2025-11-03 00:46:59,521 views Erreur création inscription/paiement: ERREUR:  une valeur NULL viole la contrainte NOT NULL de la colonne « apprenant_id » dans la relation « enrollment_inscription »
DETAIL:  La ligne en échec contient (2025-11-03 00:46:59.515254+00, 2025-11-03 00:46:59.515254+00, be381dc4-ec18-42f3-8842-ee25945a6cfc, INS2025UO00002, 2025-11-03, PENDING, 2025-11-03, 2026-07-31, null, 300.00, PENDING, 0.00, 300.00, null, null, 95ba4cd1-d4fa-4777-a880-0a4d22b329a1, null, null).
Traceback (most recent call last):
  File "E:\formis_app\.env\Lib\site-packages\django\db\backends\utils.py", line 105, in _execute
    return self.cursor.execute(sql, params)
           ^^^^^^^^^^^^^^^^^^^^^^^^^^^^^^^^
psycopg2.errors.NotNullViolation: ERREUR:  une valeur NULL viole la contrainte NOT NULL de la colonne « apprenant_id » dans la relation « enrollment_inscription »
DETAIL:  La ligne en échec contient (2025-11-03 00:46:59.515254+00, 2025-11-03 00:46:59.515254+00, be381dc4-ec18-42f3-8842-ee25945a6cfc, INS2025UO00002, 2025-11-03, PENDING, 2025-11-03, 2026-07-31, null, 300.00, PENDING, 0.00, 300.00, null, null, 95ba4cd1-d4fa-4777-a880-0a4d22b329a1, null, null).


The above exception was the direct cause of the following exception:

Traceback (most recent call last):
  File "E:\formis_app\_formis\apps\enrollment\views.py", line 1035, in post
    inscription = Inscription.objects.create(
                  ^^^^^^^^^^^^^^^^^^^^^^^^^^^
  File "E:\formis_app\.env\Lib\site-packages\django\db\models\manager.py", line 87, in manager_method
    return getattr(self.get_queryset(), name)(*args, **kwargs)
           ^^^^^^^^^^^^^^^^^^^^^^^^^^^^^^^^^^^^^^^^^^^^^^^^^^^
  File "E:\formis_app\.env\Lib\site-packages\django\db\models\query.py", line 663, in create
    obj.save(force_insert=True, using=self.db)
  File "E:\formis_app\_formis\apps\enrollment\models.py", line 539, in save
    super().save(*args, **kwargs)
  File "E:\formis_app\.env\Lib\site-packages\django\db\models\base.py", line 902, in save
    self.save_base(
  File "E:\formis_app\.env\Lib\site-packages\django\db\models\base.py", line 1008, in save_base
    updated = self._save_table(
              ^^^^^^^^^^^^^^^^^
  File "E:\formis_app\.env\Lib\site-packages\django\db\models\base.py", line 1169, in _save_table
    results = self._do_insert(
              ^^^^^^^^^^^^^^^^
  File "E:\formis_app\.env\Lib\site-packages\django\db\models\base.py", line 1210, in _do_insert
    return manager._insert(
           ^^^^^^^^^^^^^^^^
  File "E:\formis_app\.env\Lib\site-packages\django\db\models\manager.py", line 87, in manager_method
    return getattr(self.get_queryset(), name)(*args, **kwargs)
           ^^^^^^^^^^^^^^^^^^^^^^^^^^^^^^^^^^^^^^^^^^^^^^^^^^^
  File "E:\formis_app\.env\Lib\site-packages\django\db\models\query.py", line 1868, in _insert
    return query.get_compiler(using=using).execute_sql(returning_fields)
           ^^^^^^^^^^^^^^^^^^^^^^^^^^^^^^^^^^^^^^^^^^^^^^^^^^^^^^^^^^^^^
  File "E:\formis_app\.env\Lib\site-packages\django\db\models\sql\compiler.py", line 1882, in execute_sql
    cursor.execute(sql, params)
  File "E:\formis_app\.env\Lib\site-packages\django\db\backends\utils.py", line 122, in execute
    return super().execute(sql, params)
           ^^^^^^^^^^^^^^^^^^^^^^^^^^^^
  File "E:\formis_app\.env\Lib\site-packages\django\db\backends\utils.py", line 79, in execute
    return self._execute_with_wrappers(
           ^^^^^^^^^^^^^^^^^^^^^^^^^^^^
  File "E:\formis_app\.env\Lib\site-packages\django\db\backends\utils.py", line 92, in _execute_with_wrappers
    return executor(sql, params, many, context)
           ^^^^^^^^^^^^^^^^^^^^^^^^^^^^^^^^^^^^
  File "E:\formis_app\.env\Lib\site-packages\django\db\backends\utils.py", line 100, in _execute
    with self.db.wrap_database_errors:
  File "E:\formis_app\.env\Lib\site-packages\django\db\utils.py", line 91, in __exit__
    raise dj_exc_value.with_traceback(traceback) from exc_value
  File "E:\formis_app\.env\Lib\site-packages\django\db\backends\utils.py", line 105, in _execute
    return self.cursor.execute(sql, params)
           ^^^^^^^^^^^^^^^^^^^^^^^^^^^^^^^^
django.db.utils.IntegrityError: ERREUR:  une valeur NULL viole la contrainte NOT NULL de la colonne « apprenant_id » dans la relation « enrollment_inscription »
DETAIL:  La ligne en échec contient (2025-11-03 00:46:59.515254+00, 2025-11-03 00:46:59.515254+00, be381dc4-ec18-42f3-8842-ee25945a6cfc, INS2025UO00002, 2025-11-03, PENDING, 2025-11-03, 2026-07-31, null, 300.00, PENDING, 0.00, 300.00, null, null, 95ba4cd1-d4fa-4777-a880-0a4d22b329a1, null, null).

ERROR 2025-11-03 00:46:59,589 log Internal Server Error: /enrollment/inscription/nouvelle/EOqWmZfQcPW0a91hLrcUBWdx397ja4uJMP9SkZg3-Aw/
ERROR 2025-11-03 00:46:59,591 basehttp "POST /enrollment/inscription/nouvelle/EOqWmZfQcPW0a91hLrcUBWdx397ja4uJMP9SkZg3-Aw/ HTTP/1.1" 500 495
WARNING 2025-11-03 00:47:15,669 log Not Found: /.well-known/appspecific/com.chrome.devtools.json
WARNING 2025-11-03 00:47:15,673 basehttp "GET /.well-known/appspecific/com.chrome.devtools.json HTTP/1.1" 404 4132
ERROR 2025-11-03 00:47:25,849 views Erreur création inscription/paiement: ERREUR:  une valeur NULL viole la contrainte NOT NULL de la colonne « apprenant_id » dans la relation « enrollment_inscription »
DETAIL:  La ligne en échec contient (2025-11-03 00:47:25.846515+00, 2025-11-03 00:47:25.846515+00, 5f033f64-557a-4e71-9704-8cc362628c48, INS2025UO00002, 2025-11-03, PENDING, 2025-11-03, 2026-07-31, null, 300.00, PENDING, 0.00, 300.00, null, null, 95ba4cd1-d4fa-4777-a880-0a4d22b329a1, null, null).
Traceback (most recent call last):
  File "E:\formis_app\.env\Lib\site-packages\django\db\backends\utils.py", line 105, in _execute
    return self.cursor.execute(sql, params)
           ^^^^^^^^^^^^^^^^^^^^^^^^^^^^^^^^
psycopg2.errors.NotNullViolation: ERREUR:  une valeur NULL viole la contrainte NOT NULL de la colonne « apprenant_id » dans la relation « enrollment_inscription »
DETAIL:  La ligne en échec contient (2025-11-03 00:47:25.846515+00, 2025-11-03 00:47:25.846515+00, 5f033f64-557a-4e71-9704-8cc362628c48, INS2025UO00002, 2025-11-03, PENDING, 2025-11-03, 2026-07-31, null, 300.00, PENDING, 0.00, 300.00, null, null, 95ba4cd1-d4fa-4777-a880-0a4d22b329a1, null, null).


The above exception was the direct cause of the following exception:

Traceback (most recent call last):
  File "E:\formis_app\_formis\apps\enrollment\views.py", line 1035, in post
    inscription = Inscription.objects.create(
                  ^^^^^^^^^^^^^^^^^^^^^^^^^^^
  File "E:\formis_app\.env\Lib\site-packages\django\db\models\manager.py", line 87, in manager_method
    return getattr(self.get_queryset(), name)(*args, **kwargs)
           ^^^^^^^^^^^^^^^^^^^^^^^^^^^^^^^^^^^^^^^^^^^^^^^^^^^
  File "E:\formis_app\.env\Lib\site-packages\django\db\models\query.py", line 663, in create
    obj.save(force_insert=True, using=self.db)
  File "E:\formis_app\_formis\apps\enrollment\models.py", line 539, in save
    super().save(*args, **kwargs)
  File "E:\formis_app\.env\Lib\site-packages\django\db\models\base.py", line 902, in save
    self.save_base(
  File "E:\formis_app\.env\Lib\site-packages\django\db\models\base.py", line 1008, in save_base
    updated = self._save_table(
              ^^^^^^^^^^^^^^^^^
  File "E:\formis_app\.env\Lib\site-packages\django\db\models\base.py", line 1169, in _save_table
    results = self._do_insert(
              ^^^^^^^^^^^^^^^^
  File "E:\formis_app\.env\Lib\site-packages\django\db\models\base.py", line 1210, in _do_insert
    return manager._insert(
           ^^^^^^^^^^^^^^^^
  File "E:\formis_app\.env\Lib\site-packages\django\db\models\manager.py", line 87, in manager_method
    return getattr(self.get_queryset(), name)(*args, **kwargs)
           ^^^^^^^^^^^^^^^^^^^^^^^^^^^^^^^^^^^^^^^^^^^^^^^^^^^
  File "E:\formis_app\.env\Lib\site-packages\django\db\models\query.py", line 1868, in _insert
    return query.get_compiler(using=using).execute_sql(returning_fields)
           ^^^^^^^^^^^^^^^^^^^^^^^^^^^^^^^^^^^^^^^^^^^^^^^^^^^^^^^^^^^^^
  File "E:\formis_app\.env\Lib\site-packages\django\db\models\sql\compiler.py", line 1882, in execute_sql
    cursor.execute(sql, params)
  File "E:\formis_app\.env\Lib\site-packages\django\db\backends\utils.py", line 122, in execute
    return super().execute(sql, params)
           ^^^^^^^^^^^^^^^^^^^^^^^^^^^^
  File "E:\formis_app\.env\Lib\site-packages\django\db\backends\utils.py", line 79, in execute
    return self._execute_with_wrappers(
           ^^^^^^^^^^^^^^^^^^^^^^^^^^^^
  File "E:\formis_app\.env\Lib\site-packages\django\db\backends\utils.py", line 92, in _execute_with_wrappers
    return executor(sql, params, many, context)
           ^^^^^^^^^^^^^^^^^^^^^^^^^^^^^^^^^^^^
  File "E:\formis_app\.env\Lib\site-packages\django\db\backends\utils.py", line 100, in _execute
    with self.db.wrap_database_errors:
  File "E:\formis_app\.env\Lib\site-packages\django\db\utils.py", line 91, in __exit__
    raise dj_exc_value.with_traceback(traceback) from exc_value
  File "E:\formis_app\.env\Lib\site-packages\django\db\backends\utils.py", line 105, in _execute
    return self.cursor.execute(sql, params)
           ^^^^^^^^^^^^^^^^^^^^^^^^^^^^^^^^
django.db.utils.IntegrityError: ERREUR:  une valeur NULL viole la contrainte NOT NULL de la colonne « apprenant_id » dans la relation « enrollment_inscription »
DETAIL:  La ligne en échec contient (2025-11-03 00:47:25.846515+00, 2025-11-03 00:47:25.846515+00, 5f033f64-557a-4e71-9704-8cc362628c48, INS2025UO00002, 2025-11-03, PENDING, 2025-11-03, 2026-07-31, null, 300.00, PENDING, 0.00, 300.00, null, null, 95ba4cd1-d4fa-4777-a880-0a4d22b329a1, null, null).

ERROR 2025-11-03 00:47:25,853 log Internal Server Error: /enrollment/inscription/nouvelle/EOqWmZfQcPW0a91hLrcUBWdx397ja4uJMP9SkZg3-Aw/
ERROR 2025-11-03 00:47:25,854 basehttp "POST /enrollment/inscription/nouvelle/EOqWmZfQcPW0a91hLrcUBWdx397ja4uJMP9SkZg3-Aw/ HTTP/1.1" 500 495
INFO 2025-11-03 00:54:24,392 basehttp "GET /accounts/login/ HTTP/1.1" 200 16444
INFO 2025-11-03 00:54:59,858 basehttp "POST /accounts/login/ HTTP/1.1" 302 0
INFO 2025-11-03 00:55:00,356 basehttp "GET /dashboard/student/ HTTP/1.1" 200 49450
INFO 2025-11-03 00:55:00,550 basehttp "GET /static/css/dashboard/student.css HTTP/1.1" 304 0
INFO 2025-11-03 00:55:08,950 basehttp "GET /dashboard/student/candidatures/ HTTP/1.1" 200 72001
INFO 2025-11-03 00:55:43,150 basehttp "GET /enrollment/inscription/nouvelle/EOqWmZfQcPW0a91hLrcUBWdx397ja4uJMP9SkZg3-Aw/ HTTP/1.1" 200 7417
WARNING 2025-11-03 00:55:44,244 log Not Found: /favicon.ico
WARNING 2025-11-03 00:55:44,266 basehttp "GET /favicon.ico HTTP/1.1" 404 4021
ERROR 2025-11-03 00:55:47,460 views Erreur création inscription/paiement: ERREUR:  une valeur NULL viole la contrainte NOT NULL de la colonne « apprenant_id » dans la relation « enrollment_inscription »
DETAIL:  La ligne en échec contient (2025-11-03 00:55:47.456601+00, 2025-11-03 00:55:47.456601+00, 57e60fa3-2efc-4e46-9f98-286443d549f5, INS2025UO00002, 2025-11-03, PENDING, 2025-11-03, 2026-07-31, null, 300.00, PENDING, 0.00, 300.00, null, null, 95ba4cd1-d4fa-4777-a880-0a4d22b329a1, null, null).
Traceback (most recent call last):
  File "E:\formis_app\.env\Lib\site-packages\django\db\backends\utils.py", line 105, in _execute
    return self.cursor.execute(sql, params)
           ^^^^^^^^^^^^^^^^^^^^^^^^^^^^^^^^
psycopg2.errors.NotNullViolation: ERREUR:  une valeur NULL viole la contrainte NOT NULL de la colonne « apprenant_id » dans la relation « enrollment_inscription »
DETAIL:  La ligne en échec contient (2025-11-03 00:55:47.456601+00, 2025-11-03 00:55:47.456601+00, 57e60fa3-2efc-4e46-9f98-286443d549f5, INS2025UO00002, 2025-11-03, PENDING, 2025-11-03, 2026-07-31, null, 300.00, PENDING, 0.00, 300.00, null, null, 95ba4cd1-d4fa-4777-a880-0a4d22b329a1, null, null).


The above exception was the direct cause of the following exception:

Traceback (most recent call last):
  File "E:\formis_app\_formis\apps\enrollment\views.py", line 1035, in post
    inscription = Inscription.objects.create(
                  ^^^^^^^^^^^^^^^^^^^^^^^^^^^
  File "E:\formis_app\.env\Lib\site-packages\django\db\models\manager.py", line 87, in manager_method
    return getattr(self.get_queryset(), name)(*args, **kwargs)
           ^^^^^^^^^^^^^^^^^^^^^^^^^^^^^^^^^^^^^^^^^^^^^^^^^^^
  File "E:\formis_app\.env\Lib\site-packages\django\db\models\query.py", line 663, in create
    obj.save(force_insert=True, using=self.db)
  File "E:\formis_app\_formis\apps\enrollment\models.py", line 539, in save
    super().save(*args, **kwargs)
  File "E:\formis_app\.env\Lib\site-packages\django\db\models\base.py", line 902, in save
    self.save_base(
  File "E:\formis_app\.env\Lib\site-packages\django\db\models\base.py", line 1008, in save_base
    updated = self._save_table(
              ^^^^^^^^^^^^^^^^^
  File "E:\formis_app\.env\Lib\site-packages\django\db\models\base.py", line 1169, in _save_table
    results = self._do_insert(
              ^^^^^^^^^^^^^^^^
  File "E:\formis_app\.env\Lib\site-packages\django\db\models\base.py", line 1210, in _do_insert
    return manager._insert(
           ^^^^^^^^^^^^^^^^
  File "E:\formis_app\.env\Lib\site-packages\django\db\models\manager.py", line 87, in manager_method
    return getattr(self.get_queryset(), name)(*args, **kwargs)
           ^^^^^^^^^^^^^^^^^^^^^^^^^^^^^^^^^^^^^^^^^^^^^^^^^^^
  File "E:\formis_app\.env\Lib\site-packages\django\db\models\query.py", line 1868, in _insert
    return query.get_compiler(using=using).execute_sql(returning_fields)
           ^^^^^^^^^^^^^^^^^^^^^^^^^^^^^^^^^^^^^^^^^^^^^^^^^^^^^^^^^^^^^
  File "E:\formis_app\.env\Lib\site-packages\django\db\models\sql\compiler.py", line 1882, in execute_sql
    cursor.execute(sql, params)
  File "E:\formis_app\.env\Lib\site-packages\django\db\backends\utils.py", line 122, in execute
    return super().execute(sql, params)
           ^^^^^^^^^^^^^^^^^^^^^^^^^^^^
  File "E:\formis_app\.env\Lib\site-packages\django\db\backends\utils.py", line 79, in execute
    return self._execute_with_wrappers(
           ^^^^^^^^^^^^^^^^^^^^^^^^^^^^
  File "E:\formis_app\.env\Lib\site-packages\django\db\backends\utils.py", line 92, in _execute_with_wrappers
    return executor(sql, params, many, context)
           ^^^^^^^^^^^^^^^^^^^^^^^^^^^^^^^^^^^^
  File "E:\formis_app\.env\Lib\site-packages\django\db\backends\utils.py", line 100, in _execute
    with self.db.wrap_database_errors:
  File "E:\formis_app\.env\Lib\site-packages\django\db\utils.py", line 91, in __exit__
    raise dj_exc_value.with_traceback(traceback) from exc_value
  File "E:\formis_app\.env\Lib\site-packages\django\db\backends\utils.py", line 105, in _execute
    return self.cursor.execute(sql, params)
           ^^^^^^^^^^^^^^^^^^^^^^^^^^^^^^^^
django.db.utils.IntegrityError: ERREUR:  une valeur NULL viole la contrainte NOT NULL de la colonne « apprenant_id » dans la relation « enrollment_inscription »
DETAIL:  La ligne en échec contient (2025-11-03 00:55:47.456601+00, 2025-11-03 00:55:47.456601+00, 57e60fa3-2efc-4e46-9f98-286443d549f5, INS2025UO00002, 2025-11-03, PENDING, 2025-11-03, 2026-07-31, null, 300.00, PENDING, 0.00, 300.00, null, null, 95ba4cd1-d4fa-4777-a880-0a4d22b329a1, null, null).

ERROR 2025-11-03 00:55:47,467 log Internal Server Error: /enrollment/inscription/nouvelle/EOqWmZfQcPW0a91hLrcUBWdx397ja4uJMP9SkZg3-Aw/
ERROR 2025-11-03 00:55:47,471 basehttp "POST /enrollment/inscription/nouvelle/EOqWmZfQcPW0a91hLrcUBWdx397ja4uJMP9SkZg3-Aw/ HTTP/1.1" 500 495
INFO 2025-11-03 01:10:36,969 autoreload E:\formis_app\_formis\apps\enrollment\views.py changed, reloading.
INFO 2025-11-03 01:10:42,280 autoreload Watching for file changes with StatReloader
INFO 2025-11-03 01:10:55,208 basehttp "GET /enrollment/inscription/nouvelle/EOqWmZfQcPW0a91hLrcUBWdx397ja4uJMP9SkZg3-Aw/ HTTP/1.1" 200 21567
INFO 2025-11-03 01:11:12,194 views Compte existe déjà pour testuser.testeur@gmail.com
ERROR 2025-11-03 01:11:12,462 log Internal Server Error: /enrollment/inscription/nouvelle/EOqWmZfQcPW0a91hLrcUBWdx397ja4uJMP9SkZg3-Aw/
ERROR 2025-11-03 01:11:12,465 basehttp "POST /enrollment/inscription/nouvelle/EOqWmZfQcPW0a91hLrcUBWdx397ja4uJMP9SkZg3-Aw/ HTTP/1.1" 500 159
INFO 2025-11-03 01:12:00,308 autoreload E:\formis_app\_formis\apps\payments\urls.py changed, reloading.
INFO 2025-11-03 01:12:01,604 autoreload Watching for file changes with StatReloader
INFO 2025-11-03 01:12:07,779 basehttp "GET /enrollment/inscription/nouvelle/EOqWmZfQcPW0a91hLrcUBWdx397ja4uJMP9SkZg3-Aw/ HTTP/1.1" 200 21567
INFO 2025-11-03 01:12:17,097 views Compte existe déjà pour testuser.testeur@gmail.com
INFO 2025-11-03 01:12:17,361 basehttp "POST /enrollment/inscription/nouvelle/EOqWmZfQcPW0a91hLrcUBWdx397ja4uJMP9SkZg3-Aw/ HTTP/1.1" 200 221
INFO 2025-11-03 01:12:18,531 views URLs de retour publiques créées pour paiement PAY20251103011217202DF0
ERROR 2025-11-03 01:12:19,821 ligdicash Response content: 
<!DOCTYPE html>
<html>
<head>

<style type=text/css>

p {    color: #0ecc8a;    
font-weight: 900;   
font-size: 100px;    
font-family: Helvetica, Arial, sans-serif;   
 }

</style>
</head>

<body>

<center><p>404<br><br></p></center>

</body>
</html>            
            
INFO 2025-11-03 01:12:19,841 basehttp "GET /payments/public/3e0c98c4-00c4-4f4f-b2d6-c4f9c13c39fd/EOqWmZfQcPW0a91hLrcUBWdx397ja4uJMP9SkZg3-Aw/ HTTP/1.1" 302 0
INFO 2025-11-03 01:12:19,973 basehttp "GET /enrollment/candidature/nouvelle/ HTTP/1.1" 200 65344
INFO 2025-11-03 01:12:20,689 basehttp "GET /establishments/api/public/annees-academiques/ HTTP/1.1" 200 188
INFO 2025-11-03 01:12:20,913 basehttp "GET /establishments/api/public/etablissements/ HTTP/1.1" 200 386
INFO 2025-11-03 01:14:39,857 basehttp "GET /enrollment/inscription/nouvelle/EOqWmZfQcPW0a91hLrcUBWdx397ja4uJMP9SkZg3-Aw/ HTTP/1.1" 302 0
INFO 2025-11-03 01:14:40,001 basehttp "GET /accounts/login/ HTTP/1.1" 302 0
INFO 2025-11-03 01:14:40,602 basehttp "GET /dashboard/department_head/ HTTP/1.1" 200 51837
INFO 2025-11-03 01:14:41,672 basehttp "GET /media/profils/IMG_20211223_151546_741.jpg HTTP/1.1" 200 2749121
INFO 2025-11-03 01:14:45,266 basehttp "GET /dashboard/department_head/paiements/ HTTP/1.1" 200 68888
INFO 2025-11-03 01:15:01,202 basehttp "GET /dashboard/department_head/inscriptions/ HTTP/1.1" 200 67217
INFO 2025-11-03 01:16:26,950 basehttp "GET /enrollment/inscription/nouvelle/EOqWmZfQcPW0a91hLrcUBWdx397ja4uJMP9SkZg3-Aw/ HTTP/1.1" 302 0
INFO 2025-11-03 01:16:27,115 basehttp "GET /accounts/login/ HTTP/1.1" 302 0
INFO 2025-11-03 01:16:27,337 basehttp "GET /dashboard/department_head/ HTTP/1.1" 200 51837
INFO 2025-11-03 01:16:27,790 basehttp "GET /media/profils/IMG_20211223_151546_741.jpg HTTP/1.1" 200 2749121
INFO 2025-11-03 01:16:42,091 basehttp "GET /enrollment/inscription/nouvelle/EOqWmZfQcPW0a91hLrcUBWdx397ja4uJMP9SkZg3-Aw/ HTTP/1.1" 302 0
INFO 2025-11-03 01:16:42,228 basehttp "GET /accounts/login/ HTTP/1.1" 302 0
INFO 2025-11-03 01:16:42,388 basehttp "GET /dashboard/department_head/ HTTP/1.1" 200 51837
INFO 2025-11-03 01:16:42,771 basehttp "GET /media/profils/IMG_20211223_151546_741.jpg HTTP/1.1" 200 2749121
INFO 2025-11-03 01:16:49,751 basehttp "GET /dashboard/department_head/paiements/ HTTP/1.1" 200 68888
INFO 2025-11-03 01:30:32,271 autoreload E:\formis_app\_formis\apps\payments\services\ligdicash.py changed, reloading.
INFO 2025-11-03 01:30:33,806 autoreload Watching for file changes with StatReloader
INFO 2025-11-03 01:31:00,276 basehttp "GET /accounts/logout/ HTTP/1.1" 302 0
INFO 2025-11-03 01:31:00,336 basehttp "GET /accounts/login/ HTTP/1.1" 200 16685
INFO 2025-11-03 01:35:41,230 basehttp "GET /dashboard/admin/candidatures/ HTTP/1.1" 200 70668
INFO 2025-11-03 01:37:03,121 basehttp "GET /dashboard/admin/users/ HTTP/1.1" 200 93598
INFO 2025-11-03 01:48:44,105 basehttp "GET /dashboard/admin/teachers/ HTTP/1.1" 200 75096
INFO 2025-11-03 01:48:46,742 basehttp "GET /dashboard/admin/students/ HTTP/1.1" 200 86402
INFO 2025-11-03 01:48:48,993 basehttp "GET /dashboard/admin/candidatures/ HTTP/1.1" 200 70668
INFO 2025-11-03 01:48:51,000 basehttp "GET /dashboard/admin/inscriptions/ HTTP/1.1" 200 69115
INFO 2025-11-03 01:48:54,911 basehttp "GET /dashboard/admin/paiements/ HTTP/1.1" 200 70588
INFO 2025-11-03 01:48:58,538 basehttp "GET /dashboard/admin/departments/ HTTP/1.1" 200 80233
INFO 2025-11-03 02:08:07,303 autoreload E:\formis_app\_formis\apps\enrollment\views.py changed, reloading.
INFO 2025-11-03 02:08:09,496 autoreload Watching for file changes with StatReloader
INFO 2025-11-03 02:09:14,138 autoreload E:\formis_app\_formis\apps\enrollment\views.py changed, reloading.
INFO 2025-11-03 02:09:17,912 autoreload Watching for file changes with StatReloader
INFO 2025-11-03 02:09:29,630 autoreload E:\formis_app\_formis\apps\enrollment\views.py changed, reloading.
INFO 2025-11-03 02:09:33,808 autoreload Watching for file changes with StatReloader
INFO 2025-11-03 02:10:38,315 autoreload E:\formis_app\_formis\apps\enrollment\views.py changed, reloading.
INFO 2025-11-03 02:10:39,560 autoreload Watching for file changes with StatReloader
INFO 2025-11-03 02:11:12,862 autoreload E:\formis_app\_formis\apps\payments\views.py changed, reloading.
INFO 2025-11-03 02:11:15,706 autoreload Watching for file changes with StatReloader
INFO 2025-11-03 02:11:27,242 autoreload E:\formis_app\_formis\apps\payments\views.py changed, reloading.
INFO 2025-11-03 02:11:29,377 autoreload Watching for file changes with StatReloader
INFO 2025-11-03 02:12:00,898 autoreload E:\formis_app\_formis\apps\payments\views.py changed, reloading.
INFO 2025-11-03 02:12:02,715 autoreload Watching for file changes with StatReloader
INFO 2025-11-03 02:12:48,190 autoreload E:\formis_app\_formis\apps\payments\views.py changed, reloading.
INFO 2025-11-03 02:12:50,673 autoreload Watching for file changes with StatReloader
INFO 2025-11-03 02:13:43,646 autoreload E:\formis_app\_formis\apps\payments\views.py changed, reloading.
INFO 2025-11-03 02:13:44,933 autoreload Watching for file changes with StatReloader
INFO 2025-11-03 02:14:34,957 basehttp "GET /enrollment/candidature/nouvelle/ HTTP/1.1" 200 65344
INFO 2025-11-03 02:14:35,335 basehttp "GET /establishments/api/public/annees-academiques/ HTTP/1.1" 200 188
INFO 2025-11-03 02:14:35,425 basehttp "GET /establishments/api/public/etablissements/ HTTP/1.1" 200 386
INFO 2025-11-03 02:14:46,101 basehttp "GET /academic/api/public/departements/66b3697d-1eeb-4fe5-8c28-91b9caf2b84f/ HTTP/1.1" 200 1712
INFO 2025-11-03 02:14:51,002 basehttp "GET /academic/api/public/filieres/075af644-72bd-4d54-b30f-e96a3b5defbe/ HTTP/1.1" 200 1086
INFO 2025-11-03 02:14:53,396 basehttp "GET /academic/api/public/niveaux/faa8d711-8867-4445-b270-e2170bfa96f7/ HTTP/1.1" 200 924
INFO 2025-11-03 02:14:53,517 basehttp "GET /enrollment/api/public/documents-requis/filiere/faa8d711-8867-4445-b270-e2170bfa96f7/ HTTP/1.1" 200 171
INFO 2025-11-03 02:15:43,556 basehttp "GET /accounts/logout/ HTTP/1.1" 302 0
INFO 2025-11-03 02:15:43,595 basehttp "GET /accounts/login/ HTTP/1.1" 200 17129
INFO 2025-11-03 02:16:03,997 basehttp "POST /accounts/login/ HTTP/1.1" 302 0
INFO 2025-11-03 02:16:04,236 basehttp "GET /dashboard/department_head/ HTTP/1.1" 200 51837
INFO 2025-11-03 02:16:05,177 basehttp "GET /media/profils/IMG_20211223_151546_741.jpg HTTP/1.1" 200 2749121
INFO 2025-11-03 02:16:28,881 views Début traitement candidature AJAX
INFO 2025-11-03 02:16:33,841 views Email de confirmation envoyé à testuser.testeur@gmail.com
INFO 2025-11-03 02:16:33,841 views Candidature créée et soumise: CAND2025 UOST0001
INFO 2025-11-03 02:16:33,849 basehttp "POST /enrollment/candidature/nouvelle/ HTTP/1.1" 200 272
INFO 2025-11-03 02:16:35,704 basehttp "GET /enrollment/candidature/success/?numero=CAND2025%20UOST0001 HTTP/1.1" 200 10748
INFO 2025-11-03 02:16:59,777 basehttp "GET /dashboard/department_head/candidatures/ HTTP/1.1" 200 93447
INFO 2025-11-03 02:17:05,690 views Examen démarré pour candidature CAND2025 UOST0001 par Frankenstein
INFO 2025-11-03 02:17:05,693 basehttp "POST /enrollment/candidature/5c30a24a-0b27-4b1b-b411-0240231ce425/start-exam/ HTTP/1.1" 200 73
INFO 2025-11-03 02:17:07,523 basehttp "GET /dashboard/department_head/candidatures/ HTTP/1.1" 200 93466
INFO 2025-11-03 02:17:21,156 managers Email de création de compte envoyé avec succès à testuser.testeur@gmail.com (Matricule: AP20250004, Rôle: APPRENANT)
INFO 2025-11-03 02:17:21,174 signals Compte existant pour testuser.testeur@gmail.com, pas de création
INFO 2025-11-03 02:17:24,854 views Compte existe déjà pour testuser.testeur@gmail.com
INFO 2025-11-03 02:17:24,858 basehttp "POST /enrollment/candidature/5c30a24a-0b27-4b1b-b411-0240231ce425/evaluer/ HTTP/1.1" 200 139
INFO 2025-11-03 02:17:27,143 basehttp "GET /dashboard/department_head/candidatures/ HTTP/1.1" 200 93142
INFO 2025-11-03 02:18:03,084 basehttp "GET /enrollment/inscription/nouvelle/aAIrRAbi1gk6LOXUuqspSDL88xZnsPnZ9f7twdRsfeY/ HTTP/1.1" 200 21567
WARNING 2025-11-03 02:18:14,723 log Not Found: /.well-known/appspecific/com.chrome.devtools.json
WARNING 2025-11-03 02:18:14,825 basehttp "GET /.well-known/appspecific/com.chrome.devtools.json HTTP/1.1" 404 4132
ERROR 2025-11-03 02:18:20,769 views [ERROR] Création inscription: ERREUR:  une valeur NULL viole la contrainte NOT NULL de la colonne « apprenant_id » dans la relation « enrollment_inscription »
DETAIL:  La ligne en échec contient (2025-11-03 02:18:20.763232+00, 2025-11-03 02:18:20.763232+00, 2a55db15-42fc-4edc-adb7-6f6871d764f9, INS2025UO00002, 2025-11-03, PENDING, 2025-11-03, 2026-07-31, null, 300.00, PENDING, 0.00, 300.00, null, null, 5c30a24a-0b27-4b1b-b411-0240231ce425, null, null).
Traceback (most recent call last):
  File "E:\formis_app\.env\Lib\site-packages\django\db\backends\utils.py", line 105, in _execute
    return self.cursor.execute(sql, params)
           ^^^^^^^^^^^^^^^^^^^^^^^^^^^^^^^^
psycopg2.errors.NotNullViolation: ERREUR:  une valeur NULL viole la contrainte NOT NULL de la colonne « apprenant_id » dans la relation « enrollment_inscription »
DETAIL:  La ligne en échec contient (2025-11-03 02:18:20.763232+00, 2025-11-03 02:18:20.763232+00, 2a55db15-42fc-4edc-adb7-6f6871d764f9, INS2025UO00002, 2025-11-03, PENDING, 2025-11-03, 2026-07-31, null, 300.00, PENDING, 0.00, 300.00, null, null, 5c30a24a-0b27-4b1b-b411-0240231ce425, null, null).


The above exception was the direct cause of the following exception:

Traceback (most recent call last):
  File "E:\formis_app\_formis\apps\enrollment\views.py", line 1056, in post
    inscription = Inscription.objects.create(
                  ^^^^^^^^^^^^^^^^^^^^^^^^^^^
  File "E:\formis_app\.env\Lib\site-packages\django\db\models\manager.py", line 87, in manager_method
    return getattr(self.get_queryset(), name)(*args, **kwargs)
           ^^^^^^^^^^^^^^^^^^^^^^^^^^^^^^^^^^^^^^^^^^^^^^^^^^^
  File "E:\formis_app\.env\Lib\site-packages\django\db\models\query.py", line 663, in create
    obj.save(force_insert=True, using=self.db)
  File "E:\formis_app\_formis\apps\enrollment\models.py", line 539, in save
    super().save(*args, **kwargs)
  File "E:\formis_app\.env\Lib\site-packages\django\db\models\base.py", line 902, in save
    self.save_base(
  File "E:\formis_app\.env\Lib\site-packages\django\db\models\base.py", line 1008, in save_base
    updated = self._save_table(
              ^^^^^^^^^^^^^^^^^
  File "E:\formis_app\.env\Lib\site-packages\django\db\models\base.py", line 1169, in _save_table
    results = self._do_insert(
              ^^^^^^^^^^^^^^^^
  File "E:\formis_app\.env\Lib\site-packages\django\db\models\base.py", line 1210, in _do_insert
    return manager._insert(
           ^^^^^^^^^^^^^^^^
  File "E:\formis_app\.env\Lib\site-packages\django\db\models\manager.py", line 87, in manager_method
    return getattr(self.get_queryset(), name)(*args, **kwargs)
           ^^^^^^^^^^^^^^^^^^^^^^^^^^^^^^^^^^^^^^^^^^^^^^^^^^^
  File "E:\formis_app\.env\Lib\site-packages\django\db\models\query.py", line 1868, in _insert
    return query.get_compiler(using=using).execute_sql(returning_fields)
           ^^^^^^^^^^^^^^^^^^^^^^^^^^^^^^^^^^^^^^^^^^^^^^^^^^^^^^^^^^^^^
  File "E:\formis_app\.env\Lib\site-packages\django\db\models\sql\compiler.py", line 1882, in execute_sql
    cursor.execute(sql, params)
  File "E:\formis_app\.env\Lib\site-packages\django\db\backends\utils.py", line 122, in execute
    return super().execute(sql, params)
           ^^^^^^^^^^^^^^^^^^^^^^^^^^^^
  File "E:\formis_app\.env\Lib\site-packages\django\db\backends\utils.py", line 79, in execute
    return self._execute_with_wrappers(
           ^^^^^^^^^^^^^^^^^^^^^^^^^^^^
  File "E:\formis_app\.env\Lib\site-packages\django\db\backends\utils.py", line 92, in _execute_with_wrappers
    return executor(sql, params, many, context)
           ^^^^^^^^^^^^^^^^^^^^^^^^^^^^^^^^^^^^
  File "E:\formis_app\.env\Lib\site-packages\django\db\backends\utils.py", line 100, in _execute
    with self.db.wrap_database_errors:
  File "E:\formis_app\.env\Lib\site-packages\django\db\utils.py", line 91, in __exit__
    raise dj_exc_value.with_traceback(traceback) from exc_value
  File "E:\formis_app\.env\Lib\site-packages\django\db\backends\utils.py", line 105, in _execute
    return self.cursor.execute(sql, params)
           ^^^^^^^^^^^^^^^^^^^^^^^^^^^^^^^^
django.db.utils.IntegrityError: ERREUR:  une valeur NULL viole la contrainte NOT NULL de la colonne « apprenant_id » dans la relation « enrollment_inscription »
DETAIL:  La ligne en échec contient (2025-11-03 02:18:20.763232+00, 2025-11-03 02:18:20.763232+00, 2a55db15-42fc-4edc-adb7-6f6871d764f9, INS2025UO00002, 2025-11-03, PENDING, 2025-11-03, 2026-07-31, null, 300.00, PENDING, 0.00, 300.00, null, null, 5c30a24a-0b27-4b1b-b411-0240231ce425, null, null).

ERROR 2025-11-03 02:18:20,855 log Internal Server Error: /enrollment/inscription/nouvelle/aAIrRAbi1gk6LOXUuqspSDL88xZnsPnZ9f7twdRsfeY/
ERROR 2025-11-03 02:18:20,856 basehttp "POST /enrollment/inscription/nouvelle/aAIrRAbi1gk6LOXUuqspSDL88xZnsPnZ9f7twdRsfeY/ HTTP/1.1" 500 495
ERROR 2025-11-03 12:40:42,976 views [ERROR] Création inscription: ERREUR:  une valeur NULL viole la contrainte NOT NULL de la colonne « apprenant_id » dans la relation « enrollment_inscription »
DETAIL:  La ligne en échec contient (2025-11-03 12:40:42.966725+00, 2025-11-03 12:40:42.966725+00, 902d5708-fa62-40bd-a356-0be9adb5c6d0, INS2025UO00002, 2025-11-03, PENDING, 2025-11-03, 2026-07-31, null, 300.00, PENDING, 0.00, 300.00, null, null, 5c30a24a-0b27-4b1b-b411-0240231ce425, null, null).
Traceback (most recent call last):
  File "E:\formis_app\.env\Lib\site-packages\django\db\backends\utils.py", line 105, in _execute
    return self.cursor.execute(sql, params)
           ^^^^^^^^^^^^^^^^^^^^^^^^^^^^^^^^
psycopg2.errors.NotNullViolation: ERREUR:  une valeur NULL viole la contrainte NOT NULL de la colonne « apprenant_id » dans la relation « enrollment_inscription »
DETAIL:  La ligne en échec contient (2025-11-03 12:40:42.966725+00, 2025-11-03 12:40:42.966725+00, 902d5708-fa62-40bd-a356-0be9adb5c6d0, INS2025UO00002, 2025-11-03, PENDING, 2025-11-03, 2026-07-31, null, 300.00, PENDING, 0.00, 300.00, null, null, 5c30a24a-0b27-4b1b-b411-0240231ce425, null, null).


The above exception was the direct cause of the following exception:

Traceback (most recent call last):
  File "E:\formis_app\_formis\apps\enrollment\views.py", line 1056, in post
    inscription = Inscription.objects.create(
                  ^^^^^^^^^^^^^^^^^^^^^^^^^^^
  File "E:\formis_app\.env\Lib\site-packages\django\db\models\manager.py", line 87, in manager_method
    return getattr(self.get_queryset(), name)(*args, **kwargs)
           ^^^^^^^^^^^^^^^^^^^^^^^^^^^^^^^^^^^^^^^^^^^^^^^^^^^
  File "E:\formis_app\.env\Lib\site-packages\django\db\models\query.py", line 663, in create
    obj.save(force_insert=True, using=self.db)
  File "E:\formis_app\_formis\apps\enrollment\models.py", line 539, in save
    super().save(*args, **kwargs)
  File "E:\formis_app\.env\Lib\site-packages\django\db\models\base.py", line 902, in save
    self.save_base(
  File "E:\formis_app\.env\Lib\site-packages\django\db\models\base.py", line 1008, in save_base
    updated = self._save_table(
              ^^^^^^^^^^^^^^^^^
  File "E:\formis_app\.env\Lib\site-packages\django\db\models\base.py", line 1169, in _save_table
    results = self._do_insert(
              ^^^^^^^^^^^^^^^^
  File "E:\formis_app\.env\Lib\site-packages\django\db\models\base.py", line 1210, in _do_insert
    return manager._insert(
           ^^^^^^^^^^^^^^^^
  File "E:\formis_app\.env\Lib\site-packages\django\db\models\manager.py", line 87, in manager_method
    return getattr(self.get_queryset(), name)(*args, **kwargs)
           ^^^^^^^^^^^^^^^^^^^^^^^^^^^^^^^^^^^^^^^^^^^^^^^^^^^
  File "E:\formis_app\.env\Lib\site-packages\django\db\models\query.py", line 1868, in _insert
    return query.get_compiler(using=using).execute_sql(returning_fields)
           ^^^^^^^^^^^^^^^^^^^^^^^^^^^^^^^^^^^^^^^^^^^^^^^^^^^^^^^^^^^^^
  File "E:\formis_app\.env\Lib\site-packages\django\db\models\sql\compiler.py", line 1882, in execute_sql
    cursor.execute(sql, params)
  File "E:\formis_app\.env\Lib\site-packages\django\db\backends\utils.py", line 122, in execute
    return super().execute(sql, params)
           ^^^^^^^^^^^^^^^^^^^^^^^^^^^^
  File "E:\formis_app\.env\Lib\site-packages\django\db\backends\utils.py", line 79, in execute
    return self._execute_with_wrappers(
           ^^^^^^^^^^^^^^^^^^^^^^^^^^^^
  File "E:\formis_app\.env\Lib\site-packages\django\db\backends\utils.py", line 92, in _execute_with_wrappers
    return executor(sql, params, many, context)
           ^^^^^^^^^^^^^^^^^^^^^^^^^^^^^^^^^^^^
  File "E:\formis_app\.env\Lib\site-packages\django\db\backends\utils.py", line 100, in _execute
    with self.db.wrap_database_errors:
  File "E:\formis_app\.env\Lib\site-packages\django\db\utils.py", line 91, in __exit__
    raise dj_exc_value.with_traceback(traceback) from exc_value
  File "E:\formis_app\.env\Lib\site-packages\django\db\backends\utils.py", line 105, in _execute
    return self.cursor.execute(sql, params)
           ^^^^^^^^^^^^^^^^^^^^^^^^^^^^^^^^
django.db.utils.IntegrityError: ERREUR:  une valeur NULL viole la contrainte NOT NULL de la colonne « apprenant_id » dans la relation « enrollment_inscription »
DETAIL:  La ligne en échec contient (2025-11-03 12:40:42.966725+00, 2025-11-03 12:40:42.966725+00, 902d5708-fa62-40bd-a356-0be9adb5c6d0, INS2025UO00002, 2025-11-03, PENDING, 2025-11-03, 2026-07-31, null, 300.00, PENDING, 0.00, 300.00, null, null, 5c30a24a-0b27-4b1b-b411-0240231ce425, null, null).

ERROR 2025-11-03 12:40:42,991 log Internal Server Error: /enrollment/inscription/nouvelle/aAIrRAbi1gk6LOXUuqspSDL88xZnsPnZ9f7twdRsfeY/
ERROR 2025-11-03 12:40:42,994 basehttp "POST /enrollment/inscription/nouvelle/aAIrRAbi1gk6LOXUuqspSDL88xZnsPnZ9f7twdRsfeY/ HTTP/1.1" 500 495
INFO 2025-11-03 19:50:25,430 autoreload E:\formis_app\_formis\apps\enrollment\models.py changed, reloading.
INFO 2025-11-03 19:50:40,885 autoreload Watching for file changes with StatReloader
INFO 2025-11-03 19:52:21,716 autoreload E:\formis_app\_formis\apps\enrollment\models.py changed, reloading.
INFO 2025-11-03 19:52:25,403 autoreload Watching for file changes with StatReloader
INFO 2025-11-03 19:53:11,156 views [OK] Inscription créée (sans apprenant): INS2025UO00002
INFO 2025-11-03 19:53:11,196 views [OK] Paiement créé: bb14f1b8-cb10-4486-85f4-f15affaef665 - Montant: 100.00
INFO 2025-11-03 19:53:11,330 basehttp "POST /enrollment/inscription/nouvelle/aAIrRAbi1gk6LOXUuqspSDL88xZnsPnZ9f7twdRsfeY/ HTTP/1.1" 200 181
INFO 2025-11-03 19:53:12,535 views URLs de retour publiques créées pour paiement PAY20251103195311B93209
INFO 2025-11-03 19:53:12,536 ligdicash [API] Creation paiement LigdiCash: bb14f1b8-cb10-4486-85f4-f15affaef665 - 100.00 XOF
INFO 2025-11-03 19:53:13,813 ligdicash [API] Status Code: 200
ERROR 2025-11-03 19:53:13,813 ligdicash [ERROR] URL de paiement manquante
ERROR 2025-11-03 19:53:13,813 ligdicash Response data: {'response_code': '01', 'token': '', 'response_text': 'Echec (Code08)', 'description': 'Empty command actions', 'custom_data': [], 'wiki': 'https://client.ligdicash.com/wiki/createInvoice'}
INFO 2025-11-03 19:53:13,830 basehttp "GET /payments/public/bb14f1b8-cb10-4486-85f4-f15affaef665/aAIrRAbi1gk6LOXUuqspSDL88xZnsPnZ9f7twdRsfeY/ HTTP/1.1" 302 0
INFO 2025-11-03 19:53:13,924 basehttp "GET /enrollment/candidature/nouvelle/ HTTP/1.1" 200 65344
WARNING 2025-11-03 19:53:14,221 log Not Found: /.well-known/appspecific/com.chrome.devtools.json
WARNING 2025-11-03 19:53:14,226 basehttp "GET /.well-known/appspecific/com.chrome.devtools.json HTTP/1.1" 404 4132
INFO 2025-11-03 19:53:14,581 basehttp "GET /establishments/api/public/etablissements/ HTTP/1.1" 200 386
INFO 2025-11-03 19:53:14,614 basehttp "GET /establishments/api/public/annees-academiques/ HTTP/1.1" 200 188
INFO 2025-11-03 19:54:26,659 basehttp "GET /dashboard/admin/users/ HTTP/1.1" 200 97890
INFO 2025-11-03 19:54:30,440 basehttp "GET /dashboard/admin/department_heads/ HTTP/1.1" 200 57902
INFO 2025-11-03 19:54:32,996 basehttp "GET /dashboard/admin/teachers/ HTTP/1.1" 200 75096
INFO 2025-11-03 19:57:53,813 basehttp "GET /dashboard/department_head/students/ HTTP/1.1" 200 68680
INFO 2025-11-03 19:57:55,460 basehttp "GET /media/profils/IMG_20211223_151546_741.jpg HTTP/1.1" 200 2749121
INFO 2025-11-03 19:57:58,426 basehttp "GET /dashboard/department_head/candidatures/ HTTP/1.1" 200 83846
INFO 2025-11-03 19:58:00,938 basehttp "GET /dashboard/department_head/inscriptions/ HTTP/1.1" 200 62891
INFO 2025-11-03 19:58:05,929 basehttp "GET /dashboard/department_head/paiements/ HTTP/1.1" 200 65053
INFO 2025-11-03 19:58:13,553 basehttp "GET /dashboard/department_head/niveaux/ HTTP/1.1" 200 87083
INFO 2025-11-03 19:58:16,184 basehttp "GET /dashboard/department_head/filieres/ HTTP/1.1" 200 70756
INFO 2025-11-03 19:58:19,324 basehttp "GET /dashboard/department_head/ HTTP/1.1" 200 51837
INFO 2025-11-03 19:59:42,333 autoreload E:\formis_app\_formis\apps\payments\services\ligdicash.py changed, reloading.
INFO 2025-11-03 19:59:44,287 autoreload Watching for file changes with StatReloader
INFO 2025-11-03 19:59:55,445 autoreload E:\formis_app\_formis\apps\payments\services\ligdicash.py changed, reloading.
INFO 2025-11-03 19:59:57,593 autoreload Watching for file changes with StatReloader
INFO 2025-11-03 20:00:08,548 autoreload E:\formis_app\_formis\apps\payments\services\ligdicash.py changed, reloading.
INFO 2025-11-03 20:00:11,197 autoreload Watching for file changes with StatReloader
INFO 2025-11-03 20:01:14,460 basehttp "GET /academic/api/public/departements/66b3697d-1eeb-4fe5-8c28-91b9caf2b84f/ HTTP/1.1" 200 1712
INFO 2025-11-03 20:01:22,709 basehttp "GET /academic/api/public/filieres/075af644-72bd-4d54-b30f-e96a3b5defbe/ HTTP/1.1" 200 1086
INFO 2025-11-03 20:01:30,064 basehttp "GET /academic/api/public/niveaux/faa8d711-8867-4445-b270-e2170bfa96f7/ HTTP/1.1" 200 924
INFO 2025-11-03 20:01:30,262 basehttp "GET /enrollment/api/public/documents-requis/filiere/faa8d711-8867-4445-b270-e2170bfa96f7/ HTTP/1.1" 200 171
INFO 2025-11-03 20:02:00,750 basehttp "GET / HTTP/1.1" 200 16444
INFO 2025-11-03 20:02:03,294 basehttp "GET /enrollment/candidature/nouvelle/ HTTP/1.1" 200 65344
INFO 2025-11-03 20:02:03,865 basehttp "GET /establishments/api/public/etablissements/ HTTP/1.1" 200 386
INFO 2025-11-03 20:02:03,874 basehttp "GET /establishments/api/public/annees-academiques/ HTTP/1.1" 200 188
INFO 2025-11-03 20:02:06,091 basehttp "GET /academic/api/public/departements/66b3697d-1eeb-4fe5-8c28-91b9caf2b84f/ HTTP/1.1" 200 1712
INFO 2025-11-03 20:02:10,712 basehttp "GET /academic/api/public/filieres/075af644-72bd-4d54-b30f-e96a3b5defbe/ HTTP/1.1" 200 1086
INFO 2025-11-03 20:02:13,372 basehttp "GET /academic/api/public/niveaux/faa8d711-8867-4445-b270-e2170bfa96f7/ HTTP/1.1" 200 924
INFO 2025-11-03 20:02:13,562 basehttp "GET /enrollment/api/public/documents-requis/filiere/faa8d711-8867-4445-b270-e2170bfa96f7/ HTTP/1.1" 200 171
WARNING 2025-11-03 20:02:33,807 log Not Found: /.well-known/appspecific/com.chrome.devtools.json
WARNING 2025-11-03 20:02:33,883 basehttp "GET /.well-known/appspecific/com.chrome.devtools.json HTTP/1.1" 404 4132
INFO 2025-11-03 20:02:58,878 views Début traitement candidature AJAX
INFO 2025-11-03 20:03:03,235 views Email de confirmation envoyé à testuser.testeur@gmail.com
INFO 2025-11-03 20:03:03,236 views Candidature créée et soumise: CAND2025 UOST0001
INFO 2025-11-03 20:03:03,242 basehttp "POST /enrollment/candidature/nouvelle/ HTTP/1.1" 200 272
INFO 2025-11-03 20:03:05,083 basehttp "GET /enrollment/candidature/success/?numero=CAND2025%20UOST0001 HTTP/1.1" 200 10748
WARNING 2025-11-03 20:03:05,244 log Not Found: /.well-known/appspecific/com.chrome.devtools.json
WARNING 2025-11-03 20:03:05,278 basehttp "GET /.well-known/appspecific/com.chrome.devtools.json HTTP/1.1" 404 4132
INFO 2025-11-03 20:03:46,813 basehttp "GET /dashboard/department_head/candidatures/ HTTP/1.1" 200 93447
INFO 2025-11-03 20:03:51,545 views Examen démarré pour candidature CAND2025 UOST0001 par Frankenstein
INFO 2025-11-03 20:03:51,550 basehttp "POST /enrollment/candidature/9f1140b8-667f-4e1f-ab79-4a3c41aae7e4/start-exam/ HTTP/1.1" 200 73
INFO 2025-11-03 20:03:53,293 basehttp "GET /dashboard/department_head/candidatures/ HTTP/1.1" 200 93466
INFO 2025-11-03 20:04:07,795 managers Email de création de compte envoyé avec succès à testuser.testeur@gmail.com (Matricule: AP20250004, Rôle: APPRENANT)
INFO 2025-11-03 20:04:07,823 signals Compte existant pour testuser.testeur@gmail.com, pas de création
INFO 2025-11-03 20:04:10,780 views Compte existe déjà pour testuser.testeur@gmail.com
INFO 2025-11-03 20:04:10,796 basehttp "POST /enrollment/candidature/9f1140b8-667f-4e1f-ab79-4a3c41aae7e4/evaluer/ HTTP/1.1" 200 139
INFO 2025-11-03 20:04:11,857 basehttp "GET /dashboard/department_head/candidatures/ HTTP/1.1" 200 93142
INFO 2025-11-03 20:04:59,092 basehttp "GET /enrollment/inscription/nouvelle/BoTDyylsP03W1wjCOLKOA7-nrbnNoAV-zyHsrH9zRvg/ HTTP/1.1" 200 21567
INFO 2025-11-03 20:05:19,425 basehttp "GET /enrollment/inscription/nouvelle/BoTDyylsP03W1wjCOLKOA7-nrbnNoAV-zyHsrH9zRvg/ HTTP/1.1" 200 21567
WARNING 2025-11-03 20:05:30,058 log Not Found: /.well-known/appspecific/com.chrome.devtools.json
WARNING 2025-11-03 20:05:30,066 basehttp "GET /.well-known/appspecific/com.chrome.devtools.json HTTP/1.1" 404 4132
INFO 2025-11-03 20:05:49,776 views [OK] Inscription créée (sans apprenant): INS2025UO00002
INFO 2025-11-03 20:05:49,790 views [OK] Paiement créé: be7a3f30-81fe-4387-a715-6554e02ad458 - Montant: 100.00
INFO 2025-11-03 20:05:49,800 basehttp "POST /enrollment/inscription/nouvelle/BoTDyylsP03W1wjCOLKOA7-nrbnNoAV-zyHsrH9zRvg/ HTTP/1.1" 200 181
INFO 2025-11-03 20:05:50,963 views URLs de retour publiques créées pour paiement PAY202511032005490C63D6
INFO 2025-11-03 20:05:50,964 ligdicash [API] Creation paiement LigdiCash: be7a3f30-81fe-4387-a715-6554e02ad458 - 100.00 XOF
INFO 2025-11-03 20:05:52,875 ligdicash [API] Status Code: 200
ERROR 2025-11-03 20:05:52,875 ligdicash [ERROR] LigdiCash: 01 - Erreur dans la requete
ERROR 2025-11-03 20:05:52,876 ligdicash Response: {
  "response_code": "01",
  "token": "",
  "response_text": "Echec (Code08)",
  "description": "Empty command actions",
  "custom_data": [],
  "wiki": "https://client.ligdicash.com/wiki/createInvoice"
}
INFO 2025-11-03 20:05:52,892 basehttp "GET /payments/public/be7a3f30-81fe-4387-a715-6554e02ad458/BoTDyylsP03W1wjCOLKOA7-nrbnNoAV-zyHsrH9zRvg/ HTTP/1.1" 302 0
INFO 2025-11-03 20:05:52,923 basehttp "GET /enrollment/candidature/nouvelle/ HTTP/1.1" 200 65344
WARNING 2025-11-03 20:05:53,063 log Not Found: /.well-known/appspecific/com.chrome.devtools.json
WARNING 2025-11-03 20:05:53,075 basehttp "GET /.well-known/appspecific/com.chrome.devtools.json HTTP/1.1" 404 4132
INFO 2025-11-03 20:05:53,647 basehttp "GET /establishments/api/public/annees-academiques/ HTTP/1.1" 200 188
INFO 2025-11-03 20:05:53,680 basehttp "GET /establishments/api/public/etablissements/ HTTP/1.1" 200 386
INFO 2025-11-03 21:28:07,755 basehttp "GET /dashboard/department_head/teachers/ HTTP/1.1" 200 61667
INFO 2025-11-03 21:28:11,664 basehttp "GET /dashboard/department_head/ HTTP/1.1" 200 51837
INFO 2025-11-03 22:07:55,625 autoreload Watching for file changes with StatReloader
INFO 2025-11-03 22:10:53,922 basehttp "GET /dashboard/admin/teachers/ HTTP/1.1" 200 75096
INFO 2025-11-03 22:10:55,138 basehttp "GET /static/css/dashboard/dashboard.css HTTP/1.1" 200 19647
INFO 2025-11-03 22:10:55,259 basehttp "GET /static/js/dashboard/dashboard.js HTTP/1.1" 200 22935
INFO 2025-11-03 22:10:55,556 basehttp "GET /media/profils/IMG-20220507-WA0015.jpg HTTP/1.1" 200 25481
INFO 2025-11-03 22:10:55,650 basehttp "GET /static/js/dashboard/components.js HTTP/1.1" 200 28077
INFO 2025-11-03 22:10:55,741 basehttp "GET /media/profils/IMG-20220507-WA0018.jpg HTTP/1.1" 200 35474
WARNING 2025-11-03 22:11:41,546 log Not Found: /favicon.ico
WARNING 2025-11-03 22:11:41,547 basehttp "GET /favicon.ico HTTP/1.1" 404 4021
INFO 2025-11-03 22:14:04,009 basehttp "GET /dashboard/department_head/ HTTP/1.1" 200 51837
INFO 2025-11-03 22:14:04,549 basehttp "GET /static/css/dashboard/dashboard.css HTTP/1.1" 200 19647
INFO 2025-11-03 22:14:05,252 basehttp "GET /static/js/dashboard/dashboard.js HTTP/1.1" 200 22935
INFO 2025-11-03 22:14:05,704 basehttp "GET /static/js/dashboard/components.js HTTP/1.1" 200 28077
INFO 2025-11-03 22:14:06,260 basehttp "GET /media/profils/IMG_20211223_151546_741.jpg HTTP/1.1" 200 2749121
WARNING 2025-11-03 22:14:09,475 log Not Found: /favicon.ico
WARNING 2025-11-03 22:14:09,495 basehttp "GET /favicon.ico HTTP/1.1" 404 4021
INFO 2025-11-03 23:58:24,259 autoreload E:\formis_app\_formis\apps\payments\services\ligdicash.py changed, reloading.
INFO 2025-11-03 23:58:34,908 autoreload Watching for file changes with StatReloader
INFO 2025-11-03 23:58:55,915 autoreload E:\formis_app\_formis\apps\payments\services\ligdicash.py changed, reloading.
INFO 2025-11-03 23:58:57,800 autoreload Watching for file changes with StatReloader
INFO 2025-11-04 00:18:38,857 autoreload E:\formis_app\_formis\apps\payments\views.py changed, reloading.
INFO 2025-11-04 00:18:41,568 autoreload Watching for file changes with StatReloader
INFO 2025-11-04 00:19:09,715 autoreload E:\formis_app\_formis\apps\payments\views.py changed, reloading.
INFO 2025-11-04 00:19:12,290 autoreload Watching for file changes with StatReloader
INFO 2025-11-04 00:19:40,178 autoreload E:\formis_app\_formis\apps\payments\views.py changed, reloading.
INFO 2025-11-04 00:19:44,119 autoreload Watching for file changes with StatReloader
INFO 2025-11-04 00:19:51,263 autoreload E:\formis_app\_formis\apps\payments\views.py changed, reloading.
INFO 2025-11-04 00:19:52,810 autoreload Watching for file changes with StatReloader
INFO 2025-11-04 00:20:02,262 autoreload E:\formis_app\_formis\apps\payments\views.py changed, reloading.
INFO 2025-11-04 00:20:05,668 autoreload Watching for file changes with StatReloader
INFO 2025-11-04 00:20:49,176 autoreload E:\formis_app\_formis\apps\payments\views.py changed, reloading.
INFO 2025-11-04 00:20:51,851 autoreload Watching for file changes with StatReloader
INFO 2025-11-04 00:21:55,195 autoreload E:\formis_app\_formis\apps\payments\urls.py changed, reloading.
INFO 2025-11-04 00:21:57,121 autoreload Watching for file changes with StatReloader
INFO 2025-11-04 00:22:21,411 autoreload E:\formis_app\_formis\apps\payments\urls.py changed, reloading.
INFO 2025-11-04 00:22:22,792 autoreload Watching for file changes with StatReloader
INFO 2025-11-04 00:22:32,756 autoreload E:\formis_app\_formis\apps\payments\urls.py changed, reloading.
INFO 2025-11-04 00:22:34,015 autoreload Watching for file changes with StatReloader
INFO 2025-11-04 00:22:54,581 autoreload E:\formis_app\_formis\apps\payments\urls.py changed, reloading.
INFO 2025-11-04 00:22:55,558 autoreload Watching for file changes with StatReloader
INFO 2025-11-04 00:23:09,320 autoreload E:\formis_app\_formis\apps\payments\urls.py changed, reloading.
INFO 2025-11-04 00:23:10,339 autoreload Watching for file changes with StatReloader
INFO 2025-11-04 00:24:02,357 autoreload E:\formis_app\_formis\_formis\settings.py changed, reloading.
INFO 2025-11-04 00:24:03,691 autoreload Watching for file changes with StatReloader
INFO 2025-11-04 00:24:23,792 autoreload E:\formis_app\_formis\_formis\settings.py changed, reloading.
INFO 2025-11-04 00:24:25,195 autoreload Watching for file changes with StatReloader
INFO 2025-11-04 00:24:36,002 autoreload E:\formis_app\_formis\_formis\settings.py changed, reloading.
INFO 2025-11-04 00:24:37,323 autoreload Watching for file changes with StatReloader
INFO 2025-11-04 00:25:32,498 basehttp "GET /enrollment/candidature/success/?numero=CAND2025%20UOST0001 HTTP/1.1" 200 10748
INFO 2025-11-04 00:25:34,039 basehttp "GET /enrollment/candidature/nouvelle/ HTTP/1.1" 200 65344
INFO 2025-11-04 00:25:34,871 basehttp "GET /establishments/api/public/etablissements/ HTTP/1.1" 200 386
INFO 2025-11-04 00:25:34,878 basehttp "GET /establishments/api/public/annees-academiques/ HTTP/1.1" 200 188
WARNING 2025-11-04 00:25:35,111 log Not Found: /favicon.ico
WARNING 2025-11-04 00:25:35,111 log Not Found: /favicon.ico
WARNING 2025-11-04 00:25:35,115 basehttp "GET /favicon.ico HTTP/1.1" 404 4021
WARNING 2025-11-04 00:25:35,116 basehttp "GET /favicon.ico HTTP/1.1" 404 4021
INFO 2025-11-04 00:25:42,308 basehttp "GET /enrollment/inscription/nouvelle/BoTDyylsP03W1wjCOLKOA7-nrbnNoAV-zyHsrH9zRvg/ HTTP/1.1" 302 0
INFO 2025-11-04 00:25:42,360 basehttp "GET /accounts/login/ HTTP/1.1" 200 16837
WARNING 2025-11-04 00:25:57,320 log Not Found: /.well-known/appspecific/com.chrome.devtools.json
WARNING 2025-11-04 00:25:57,421 basehttp "GET /.well-known/appspecific/com.chrome.devtools.json HTTP/1.1" 404 4132
INFO 2025-11-04 00:26:18,451 basehttp "GET /dashboard/department_head/students/ HTTP/1.1" 200 74063
INFO 2025-11-04 00:26:23,888 basehttp "GET /dashboard/department_head/inscriptions/ HTTP/1.1" 200 67185
INFO 2025-11-04 00:26:32,868 basehttp "GET /dashboard/department_head/paiements/ HTTP/1.1" 200 68871
INFO 2025-11-04 00:31:24,826 basehttp "GET / HTTP/1.1" 200 16444
INFO 2025-11-04 00:31:34,708 basehttp "GET /enrollment/candidature/nouvelle/ HTTP/1.1" 200 65344
INFO 2025-11-04 00:31:35,195 basehttp "GET /establishments/api/public/etablissements/ HTTP/1.1" 200 386
INFO 2025-11-04 00:31:35,252 basehttp "GET /establishments/api/public/annees-academiques/ HTTP/1.1" 200 188
INFO 2025-11-04 00:31:46,753 basehttp "GET /dashboard/department_head/paiements/ HTTP/1.1" 200 65053
INFO 2025-11-04 00:31:49,343 basehttp "GET /dashboard/department_head/inscriptions/ HTTP/1.1" 200 62891
INFO 2025-11-04 00:31:51,522 basehttp "GET /dashboard/department_head/candidatures/ HTTP/1.1" 200 83846
INFO 2025-11-04 00:31:53,540 basehttp "GET /dashboard/department_head/students/ HTTP/1.1" 200 68248
INFO 2025-11-04 00:31:55,837 basehttp "GET /dashboard/department_head/teachers/ HTTP/1.1" 200 61667
INFO 2025-11-04 00:31:57,582 basehttp "GET /dashboard/department_head/ HTTP/1.1" 200 51837
INFO 2025-11-04 00:32:15,797 basehttp "GET /academic/api/public/departements/66b3697d-1eeb-4fe5-8c28-91b9caf2b84f/ HTTP/1.1" 200 1712
INFO 2025-11-04 00:32:20,299 basehttp "GET /academic/api/public/filieres/075af644-72bd-4d54-b30f-e96a3b5defbe/ HTTP/1.1" 200 1086
INFO 2025-11-04 00:32:22,962 basehttp "GET /academic/api/public/niveaux/faa8d711-8867-4445-b270-e2170bfa96f7/ HTTP/1.1" 200 924
INFO 2025-11-04 00:32:23,159 basehttp "GET /enrollment/api/public/documents-requis/filiere/faa8d711-8867-4445-b270-e2170bfa96f7/ HTTP/1.1" 200 171
INFO 2025-11-04 00:32:52,148 views Début traitement candidature AJAX
INFO 2025-11-04 00:32:58,307 views Email de confirmation envoyé à testuser.testeur@gmail.com
INFO 2025-11-04 00:32:58,318 views Candidature créée et soumise: CAND2025 UOST0001
INFO 2025-11-04 00:32:58,328 basehttp "POST /enrollment/candidature/nouvelle/ HTTP/1.1" 200 272
INFO 2025-11-04 00:33:00,375 basehttp "GET /enrollment/candidature/success/?numero=CAND2025%20UOST0001 HTTP/1.1" 200 10748
INFO 2025-11-04 00:33:18,257 basehttp "GET /dashboard/department_head/candidatures/ HTTP/1.1" 200 93447
INFO 2025-11-04 00:33:21,888 views Examen démarré pour candidature CAND2025 UOST0001 par Frankenstein
INFO 2025-11-04 00:33:21,893 basehttp "POST /enrollment/candidature/33cc8dd6-e0c7-4fed-8945-586b1c188d49/start-exam/ HTTP/1.1" 200 73
INFO 2025-11-04 00:33:23,718 basehttp "GET /dashboard/department_head/candidatures/ HTTP/1.1" 200 93466
INFO 2025-11-04 00:33:34,833 managers Email de création de compte envoyé avec succès à testuser.testeur@gmail.com (Matricule: AP20250004, Rôle: APPRENANT)
INFO 2025-11-04 00:33:34,873 signals Compte existant pour testuser.testeur@gmail.com, pas de création
INFO 2025-11-04 00:33:37,420 views Compte existe déjà pour testuser.testeur@gmail.com
INFO 2025-11-04 00:33:37,429 basehttp "POST /enrollment/candidature/33cc8dd6-e0c7-4fed-8945-586b1c188d49/evaluer/ HTTP/1.1" 200 139
INFO 2025-11-04 00:33:39,711 basehttp "GET /dashboard/department_head/candidatures/ HTTP/1.1" 200 93142
INFO 2025-11-04 00:34:21,204 basehttp "GET /enrollment/inscription/nouvelle/9DFlPqCsf_EeJfC2fYf9aEgordilUKknbwPjv-ABloY/ HTTP/1.1" 200 21567
WARNING 2025-11-04 00:34:21,363 log Not Found: /.well-known/appspecific/com.chrome.devtools.json
WARNING 2025-11-04 00:34:21,368 basehttp "GET /.well-known/appspecific/com.chrome.devtools.json HTTP/1.1" 404 4132
INFO 2025-11-04 00:34:31,532 views [OK] Inscription créée (sans apprenant): INS2025UO00002
INFO 2025-11-04 00:34:31,551 views [OK] Paiement créé: b4d8eb4c-214e-432e-aab2-27748c97a62b - Montant: 240.0000
INFO 2025-11-04 00:34:31,580 basehttp "POST /enrollment/inscription/nouvelle/9DFlPqCsf_EeJfC2fYf9aEgordilUKknbwPjv-ABloY/ HTTP/1.1" 200 181
INFO 2025-11-04 00:34:32,740 views URLs de retour publiques créées pour paiement PAY202511040034313CCCAF
INFO 2025-11-04 00:34:32,741 ligdicash [API] Creation paiement LigdiCash: b4d8eb4c-214e-432e-aab2-27748c97a62b - 240.00 XOF
INFO 2025-11-04 00:34:34,149 ligdicash [API] Status Code: 200
ERROR 2025-11-04 00:34:34,150 ligdicash [ERROR] LigdiCash: 01 - Erreur dans la requete
ERROR 2025-11-04 00:34:34,150 ligdicash Response: {
  "response_code": "01",
  "token": "",
  "response_text": "Echec (Code08)",
  "description": "Empty command actions",
  "custom_data": [],
  "wiki": "https://client.ligdicash.com/wiki/createInvoice"
}
ERROR 2025-11-04 00:34:34,153 views [ERROR] Création paiement LigdiCash: Erreur dans la requete
ERROR 2025-11-04 00:34:34,162 views [ERROR] payer_ligdicash_public: Reverse for 'inscription_nouvelle' not found. 'inscription_nouvelle' is not a valid view function or pattern name.
Traceback (most recent call last):
  File "E:\formis_app\_formis\apps\payments\views.py", line 1002, in payer_ligdicash_public
    return redirect('enrollment:inscription_nouvelle', token=token)
           ^^^^^^^^^^^^^^^^^^^^^^^^^^^^^^^^^^^^^^^^^^^^^^^^^^^^^^^^
  File "E:\formis_app\.env\Lib\site-packages\django\shortcuts.py", line 51, in redirect
    resolve_url(to, *args, **kwargs),
    ^^^^^^^^^^^^^^^^^^^^^^^^^^^^^^^^
  File "E:\formis_app\.env\Lib\site-packages\django\shortcuts.py", line 184, in resolve_url
    return reverse(to, args=args, kwargs=kwargs)
           ^^^^^^^^^^^^^^^^^^^^^^^^^^^^^^^^^^^^^
  File "E:\formis_app\.env\Lib\site-packages\django\urls\base.py", line 98, in reverse
    resolved_url = resolver._reverse_with_prefix(view, prefix, *args, **kwargs)
                   ^^^^^^^^^^^^^^^^^^^^^^^^^^^^^^^^^^^^^^^^^^^^^^^^^^^^^^^^^^^^
  File "E:\formis_app\.env\Lib\site-packages\django\urls\resolvers.py", line 831, in _reverse_with_prefix
    raise NoReverseMatch(msg)
django.urls.exceptions.NoReverseMatch: Reverse for 'inscription_nouvelle' not found. 'inscription_nouvelle' is not a valid view function or pattern name.
INFO 2025-11-04 00:34:34,228 basehttp "GET /payments/public/b4d8eb4c-214e-432e-aab2-27748c97a62b/9DFlPqCsf_EeJfC2fYf9aEgordilUKknbwPjv-ABloY/ HTTP/1.1" 302 0
INFO 2025-11-04 00:34:34,254 basehttp "GET /enrollment/candidature/nouvelle/ HTTP/1.1" 200 65344
WARNING 2025-11-04 00:34:34,396 log Not Found: /.well-known/appspecific/com.chrome.devtools.json
WARNING 2025-11-04 00:34:34,414 basehttp "GET /.well-known/appspecific/com.chrome.devtools.json HTTP/1.1" 404 4132
INFO 2025-11-04 00:34:34,853 basehttp "GET /establishments/api/public/etablissements/ HTTP/1.1" 200 386
INFO 2025-11-04 00:34:34,862 basehttp "GET /establishments/api/public/annees-academiques/ HTTP/1.1" 200 188
INFO 2025-11-04 01:21:34,342 autoreload E:\formis_app\_formis\_formis\settings.py changed, reloading.
INFO 2025-11-04 01:21:39,712 autoreload Watching for file changes with StatReloader
ERROR 2025-11-04 13:14:27,882 log Internal Server Error: /dashboard/department_head/candidatures/
Traceback (most recent call last):
  File "E:\formis_app\.env\Lib\site-packages\django\contrib\sessions\backends\base.py", line 244, in _get_session
    return self._session_cache
           ^^^^^^^^^^^^^^^^^^^
AttributeError: 'SessionStore' object has no attribute '_session_cache'

During handling of the above exception, another exception occurred:

Traceback (most recent call last):
  File "E:\formis_app\.env\Lib\site-packages\django\core\handlers\exception.py", line 55, in inner
    response = get_response(request)
               ^^^^^^^^^^^^^^^^^^^^^
  File "E:\formis_app\_formis\apps\accounts\middleware.py", line 35, in __call__
    if not request.user.is_authenticated:
           ^^^^^^^^^^^^^^^^^^^^^^^^^^^^^
  File "E:\formis_app\.env\Lib\site-packages\django\utils\functional.py", line 251, in inner
    self._setup()
  File "E:\formis_app\.env\Lib\site-packages\django\utils\functional.py", line 404, in _setup
    self._wrapped = self._setupfunc()
                    ^^^^^^^^^^^^^^^^^
  File "E:\formis_app\.env\Lib\site-packages\django\contrib\auth\middleware.py", line 40, in <lambda>
    request.user = SimpleLazyObject(lambda: get_user(request))
                                            ^^^^^^^^^^^^^^^^^
  File "E:\formis_app\.env\Lib\site-packages\django\contrib\auth\middleware.py", line 20, in get_user
    request._cached_user = auth.get_user(request)
                           ^^^^^^^^^^^^^^^^^^^^^^
  File "E:\formis_app\.env\Lib\site-packages\django\contrib\auth\__init__.py", line 304, in get_user
    user_id = _get_user_session_key(request)
              ^^^^^^^^^^^^^^^^^^^^^^^^^^^^^^
  File "E:\formis_app\.env\Lib\site-packages\django\contrib\auth\__init__.py", line 95, in _get_user_session_key
    return get_user_model()._meta.pk.to_python(request.session[SESSION_KEY])
                                               ~~~~~~~~~~~~~~~^^^^^^^^^^^^^
  File "E:\formis_app\.env\Lib\site-packages\django\contrib\sessions\backends\base.py", line 55, in __getitem__
    return self._session[key]
           ^^^^^^^^^^^^^
  File "E:\formis_app\.env\Lib\site-packages\django\contrib\sessions\backends\base.py", line 249, in _get_session
    self._session_cache = self.load()
                          ^^^^^^^^^^^
  File "E:\formis_app\.env\Lib\site-packages\django\contrib\sessions\backends\db.py", line 55, in load
    s = self._get_session_from_db()
        ^^^^^^^^^^^^^^^^^^^^^^^^^^^
  File "E:\formis_app\.env\Lib\site-packages\django\contrib\sessions\backends\db.py", line 34, in _get_session_from_db
    return self.model.objects.get(
           ^^^^^^^^^^^^^^^^^^^^^^^
  File "E:\formis_app\.env\Lib\site-packages\django\db\models\manager.py", line 87, in manager_method
    return getattr(self.get_queryset(), name)(*args, **kwargs)
           ^^^^^^^^^^^^^^^^^^^^^^^^^^^^^^^^^^^^^^^^^^^^^^^^^^^
  File "E:\formis_app\.env\Lib\site-packages\django\db\models\query.py", line 629, in get
    num = len(clone)
          ^^^^^^^^^^
  File "E:\formis_app\.env\Lib\site-packages\django\db\models\query.py", line 366, in __len__
    self._fetch_all()
  File "E:\formis_app\.env\Lib\site-packages\django\db\models\query.py", line 1949, in _fetch_all
    self._result_cache = list(self._iterable_class(self))
                         ^^^^^^^^^^^^^^^^^^^^^^^^^^^^^^^^
  File "E:\formis_app\.env\Lib\site-packages\django\db\models\query.py", line 91, in __iter__
    results = compiler.execute_sql(
              ^^^^^^^^^^^^^^^^^^^^^
  File "E:\formis_app\.env\Lib\site-packages\django\db\models\sql\compiler.py", line 1610, in execute_sql
    sql, params = self.as_sql()
                  ^^^^^^^^^^^^^
  File "E:\formis_app\.env\Lib\site-packages\django\db\models\sql\compiler.py", line 766, in as_sql
    extra_select, order_by, group_by = self.pre_sql_setup(
                                       ^^^^^^^^^^^^^^^^^^^
  File "E:\formis_app\.env\Lib\site-packages\django\db\models\sql\compiler.py", line 85, in pre_sql_setup
    self.setup_query(with_col_aliases=with_col_aliases)
  File "E:\formis_app\.env\Lib\site-packages\django\db\models\sql\compiler.py", line 74, in setup_query
    self.select, self.klass_info, self.annotation_col_map = self.get_select(
                                                            ^^^^^^^^^^^^^^^^
  File "E:\formis_app\.env\Lib\site-packages\django\db\models\sql\compiler.py", line 316, in get_select
    sql, params = self.compile(col)
                  ^^^^^^^^^^^^^^^^^
  File "E:\formis_app\.env\Lib\site-packages\django\db\models\sql\compiler.py", line 577, in compile
    sql, params = node.as_sql(self, self.connection)
                  ^^^^^^^^^^^^^^^^^^^^^^^^^^^^^^^^^^
  File "E:\formis_app\.env\Lib\site-packages\django\db\models\expressions.py", line 1322, in as_sql
    sql = ".".join(map(compiler.quote_name_unless_alias, identifiers))
          ^^^^^^^^^^^^^^^^^^^^^^^^^^^^^^^^^^^^^^^^^^^^^^^^^^^^^^^^^^^^
  File "E:\formis_app\.env\Lib\site-packages\django\db\models\sql\compiler.py", line 568, in quote_name_unless_alias
    r = self.connection.ops.quote_name(name)
        ^^^^^^^^^^^^^^^^^^^^^^^^^^^^^^^^^^^^
  File "E:\formis_app\.env\Lib\site-packages\django\db\backends\dummy\base.py", line 20, in complain
    raise ImproperlyConfigured(
django.core.exceptions.ImproperlyConfigured: settings.DATABASES is improperly configured. Please supply the ENGINE value. Check settings documentation for more details.
ERROR 2025-11-04 13:14:27,932 basehttp "GET /dashboard/department_head/candidatures/ HTTP/1.1" 500 177876
ERROR 2025-11-04 13:14:32,049 log Internal Server Error: /dashboard/department_head/candidatures/
Traceback (most recent call last):
  File "E:\formis_app\.env\Lib\site-packages\django\contrib\sessions\backends\base.py", line 244, in _get_session
    return self._session_cache
           ^^^^^^^^^^^^^^^^^^^
AttributeError: 'SessionStore' object has no attribute '_session_cache'

During handling of the above exception, another exception occurred:

Traceback (most recent call last):
  File "E:\formis_app\.env\Lib\site-packages\django\core\handlers\exception.py", line 55, in inner
    response = get_response(request)
               ^^^^^^^^^^^^^^^^^^^^^
  File "E:\formis_app\_formis\apps\accounts\middleware.py", line 35, in __call__
    if not request.user.is_authenticated:
           ^^^^^^^^^^^^^^^^^^^^^^^^^^^^^
  File "E:\formis_app\.env\Lib\site-packages\django\utils\functional.py", line 251, in inner
    self._setup()
  File "E:\formis_app\.env\Lib\site-packages\django\utils\functional.py", line 404, in _setup
    self._wrapped = self._setupfunc()
                    ^^^^^^^^^^^^^^^^^
  File "E:\formis_app\.env\Lib\site-packages\django\contrib\auth\middleware.py", line 40, in <lambda>
    request.user = SimpleLazyObject(lambda: get_user(request))
                                            ^^^^^^^^^^^^^^^^^
  File "E:\formis_app\.env\Lib\site-packages\django\contrib\auth\middleware.py", line 20, in get_user
    request._cached_user = auth.get_user(request)
                           ^^^^^^^^^^^^^^^^^^^^^^
  File "E:\formis_app\.env\Lib\site-packages\django\contrib\auth\__init__.py", line 304, in get_user
    user_id = _get_user_session_key(request)
              ^^^^^^^^^^^^^^^^^^^^^^^^^^^^^^
  File "E:\formis_app\.env\Lib\site-packages\django\contrib\auth\__init__.py", line 95, in _get_user_session_key
    return get_user_model()._meta.pk.to_python(request.session[SESSION_KEY])
                                               ~~~~~~~~~~~~~~~^^^^^^^^^^^^^
  File "E:\formis_app\.env\Lib\site-packages\django\contrib\sessions\backends\base.py", line 55, in __getitem__
    return self._session[key]
           ^^^^^^^^^^^^^
  File "E:\formis_app\.env\Lib\site-packages\django\contrib\sessions\backends\base.py", line 249, in _get_session
    self._session_cache = self.load()
                          ^^^^^^^^^^^
  File "E:\formis_app\.env\Lib\site-packages\django\contrib\sessions\backends\db.py", line 55, in load
    s = self._get_session_from_db()
        ^^^^^^^^^^^^^^^^^^^^^^^^^^^
  File "E:\formis_app\.env\Lib\site-packages\django\contrib\sessions\backends\db.py", line 34, in _get_session_from_db
    return self.model.objects.get(
           ^^^^^^^^^^^^^^^^^^^^^^^
  File "E:\formis_app\.env\Lib\site-packages\django\db\models\manager.py", line 87, in manager_method
    return getattr(self.get_queryset(), name)(*args, **kwargs)
           ^^^^^^^^^^^^^^^^^^^^^^^^^^^^^^^^^^^^^^^^^^^^^^^^^^^
  File "E:\formis_app\.env\Lib\site-packages\django\db\models\query.py", line 629, in get
    num = len(clone)
          ^^^^^^^^^^
  File "E:\formis_app\.env\Lib\site-packages\django\db\models\query.py", line 366, in __len__
    self._fetch_all()
  File "E:\formis_app\.env\Lib\site-packages\django\db\models\query.py", line 1949, in _fetch_all
    self._result_cache = list(self._iterable_class(self))
                         ^^^^^^^^^^^^^^^^^^^^^^^^^^^^^^^^
  File "E:\formis_app\.env\Lib\site-packages\django\db\models\query.py", line 91, in __iter__
    results = compiler.execute_sql(
              ^^^^^^^^^^^^^^^^^^^^^
  File "E:\formis_app\.env\Lib\site-packages\django\db\models\sql\compiler.py", line 1610, in execute_sql
    sql, params = self.as_sql()
                  ^^^^^^^^^^^^^
  File "E:\formis_app\.env\Lib\site-packages\django\db\models\sql\compiler.py", line 766, in as_sql
    extra_select, order_by, group_by = self.pre_sql_setup(
                                       ^^^^^^^^^^^^^^^^^^^
  File "E:\formis_app\.env\Lib\site-packages\django\db\models\sql\compiler.py", line 85, in pre_sql_setup
    self.setup_query(with_col_aliases=with_col_aliases)
  File "E:\formis_app\.env\Lib\site-packages\django\db\models\sql\compiler.py", line 74, in setup_query
    self.select, self.klass_info, self.annotation_col_map = self.get_select(
                                                            ^^^^^^^^^^^^^^^^
  File "E:\formis_app\.env\Lib\site-packages\django\db\models\sql\compiler.py", line 316, in get_select
    sql, params = self.compile(col)
                  ^^^^^^^^^^^^^^^^^
  File "E:\formis_app\.env\Lib\site-packages\django\db\models\sql\compiler.py", line 577, in compile
    sql, params = node.as_sql(self, self.connection)
                  ^^^^^^^^^^^^^^^^^^^^^^^^^^^^^^^^^^
  File "E:\formis_app\.env\Lib\site-packages\django\db\models\expressions.py", line 1322, in as_sql
    sql = ".".join(map(compiler.quote_name_unless_alias, identifiers))
          ^^^^^^^^^^^^^^^^^^^^^^^^^^^^^^^^^^^^^^^^^^^^^^^^^^^^^^^^^^^^
  File "E:\formis_app\.env\Lib\site-packages\django\db\models\sql\compiler.py", line 568, in quote_name_unless_alias
    r = self.connection.ops.quote_name(name)
        ^^^^^^^^^^^^^^^^^^^^^^^^^^^^^^^^^^^^
  File "E:\formis_app\.env\Lib\site-packages\django\db\backends\dummy\base.py", line 20, in complain
    raise ImproperlyConfigured(
django.core.exceptions.ImproperlyConfigured: settings.DATABASES is improperly configured. Please supply the ENGINE value. Check settings documentation for more details.
ERROR 2025-11-04 13:14:32,081 basehttp "GET /dashboard/department_head/candidatures/ HTTP/1.1" 500 177876
ERROR 2025-11-04 13:14:40,192 log Internal Server Error: /dashboard/department_head/teachers/
Traceback (most recent call last):
  File "E:\formis_app\.env\Lib\site-packages\django\contrib\sessions\backends\base.py", line 244, in _get_session
    return self._session_cache
           ^^^^^^^^^^^^^^^^^^^
AttributeError: 'SessionStore' object has no attribute '_session_cache'

During handling of the above exception, another exception occurred:

Traceback (most recent call last):
  File "E:\formis_app\.env\Lib\site-packages\django\core\handlers\exception.py", line 55, in inner
    response = get_response(request)
               ^^^^^^^^^^^^^^^^^^^^^
  File "E:\formis_app\_formis\apps\accounts\middleware.py", line 35, in __call__
    if not request.user.is_authenticated:
           ^^^^^^^^^^^^^^^^^^^^^^^^^^^^^
  File "E:\formis_app\.env\Lib\site-packages\django\utils\functional.py", line 251, in inner
    self._setup()
  File "E:\formis_app\.env\Lib\site-packages\django\utils\functional.py", line 404, in _setup
    self._wrapped = self._setupfunc()
                    ^^^^^^^^^^^^^^^^^
  File "E:\formis_app\.env\Lib\site-packages\django\contrib\auth\middleware.py", line 40, in <lambda>
    request.user = SimpleLazyObject(lambda: get_user(request))
                                            ^^^^^^^^^^^^^^^^^
  File "E:\formis_app\.env\Lib\site-packages\django\contrib\auth\middleware.py", line 20, in get_user
    request._cached_user = auth.get_user(request)
                           ^^^^^^^^^^^^^^^^^^^^^^
  File "E:\formis_app\.env\Lib\site-packages\django\contrib\auth\__init__.py", line 304, in get_user
    user_id = _get_user_session_key(request)
              ^^^^^^^^^^^^^^^^^^^^^^^^^^^^^^
  File "E:\formis_app\.env\Lib\site-packages\django\contrib\auth\__init__.py", line 95, in _get_user_session_key
    return get_user_model()._meta.pk.to_python(request.session[SESSION_KEY])
                                               ~~~~~~~~~~~~~~~^^^^^^^^^^^^^
  File "E:\formis_app\.env\Lib\site-packages\django\contrib\sessions\backends\base.py", line 55, in __getitem__
    return self._session[key]
           ^^^^^^^^^^^^^
  File "E:\formis_app\.env\Lib\site-packages\django\contrib\sessions\backends\base.py", line 249, in _get_session
    self._session_cache = self.load()
                          ^^^^^^^^^^^
  File "E:\formis_app\.env\Lib\site-packages\django\contrib\sessions\backends\db.py", line 55, in load
    s = self._get_session_from_db()
        ^^^^^^^^^^^^^^^^^^^^^^^^^^^
  File "E:\formis_app\.env\Lib\site-packages\django\contrib\sessions\backends\db.py", line 34, in _get_session_from_db
    return self.model.objects.get(
           ^^^^^^^^^^^^^^^^^^^^^^^
  File "E:\formis_app\.env\Lib\site-packages\django\db\models\manager.py", line 87, in manager_method
    return getattr(self.get_queryset(), name)(*args, **kwargs)
           ^^^^^^^^^^^^^^^^^^^^^^^^^^^^^^^^^^^^^^^^^^^^^^^^^^^
  File "E:\formis_app\.env\Lib\site-packages\django\db\models\query.py", line 629, in get
    num = len(clone)
          ^^^^^^^^^^
  File "E:\formis_app\.env\Lib\site-packages\django\db\models\query.py", line 366, in __len__
    self._fetch_all()
  File "E:\formis_app\.env\Lib\site-packages\django\db\models\query.py", line 1949, in _fetch_all
    self._result_cache = list(self._iterable_class(self))
                         ^^^^^^^^^^^^^^^^^^^^^^^^^^^^^^^^
  File "E:\formis_app\.env\Lib\site-packages\django\db\models\query.py", line 91, in __iter__
    results = compiler.execute_sql(
              ^^^^^^^^^^^^^^^^^^^^^
  File "E:\formis_app\.env\Lib\site-packages\django\db\models\sql\compiler.py", line 1610, in execute_sql
    sql, params = self.as_sql()
                  ^^^^^^^^^^^^^
  File "E:\formis_app\.env\Lib\site-packages\django\db\models\sql\compiler.py", line 766, in as_sql
    extra_select, order_by, group_by = self.pre_sql_setup(
                                       ^^^^^^^^^^^^^^^^^^^
  File "E:\formis_app\.env\Lib\site-packages\django\db\models\sql\compiler.py", line 85, in pre_sql_setup
    self.setup_query(with_col_aliases=with_col_aliases)
  File "E:\formis_app\.env\Lib\site-packages\django\db\models\sql\compiler.py", line 74, in setup_query
    self.select, self.klass_info, self.annotation_col_map = self.get_select(
                                                            ^^^^^^^^^^^^^^^^
  File "E:\formis_app\.env\Lib\site-packages\django\db\models\sql\compiler.py", line 316, in get_select
    sql, params = self.compile(col)
                  ^^^^^^^^^^^^^^^^^
  File "E:\formis_app\.env\Lib\site-packages\django\db\models\sql\compiler.py", line 577, in compile
    sql, params = node.as_sql(self, self.connection)
                  ^^^^^^^^^^^^^^^^^^^^^^^^^^^^^^^^^^
  File "E:\formis_app\.env\Lib\site-packages\django\db\models\expressions.py", line 1322, in as_sql
    sql = ".".join(map(compiler.quote_name_unless_alias, identifiers))
          ^^^^^^^^^^^^^^^^^^^^^^^^^^^^^^^^^^^^^^^^^^^^^^^^^^^^^^^^^^^^
  File "E:\formis_app\.env\Lib\site-packages\django\db\models\sql\compiler.py", line 568, in quote_name_unless_alias
    r = self.connection.ops.quote_name(name)
        ^^^^^^^^^^^^^^^^^^^^^^^^^^^^^^^^^^^^
  File "E:\formis_app\.env\Lib\site-packages\django\db\backends\dummy\base.py", line 20, in complain
    raise ImproperlyConfigured(
django.core.exceptions.ImproperlyConfigured: settings.DATABASES is improperly configured. Please supply the ENGINE value. Check settings documentation for more details.
ERROR 2025-11-04 13:14:40,226 basehttp "GET /dashboard/department_head/teachers/ HTTP/1.1" 500 177668
ERROR 2025-11-04 13:14:46,901 log Internal Server Error: /dashboard/department_head/
Traceback (most recent call last):
  File "E:\formis_app\.env\Lib\site-packages\django\contrib\sessions\backends\base.py", line 244, in _get_session
    return self._session_cache
           ^^^^^^^^^^^^^^^^^^^
AttributeError: 'SessionStore' object has no attribute '_session_cache'

During handling of the above exception, another exception occurred:

Traceback (most recent call last):
  File "E:\formis_app\.env\Lib\site-packages\django\core\handlers\exception.py", line 55, in inner
    response = get_response(request)
               ^^^^^^^^^^^^^^^^^^^^^
  File "E:\formis_app\_formis\apps\accounts\middleware.py", line 35, in __call__
    if not request.user.is_authenticated:
           ^^^^^^^^^^^^^^^^^^^^^^^^^^^^^
  File "E:\formis_app\.env\Lib\site-packages\django\utils\functional.py", line 251, in inner
    self._setup()
  File "E:\formis_app\.env\Lib\site-packages\django\utils\functional.py", line 404, in _setup
    self._wrapped = self._setupfunc()
                    ^^^^^^^^^^^^^^^^^
  File "E:\formis_app\.env\Lib\site-packages\django\contrib\auth\middleware.py", line 40, in <lambda>
    request.user = SimpleLazyObject(lambda: get_user(request))
                                            ^^^^^^^^^^^^^^^^^
  File "E:\formis_app\.env\Lib\site-packages\django\contrib\auth\middleware.py", line 20, in get_user
    request._cached_user = auth.get_user(request)
                           ^^^^^^^^^^^^^^^^^^^^^^
  File "E:\formis_app\.env\Lib\site-packages\django\contrib\auth\__init__.py", line 304, in get_user
    user_id = _get_user_session_key(request)
              ^^^^^^^^^^^^^^^^^^^^^^^^^^^^^^
  File "E:\formis_app\.env\Lib\site-packages\django\contrib\auth\__init__.py", line 95, in _get_user_session_key
    return get_user_model()._meta.pk.to_python(request.session[SESSION_KEY])
                                               ~~~~~~~~~~~~~~~^^^^^^^^^^^^^
  File "E:\formis_app\.env\Lib\site-packages\django\contrib\sessions\backends\base.py", line 55, in __getitem__
    return self._session[key]
           ^^^^^^^^^^^^^
  File "E:\formis_app\.env\Lib\site-packages\django\contrib\sessions\backends\base.py", line 249, in _get_session
    self._session_cache = self.load()
                          ^^^^^^^^^^^
  File "E:\formis_app\.env\Lib\site-packages\django\contrib\sessions\backends\db.py", line 55, in load
    s = self._get_session_from_db()
        ^^^^^^^^^^^^^^^^^^^^^^^^^^^
  File "E:\formis_app\.env\Lib\site-packages\django\contrib\sessions\backends\db.py", line 34, in _get_session_from_db
    return self.model.objects.get(
           ^^^^^^^^^^^^^^^^^^^^^^^
  File "E:\formis_app\.env\Lib\site-packages\django\db\models\manager.py", line 87, in manager_method
    return getattr(self.get_queryset(), name)(*args, **kwargs)
           ^^^^^^^^^^^^^^^^^^^^^^^^^^^^^^^^^^^^^^^^^^^^^^^^^^^
  File "E:\formis_app\.env\Lib\site-packages\django\db\models\query.py", line 629, in get
    num = len(clone)
          ^^^^^^^^^^
  File "E:\formis_app\.env\Lib\site-packages\django\db\models\query.py", line 366, in __len__
    self._fetch_all()
  File "E:\formis_app\.env\Lib\site-packages\django\db\models\query.py", line 1949, in _fetch_all
    self._result_cache = list(self._iterable_class(self))
                         ^^^^^^^^^^^^^^^^^^^^^^^^^^^^^^^^
  File "E:\formis_app\.env\Lib\site-packages\django\db\models\query.py", line 91, in __iter__
    results = compiler.execute_sql(
              ^^^^^^^^^^^^^^^^^^^^^
  File "E:\formis_app\.env\Lib\site-packages\django\db\models\sql\compiler.py", line 1610, in execute_sql
    sql, params = self.as_sql()
                  ^^^^^^^^^^^^^
  File "E:\formis_app\.env\Lib\site-packages\django\db\models\sql\compiler.py", line 766, in as_sql
    extra_select, order_by, group_by = self.pre_sql_setup(
                                       ^^^^^^^^^^^^^^^^^^^
  File "E:\formis_app\.env\Lib\site-packages\django\db\models\sql\compiler.py", line 85, in pre_sql_setup
    self.setup_query(with_col_aliases=with_col_aliases)
  File "E:\formis_app\.env\Lib\site-packages\django\db\models\sql\compiler.py", line 74, in setup_query
    self.select, self.klass_info, self.annotation_col_map = self.get_select(
                                                            ^^^^^^^^^^^^^^^^
  File "E:\formis_app\.env\Lib\site-packages\django\db\models\sql\compiler.py", line 316, in get_select
    sql, params = self.compile(col)
                  ^^^^^^^^^^^^^^^^^
  File "E:\formis_app\.env\Lib\site-packages\django\db\models\sql\compiler.py", line 577, in compile
    sql, params = node.as_sql(self, self.connection)
                  ^^^^^^^^^^^^^^^^^^^^^^^^^^^^^^^^^^
  File "E:\formis_app\.env\Lib\site-packages\django\db\models\expressions.py", line 1322, in as_sql
    sql = ".".join(map(compiler.quote_name_unless_alias, identifiers))
          ^^^^^^^^^^^^^^^^^^^^^^^^^^^^^^^^^^^^^^^^^^^^^^^^^^^^^^^^^^^^
  File "E:\formis_app\.env\Lib\site-packages\django\db\models\sql\compiler.py", line 568, in quote_name_unless_alias
    r = self.connection.ops.quote_name(name)
        ^^^^^^^^^^^^^^^^^^^^^^^^^^^^^^^^^^^^
  File "E:\formis_app\.env\Lib\site-packages\django\db\backends\dummy\base.py", line 20, in complain
    raise ImproperlyConfigured(
django.core.exceptions.ImproperlyConfigured: settings.DATABASES is improperly configured. Please supply the ENGINE value. Check settings documentation for more details.
ERROR 2025-11-04 13:14:46,921 basehttp "GET /dashboard/department_head/ HTTP/1.1" 500 177700
INFO 2025-11-04 13:16:41,248 autoreload E:\formis_app\_formis\_formis\settings.py changed, reloading.
INFO 2025-11-04 13:16:47,245 autoreload Watching for file changes with StatReloader
INFO 2025-11-04 13:16:56,221 basehttp "GET /dashboard/department_head/ HTTP/1.1" 200 51837
INFO 2025-11-04 13:16:58,850 basehttp "GET /dashboard/department_head/candidatures/ HTTP/1.1" 200 83846
INFO 2025-11-04 14:11:22,490 autoreload E:\formis_app\_formis\apps\enrollment\models.py changed, reloading.
INFO 2025-11-04 14:11:27,399 autoreload Watching for file changes with StatReloader
INFO 2025-11-04 14:13:32,899 autoreload E:\formis_app\_formis\apps\payments\views.py changed, reloading.
INFO 2025-11-04 14:13:37,323 autoreload Watching for file changes with StatReloader
INFO 2025-11-04 14:13:47,235 autoreload E:\formis_app\_formis\apps\payments\views.py changed, reloading.
INFO 2025-11-04 14:13:51,610 autoreload Watching for file changes with StatReloader
INFO 2025-11-04 14:19:08,453 autoreload E:\formis_app\_formis\apps\enrollment\apps.py changed, reloading.
INFO 2025-11-04 14:19:10,167 autoreload Watching for file changes with StatReloader
INFO 2025-11-04 14:19:17,958 autoreload E:\formis_app\_formis\apps\enrollment\signals.py changed, reloading.
INFO 2025-11-04 14:19:19,946 autoreload Watching for file changes with StatReloader
INFO 2025-11-04 14:20:56,698 autoreload E:\formis_app\_formis\apps\enrollment\views.py changed, reloading.
INFO 2025-11-04 14:21:02,369 autoreload Watching for file changes with StatReloader
INFO 2025-11-04 14:21:11,511 basehttp "GET / HTTP/1.1" 200 16444
INFO 2025-11-04 14:21:13,681 basehttp "GET /enrollment/candidature/nouvelle/ HTTP/1.1" 200 65344
INFO 2025-11-04 14:21:14,280 basehttp "GET /establishments/api/public/annees-academiques/ HTTP/1.1" 200 188
INFO 2025-11-04 14:21:14,316 basehttp "GET /establishments/api/public/etablissements/ HTTP/1.1" 200 386
INFO 2025-11-04 14:21:19,681 basehttp "GET /academic/api/public/departements/66b3697d-1eeb-4fe5-8c28-91b9caf2b84f/ HTTP/1.1" 200 1712
INFO 2025-11-04 14:21:24,277 basehttp "GET /academic/api/public/filieres/075af644-72bd-4d54-b30f-e96a3b5defbe/ HTTP/1.1" 200 1086
INFO 2025-11-04 14:21:26,207 basehttp "GET /academic/api/public/niveaux/faa8d711-8867-4445-b270-e2170bfa96f7/ HTTP/1.1" 200 924
INFO 2025-11-04 14:21:26,345 basehttp "GET /enrollment/api/public/documents-requis/filiere/faa8d711-8867-4445-b270-e2170bfa96f7/ HTTP/1.1" 200 171
INFO 2025-11-04 14:21:51,231 views Début traitement candidature AJAX
INFO 2025-11-04 14:21:55,540 views Email de confirmation envoyé à testuser.testeur@gmail.com
INFO 2025-11-04 14:21:55,540 views Candidature créée et soumise: CAND2025 UOST0001
INFO 2025-11-04 14:21:55,556 basehttp "POST /enrollment/candidature/nouvelle/ HTTP/1.1" 200 272
INFO 2025-11-04 14:21:57,437 basehttp "GET /enrollment/candidature/success/?numero=CAND2025%20UOST0001 HTTP/1.1" 200 10748
INFO 2025-11-04 14:22:08,854 basehttp "GET /dashboard/department_head/candidatures/ HTTP/1.1" 200 93447
INFO 2025-11-04 14:22:13,437 views Examen démarré pour candidature CAND2025 UOST0001 par Frankenstein
INFO 2025-11-04 14:22:13,440 basehttp "POST /enrollment/candidature/d44db2cb-5a33-4b17-a1e9-0772ee01b54d/start-exam/ HTTP/1.1" 200 73
INFO 2025-11-04 14:22:15,554 basehttp "GET /dashboard/department_head/candidatures/ HTTP/1.1" 200 93466
INFO 2025-11-04 14:22:30,860 views Compte créé pour testuser.testeur@gmail.com
INFO 2025-11-04 14:22:30,868 basehttp "POST /enrollment/candidature/d44db2cb-5a33-4b17-a1e9-0772ee01b54d/evaluer/ HTTP/1.1" 200 139
INFO 2025-11-04 14:22:32,849 basehttp "GET /dashboard/department_head/candidatures/ HTTP/1.1" 200 93142
INFO 2025-11-04 14:23:27,120 basehttp "GET /enrollment/inscription/nouvelle/bHDII830sspKNo8w6skGYr_76RdBegd2ZDp3sZzAHc0/ HTTP/1.1" 200 21567
WARNING 2025-11-04 14:23:27,402 log Not Found: /.well-known/appspecific/com.chrome.devtools.json
WARNING 2025-11-04 14:23:27,450 basehttp "GET /.well-known/appspecific/com.chrome.devtools.json HTTP/1.1" 404 4132
INFO 2025-11-04 14:23:41,467 views [OK] Inscription créée (sans apprenant): INS2025UO00002
INFO 2025-11-04 14:23:41,489 views [OK] Paiement créé: 86d752d4-7a60-4eb0-a636-b2f924c77004 - Montant: 100.00
INFO 2025-11-04 14:23:41,507 basehttp "POST /enrollment/inscription/nouvelle/bHDII830sspKNo8w6skGYr_76RdBegd2ZDp3sZzAHc0/ HTTP/1.1" 200 181
INFO 2025-11-04 14:23:42,728 views URLs de retour publiques créées pour paiement PAY2025110414234115E735
INFO 2025-11-04 14:23:42,729 ligdicash [API] Creation paiement LigdiCash: 86d752d4-7a60-4eb0-a636-b2f924c77004 - 100.00 XOF
INFO 2025-11-04 14:23:44,230 ligdicash [API] Status Code: 200
ERROR 2025-11-04 14:23:44,231 ligdicash [ERROR] LigdiCash: 01 - Erreur dans la requete
ERROR 2025-11-04 14:23:44,231 ligdicash Response: {
  "response_code": "01",
  "token": "",
  "response_text": "Echec (Code08)",
  "description": "Empty command actions",
  "custom_data": [],
  "wiki": "https://client.ligdicash.com/wiki/createInvoice"
}
ERROR 2025-11-04 14:23:44,235 views [ERROR] Création paiement LigdiCash: Erreur dans la requete
ERROR 2025-11-04 14:23:44,246 views [ERROR] payer_ligdicash_public: Reverse for 'inscription_nouvelle' not found. 'inscription_nouvelle' is not a valid view function or pattern name.
Traceback (most recent call last):
  File "E:\formis_app\_formis\apps\payments\views.py", line 1099, in payer_ligdicash_public
    return redirect('enrollment:inscription_nouvelle', token=token)
           ^^^^^^^^^^^^^^^^^^^^^^^^^^^^^^^^^^^^^^^^^^^^^^^^^^^^^^^^
  File "E:\formis_app\.env\Lib\site-packages\django\shortcuts.py", line 51, in redirect
    resolve_url(to, *args, **kwargs),
    ^^^^^^^^^^^^^^^^^^^^^^^^^^^^^^^^
  File "E:\formis_app\.env\Lib\site-packages\django\shortcuts.py", line 184, in resolve_url
    return reverse(to, args=args, kwargs=kwargs)
           ^^^^^^^^^^^^^^^^^^^^^^^^^^^^^^^^^^^^^
  File "E:\formis_app\.env\Lib\site-packages\django\urls\base.py", line 98, in reverse
    resolved_url = resolver._reverse_with_prefix(view, prefix, *args, **kwargs)
                   ^^^^^^^^^^^^^^^^^^^^^^^^^^^^^^^^^^^^^^^^^^^^^^^^^^^^^^^^^^^^
  File "E:\formis_app\.env\Lib\site-packages\django\urls\resolvers.py", line 831, in _reverse_with_prefix
    raise NoReverseMatch(msg)
django.urls.exceptions.NoReverseMatch: Reverse for 'inscription_nouvelle' not found. 'inscription_nouvelle' is not a valid view function or pattern name.
INFO 2025-11-04 14:23:44,309 basehttp "GET /payments/public/86d752d4-7a60-4eb0-a636-b2f924c77004/bHDII830sspKNo8w6skGYr_76RdBegd2ZDp3sZzAHc0/ HTTP/1.1" 302 0
INFO 2025-11-04 14:23:44,336 basehttp "GET /enrollment/candidature/nouvelle/ HTTP/1.1" 200 65344
WARNING 2025-11-04 14:23:44,507 log Not Found: /.well-known/appspecific/com.chrome.devtools.json
WARNING 2025-11-04 14:23:44,520 basehttp "GET /.well-known/appspecific/com.chrome.devtools.json HTTP/1.1" 404 4132
INFO 2025-11-04 14:23:44,922 basehttp "GET /establishments/api/public/annees-academiques/ HTTP/1.1" 200 188
INFO 2025-11-04 14:23:45,089 basehttp "GET /establishments/api/public/etablissements/ HTTP/1.1" 200 386
INFO 2025-11-04 14:38:46,753 autoreload E:\formis_app\_formis\apps\payments\services\ligdicash.py changed, reloading.
INFO 2025-11-04 14:38:51,709 autoreload Watching for file changes with StatReloader
INFO 2025-11-04 14:39:42,098 autoreload E:\formis_app\_formis\apps\payments\views.py changed, reloading.
INFO 2025-11-04 14:39:47,362 autoreload Watching for file changes with StatReloader
INFO 2025-11-04 14:40:57,922 basehttp "GET /enrollment/inscription/nouvelle/bHDII830sspKNo8w6skGYr_76RdBegd2ZDp3sZzAHc0/ HTTP/1.1" 302 0
INFO 2025-11-04 14:40:58,039 basehttp "GET /accounts/login/ HTTP/1.1" 302 0
INFO 2025-11-04 14:40:58,729 basehttp "GET /dashboard/department_head/ HTTP/1.1" 200 51837
INFO 2025-11-04 14:40:59,803 basehttp "GET /media/profils/IMG_20211223_151546_741.jpg HTTP/1.1" 200 2749121
INFO 2025-11-04 14:41:18,485 basehttp "GET /enrollment/inscription/nouvelle/bHDII830sspKNo8w6skGYr_76RdBegd2ZDp3sZzAHc0/ HTTP/1.1" 302 0
INFO 2025-11-04 14:41:18,517 basehttp "GET /accounts/login/ HTTP/1.1" 200 17154
WARNING 2025-11-04 14:41:18,717 log Not Found: /.well-known/appspecific/com.chrome.devtools.json
WARNING 2025-11-04 14:41:18,719 basehttp "GET /.well-known/appspecific/com.chrome.devtools.json HTTP/1.1" 404 4132
INFO 2025-11-04 14:44:15,961 basehttp "GET /dashboard/department_head/candidatures/ HTTP/1.1" 200 83846
INFO 2025-11-04 14:44:23,659 basehttp "GET / HTTP/1.1" 200 16444
INFO 2025-11-04 14:44:26,350 basehttp "GET /enrollment/candidature/nouvelle/ HTTP/1.1" 200 65344
INFO 2025-11-04 14:44:26,870 basehttp "GET /establishments/api/public/etablissements/ HTTP/1.1" 200 386
INFO 2025-11-04 14:44:26,883 basehttp "GET /establishments/api/public/annees-academiques/ HTTP/1.1" 200 188
INFO 2025-11-04 14:44:30,413 basehttp "GET /academic/api/public/departements/66b3697d-1eeb-4fe5-8c28-91b9caf2b84f/ HTTP/1.1" 200 1712
INFO 2025-11-04 14:44:36,958 basehttp "GET /academic/api/public/filieres/075af644-72bd-4d54-b30f-e96a3b5defbe/ HTTP/1.1" 200 1086
INFO 2025-11-04 14:44:40,454 basehttp "GET /academic/api/public/niveaux/faa8d711-8867-4445-b270-e2170bfa96f7/ HTTP/1.1" 200 924
INFO 2025-11-04 14:44:40,626 basehttp "GET /enrollment/api/public/documents-requis/filiere/faa8d711-8867-4445-b270-e2170bfa96f7/ HTTP/1.1" 200 171
INFO 2025-11-04 14:45:19,034 views Début traitement candidature AJAX
INFO 2025-11-04 14:45:23,265 views Email de confirmation envoyé à testuser.testeur@gmail.com
INFO 2025-11-04 14:45:23,265 views Candidature créée et soumise: CAND2025 UOST0001
INFO 2025-11-04 14:45:23,280 basehttp "POST /enrollment/candidature/nouvelle/ HTTP/1.1" 200 272
INFO 2025-11-04 14:45:25,100 basehttp "GET /enrollment/candidature/success/?numero=CAND2025%20UOST0001 HTTP/1.1" 200 10748
INFO 2025-11-04 14:45:34,317 basehttp "GET /dashboard/department_head/candidatures/ HTTP/1.1" 200 93447
INFO 2025-11-04 14:45:37,604 views Examen démarré pour candidature CAND2025 UOST0001 par Frankenstein
INFO 2025-11-04 14:45:37,617 basehttp "POST /enrollment/candidature/77787bb8-761a-479d-becb-c6071a2c34bb/start-exam/ HTTP/1.1" 200 73
INFO 2025-11-04 14:45:39,396 basehttp "GET /dashboard/department_head/candidatures/ HTTP/1.1" 200 93466
INFO 2025-11-04 14:45:55,332 views Compte créé pour testuser.testeur@gmail.com
INFO 2025-11-04 14:45:55,340 basehttp "POST /enrollment/candidature/77787bb8-761a-479d-becb-c6071a2c34bb/evaluer/ HTTP/1.1" 200 139
INFO 2025-11-04 14:46:07,151 basehttp "GET /dashboard/department_head/candidatures/ HTTP/1.1" 200 93142
INFO 2025-11-04 14:46:28,601 basehttp "GET /enrollment/inscription/nouvelle/y57Mbj8-pTRrkVJhFL9f54ovyk8zDJJVEL_4LdwE6R4/ HTTP/1.1" 200 21567
WARNING 2025-11-04 14:46:28,708 log Not Found: /.well-known/appspecific/com.chrome.devtools.json
WARNING 2025-11-04 14:46:28,719 basehttp "GET /.well-known/appspecific/com.chrome.devtools.json HTTP/1.1" 404 4132
INFO 2025-11-04 14:46:50,903 views [OK] Inscription créée (sans apprenant): INS2025UO00002
INFO 2025-11-04 14:46:50,920 views [OK] Paiement créé: 5eb8b34c-46e8-4367-9a56-d6141c5edff3 - Montant: 100.00
INFO 2025-11-04 14:46:50,929 basehttp "POST /enrollment/inscription/nouvelle/y57Mbj8-pTRrkVJhFL9f54ovyk8zDJJVEL_4LdwE6R4/ HTTP/1.1" 200 181
INFO 2025-11-04 14:46:52,103 views URLs de retour publiques créées pour paiement PAY202511041446507A1552
INFO 2025-11-04 14:46:52,103 ligdicash [API] Creation paiement LigdiCash: 5eb8b34c-46e8-4367-9a56-d6141c5edff3 - 100.00 XOF
INFO 2025-11-04 14:46:53,252 ligdicash [API] Status Code: 200
ERROR 2025-11-04 14:46:53,252 ligdicash [ERROR] LigdiCash: 01 - Erreur dans la requete
ERROR 2025-11-04 14:46:53,253 ligdicash Description: Empty command actions
ERROR 2025-11-04 14:46:53,254 ligdicash Response: {
  "response_code": "01",
  "token": "",
  "response_text": "Echec (Code08)",
  "description": "Empty command actions",
  "custom_data": [],
  "wiki": "https://client.ligdicash.com/wiki/createInvoice"
}
ERROR 2025-11-04 14:46:53,261 views [ERROR] Création paiement LigdiCash: Erreur dans la requete
INFO 2025-11-04 14:46:53,277 basehttp "GET /payments/public/5eb8b34c-46e8-4367-9a56-d6141c5edff3/y57Mbj8-pTRrkVJhFL9f54ovyk8zDJJVEL_4LdwE6R4/ HTTP/1.1" 302 0
INFO 2025-11-04 14:46:53,392 basehttp "GET /enrollment/inscription/nouvelle/y57Mbj8-pTRrkVJhFL9f54ovyk8zDJJVEL_4LdwE6R4/ HTTP/1.1" 302 0
INFO 2025-11-04 14:46:53,418 basehttp "GET /accounts/login/ HTTP/1.1" 200 16759
WARNING 2025-11-04 14:46:53,560 log Not Found: /.well-known/appspecific/com.chrome.devtools.json
WARNING 2025-11-04 14:46:53,581 basehttp "GET /.well-known/appspecific/com.chrome.devtools.json HTTP/1.1" 404 4132
INFO 2025-11-04 19:50:39,950 autoreload E:\formis_app\_formis\apps\enrollment\views.py changed, reloading.
INFO 2025-11-04 19:50:49,293 autoreload Watching for file changes with StatReloader
INFO 2025-11-04 19:55:14,568 autoreload E:\formis_app\_formis\apps\payments\views.py changed, reloading.
INFO 2025-11-04 19:55:17,837 autoreload Watching for file changes with StatReloader
INFO 2025-11-04 19:59:46,708 autoreload E:\formis_app\_formis\apps\payments\services\ligdicash.py changed, reloading.
INFO 2025-11-04 19:59:48,355 autoreload Watching for file changes with StatReloader
INFO 2025-11-04 20:05:51,811 basehttp "GET / HTTP/1.1" 200 16444
INFO 2025-11-04 20:06:20,370 basehttp "GET /enrollment/candidature/nouvelle/ HTTP/1.1" 200 65344
INFO 2025-11-04 20:06:20,917 basehttp "GET /establishments/api/public/annees-academiques/ HTTP/1.1" 200 188
INFO 2025-11-04 20:06:20,970 basehttp "GET /establishments/api/public/etablissements/ HTTP/1.1" 200 386
INFO 2025-11-04 20:06:27,330 basehttp "GET /academic/api/public/departements/66b3697d-1eeb-4fe5-8c28-91b9caf2b84f/ HTTP/1.1" 200 1712
INFO 2025-11-04 20:08:58,745 basehttp "GET /academic/api/public/filieres/075af644-72bd-4d54-b30f-e96a3b5defbe/ HTTP/1.1" 200 1086
INFO 2025-11-04 20:09:00,878 basehttp "GET /academic/api/public/niveaux/faa8d711-8867-4445-b270-e2170bfa96f7/ HTTP/1.1" 200 924
INFO 2025-11-04 20:09:01,085 basehttp "GET /enrollment/api/public/documents-requis/filiere/faa8d711-8867-4445-b270-e2170bfa96f7/ HTTP/1.1" 200 171
INFO 2025-11-04 20:09:24,155 views Début traitement candidature AJAX
INFO 2025-11-04 20:09:27,955 views Email de confirmation envoyé à testuser.testeur@gmail.com
INFO 2025-11-04 20:09:27,955 views Candidature créée et soumise: CAND2025 UOST0001
INFO 2025-11-04 20:09:27,970 basehttp "POST /enrollment/candidature/nouvelle/ HTTP/1.1" 200 272
INFO 2025-11-04 20:09:29,946 basehttp "GET /enrollment/candidature/success/?numero=CAND2025%20UOST0001 HTTP/1.1" 200 10748
INFO 2025-11-04 20:10:56,603 basehttp "GET /dashboard/department_head/candidatures/ HTTP/1.1" 200 93447
INFO 2025-11-04 20:11:01,049 views Examen démarré pour candidature CAND2025 UOST0001 par Frankenstein
INFO 2025-11-04 20:11:01,061 basehttp "POST /enrollment/candidature/2789783d-3f53-4bf2-b811-ba63d39e07ac/start-exam/ HTTP/1.1" 200 73
INFO 2025-11-04 20:11:02,820 basehttp "GET /dashboard/department_head/candidatures/ HTTP/1.1" 200 93466
INFO 2025-11-04 20:11:17,985 views Compte créé pour testuser.testeur@gmail.com
INFO 2025-11-04 20:11:17,998 basehttp "POST /enrollment/candidature/2789783d-3f53-4bf2-b811-ba63d39e07ac/evaluer/ HTTP/1.1" 200 139
INFO 2025-11-04 20:11:21,146 basehttp "GET /dashboard/department_head/candidatures/ HTTP/1.1" 200 93142
INFO 2025-11-04 20:13:52,831 basehttp "GET /enrollment/inscription/nouvelle/zhn8Mh0-hSVY1yr2mSlwOh8kXmXhG4L4WNFL4KNZIdA/ HTTP/1.1" 200 21567
WARNING 2025-11-04 20:13:53,271 log Not Found: /.well-known/appspecific/com.chrome.devtools.json
WARNING 2025-11-04 20:13:53,275 basehttp "GET /.well-known/appspecific/com.chrome.devtools.json HTTP/1.1" 404 4132
INFO 2025-11-04 20:14:13,042 views [OK] Inscription créée (sans apprenant): INS2025UO00002
INFO 2025-11-04 20:14:13,057 views [OK] Paiement créé: 61e5ff17-fd83-4e4a-8293-37c673874dbf - Montant: 240.0000
INFO 2025-11-04 20:14:13,075 basehttp "POST /enrollment/inscription/nouvelle/zhn8Mh0-hSVY1yr2mSlwOh8kXmXhG4L4WNFL4KNZIdA/ HTTP/1.1" 200 181
INFO 2025-11-04 20:14:14,402 views ============================================================
INFO 2025-11-04 20:14:14,404 views [DEBUG] CONSTRUCTION DES URLs DE CALLBACK
INFO 2025-11-04 20:14:14,405 views ============================================================
INFO 2025-11-04 20:14:14,406 views [DEBUG] request.scheme: http
INFO 2025-11-04 20:14:14,406 views [DEBUG] request.get_host(): localhost:8000
INFO 2025-11-04 20:14:14,406 views [DEBUG] request.META['HTTP_HOST']: localhost:8000
INFO 2025-11-04 20:14:14,407 views [DEBUG] base_url construit: http://localhost:8000
INFO 2025-11-04 20:14:14,407 views [DEBUG] url_succes_path: /payments/public/success/61e5ff17-fd83-4e4a-8293-37c673874dbf/zhn8Mh0-hSVY1yr2mSlwOh8kXmXhG4L4WNFL4KNZIdA/
INFO 2025-11-04 20:14:14,408 views [DEBUG] url_succes (absolute): http://localhost:8000/payments/public/success/61e5ff17-fd83-4e4a-8293-37c673874dbf/zhn8Mh0-hSVY1yr2mSlwOh8kXmXhG4L4WNFL4KNZIdA/
INFO 2025-11-04 20:14:14,408 views [DEBUG] url_echec_path: /payments/public/error/61e5ff17-fd83-4e4a-8293-37c673874dbf/zhn8Mh0-hSVY1yr2mSlwOh8kXmXhG4L4WNFL4KNZIdA/
INFO 2025-11-04 20:14:14,409 views [DEBUG] url_echec (absolute): http://localhost:8000/payments/public/error/61e5ff17-fd83-4e4a-8293-37c673874dbf/zhn8Mh0-hSVY1yr2mSlwOh8kXmXhG4L4WNFL4KNZIdA/
INFO 2025-11-04 20:14:14,409 views [DEBUG] url_callback_path: /payments/webhook/ligdicash/
INFO 2025-11-04 20:14:14,410 views [DEBUG] url_callback (absolute): http://localhost:8000/payments/webhook/ligdicash/
INFO 2025-11-04 20:14:14,410 views ============================================================
INFO 2025-11-04 20:14:14,410 views [DEBUG] RÉSUMÉ DES URLs
INFO 2025-11-04 20:14:14,411 views ============================================================
INFO 2025-11-04 20:14:14,418 views URL Succès : http://localhost:8000/payments/public/success/61e5ff17-fd83-4e4a-8293-37c673874dbf/zhn8Mh0-hSVY1yr2mSlwOh8kXmXhG4L4WNFL4KNZIdA/
INFO 2025-11-04 20:14:14,421 views URL Échec  : http://localhost:8000/payments/public/error/61e5ff17-fd83-4e4a-8293-37c673874dbf/zhn8Mh0-hSVY1yr2mSlwOh8kXmXhG4L4WNFL4KNZIdA/
INFO 2025-11-04 20:14:14,423 views URL Callback: http://localhost:8000/payments/webhook/ligdicash/
INFO 2025-11-04 20:14:14,424 views ============================================================
INFO 2025-11-04 20:14:14,425 views [DEBUG] Informations client:
INFO 2025-11-04 20:14:14,425 views   - Nom: Jonathan Bassolé
INFO 2025-11-04 20:14:14,426 views   - Email: testuser.testeur@gmail.com
INFO 2025-11-04 20:14:14,427 views   - Montant: 240.00 XOF
INFO 2025-11-04 20:14:14,428 views   - Description: Paiement unique - Inscription Sciences et Technologies
INFO 2025-11-04 20:14:14,553 ligdicash [PARAMS] Vérification des paramètres d'entrée...
INFO 2025-11-04 20:14:15,092 ligdicash [PAYLOAD] Construction du payload LigdiCash...
INFO 2025-11-04 20:14:15,255 ligdicash [PAYLOAD] Payload construit avec succès
INFO 2025-11-04 20:14:15,292 ligdicash {
  "commande": {
    "invoice": {
      "items": [
        {
          "name": "Paiement unique - Inscription Sciences et Technologies",
          "description": "Paiement unique - Inscription Sciences et Technologies",
          "quantity": 1,
          "unit_price": "240",
          "total_price": "240"
        }
      ],
      "total_amount": "240",
      "devise": "XOF",
      "description": "Paiement unique - Inscription Sciences et Technologies",
      "customer": "Jonathan Bassolé",
      "customer_firstname": "Jonathan",
      "customer_lastname": "Bassolé",
      "customer_email": "testuser.testeur@gmail.com",
      "external_id": "61e5ff17-fd83-4e4a-8293-37c673874dbf"
    }
  },
  "store": {
    "name": "FORMIS",
    "website_url": "http://localhost:8000"
  },
  "actions": {
    "cancel_url": "http://localhost:8000/payments/public/error/61e5ff17-fd83-4e4a-8293-37c673874dbf/zhn8Mh0-hSVY1yr2mSlwOh8kXmXhG4L4WNFL4KNZIdA/",
    "return_url": "http://localhost:8000/payments/public/success/61e5ff17-fd83-4e4a-8293-37c673874dbf/zhn8Mh0-hSVY1yr2mSlwOh8kXmXhG4L4WNFL4KNZIdA/",
    "callback_url": "http://localhost:8000/payments/webhook/ligdicash/"
  },
  "custom_data": {
    "paiement_id": "61e5ff17-fd83-4e4a-8293-37c673874dbf",
    "timestamp": "2025-11-04T20:14:15.255374+00:00"
  }
}
INFO 2025-11-04 20:14:15,373 ligdicash [ACTIONS] Vérification de la section 'actions'...
INFO 2025-11-04 20:14:15,539 ligdicash [HEADERS] Vérification des headers...
INFO 2025-11-04 20:14:15,724 ligdicash [API] Appel POST vers: https://client.ligdicash.com/pay/v01/redirect/checkout-invoice/create
INFO 2025-11-04 20:14:15,730 ligdicash [API] Envoi de la requête...
INFO 2025-11-04 20:14:17,641 ligdicash [RESPONSE] JSON parsé avec succès
INFO 2025-11-04 20:14:17,663 ligdicash {
  "response_code": "01",
  "token": "",
  "response_text": "Echec (Code08)",
  "description": "Empty command actions",
  "custom_data": [],
  "wiki": "https://client.ligdicash.com/wiki/createInvoice"
}
INFO 2025-11-04 20:14:17,690 ligdicash [RESPONSE] response_code: 01
INFO 2025-11-04 20:14:17,690 ligdicash [RESPONSE] response_text: Echec (Code08)
INFO 2025-11-04 20:14:17,691 ligdicash [RESPONSE] description: Empty command actions
ERROR 2025-11-04 20:14:17,899 ligdicash [ERROR] Code: 01
ERROR 2025-11-04 20:14:17,900 ligdicash [ERROR] Message: Erreur dans la requête
ERROR 2025-11-04 20:14:17,900 ligdicash [ERROR] Description: Empty command actions
ERROR 2025-11-04 20:14:17,900 ligdicash [ERROR] Wiki: https://client.ligdicash.com/wiki/createInvoice
ERROR 2025-11-04 20:14:17,904 views [ERROR] Création paiement LigdiCash: Erreur dans la requête
ERROR 2025-11-04 20:14:17,905 views [ERROR] Code: ligdicash_01
ERROR 2025-11-04 20:14:17,905 views [ERROR] Description: Empty command actions
INFO 2025-11-04 20:14:17,935 basehttp "GET /payments/public/61e5ff17-fd83-4e4a-8293-37c673874dbf/zhn8Mh0-hSVY1yr2mSlwOh8kXmXhG4L4WNFL4KNZIdA/ HTTP/1.1" 302 0
WARNING 2025-11-04 20:14:18,141 views [WARN] Inscription PENDING orpheline détectée: INS2025UO00002
INFO 2025-11-04 20:14:18,150 views [CLEAN] Nettoyage inscription PENDING orpheline...
INFO 2025-11-04 20:14:18,202 views [OK] Nettoyage terminé - Nouvelle tentative possible
INFO 2025-11-04 20:14:18,220 basehttp "GET /enrollment/inscription/nouvelle/zhn8Mh0-hSVY1yr2mSlwOh8kXmXhG4L4WNFL4KNZIdA/ HTTP/1.1" 200 21567
WARNING 2025-11-04 20:14:18,456 log Not Found: /.well-known/appspecific/com.chrome.devtools.json
WARNING 2025-11-04 20:14:18,468 basehttp "GET /.well-known/appspecific/com.chrome.devtools.json HTTP/1.1" 404 4132
INFO 2025-11-04 20:15:29,187 views [OK] Inscription créée (sans apprenant): INS2025UO00002
INFO 2025-11-04 20:15:29,202 views [OK] Paiement créé: c3fa394b-73e8-43f9-b2fb-934e82e0bb9c - Montant: 100.00
INFO 2025-11-04 20:15:29,213 basehttp "POST /enrollment/inscription/nouvelle/zhn8Mh0-hSVY1yr2mSlwOh8kXmXhG4L4WNFL4KNZIdA/ HTTP/1.1" 200 181
INFO 2025-11-04 20:15:31,444 views ============================================================
INFO 2025-11-04 20:15:31,445 views [DEBUG] CONSTRUCTION DES URLs DE CALLBACK
INFO 2025-11-04 20:15:31,445 views ============================================================
INFO 2025-11-04 20:15:31,446 views [DEBUG] request.scheme: http
INFO 2025-11-04 20:15:31,446 views [DEBUG] request.get_host(): localhost:8000
INFO 2025-11-04 20:15:31,447 views [DEBUG] request.META['HTTP_HOST']: localhost:8000
INFO 2025-11-04 20:15:31,447 views [DEBUG] base_url construit: http://localhost:8000
INFO 2025-11-04 20:15:31,448 views [DEBUG] url_succes_path: /payments/public/success/c3fa394b-73e8-43f9-b2fb-934e82e0bb9c/zhn8Mh0-hSVY1yr2mSlwOh8kXmXhG4L4WNFL4KNZIdA/
INFO 2025-11-04 20:15:31,449 views [DEBUG] url_succes (absolute): http://localhost:8000/payments/public/success/c3fa394b-73e8-43f9-b2fb-934e82e0bb9c/zhn8Mh0-hSVY1yr2mSlwOh8kXmXhG4L4WNFL4KNZIdA/
INFO 2025-11-04 20:15:31,450 views [DEBUG] url_echec_path: /payments/public/error/c3fa394b-73e8-43f9-b2fb-934e82e0bb9c/zhn8Mh0-hSVY1yr2mSlwOh8kXmXhG4L4WNFL4KNZIdA/
INFO 2025-11-04 20:15:31,450 views [DEBUG] url_echec (absolute): http://localhost:8000/payments/public/error/c3fa394b-73e8-43f9-b2fb-934e82e0bb9c/zhn8Mh0-hSVY1yr2mSlwOh8kXmXhG4L4WNFL4KNZIdA/
INFO 2025-11-04 20:15:31,453 views [DEBUG] url_callback_path: /payments/webhook/ligdicash/
INFO 2025-11-04 20:15:31,455 views [DEBUG] url_callback (absolute): http://localhost:8000/payments/webhook/ligdicash/
INFO 2025-11-04 20:15:31,455 views ============================================================
INFO 2025-11-04 20:15:31,456 views [DEBUG] RÉSUMÉ DES URLs
INFO 2025-11-04 20:15:31,456 views ============================================================
INFO 2025-11-04 20:15:31,456 views URL Succès : http://localhost:8000/payments/public/success/c3fa394b-73e8-43f9-b2fb-934e82e0bb9c/zhn8Mh0-hSVY1yr2mSlwOh8kXmXhG4L4WNFL4KNZIdA/
INFO 2025-11-04 20:15:31,457 views URL Échec  : http://localhost:8000/payments/public/error/c3fa394b-73e8-43f9-b2fb-934e82e0bb9c/zhn8Mh0-hSVY1yr2mSlwOh8kXmXhG4L4WNFL4KNZIdA/
INFO 2025-11-04 20:15:31,457 views URL Callback: http://localhost:8000/payments/webhook/ligdicash/
INFO 2025-11-04 20:15:31,458 views ============================================================
INFO 2025-11-04 20:15:31,458 views [DEBUG] Informations client:
INFO 2025-11-04 20:15:31,459 views   - Nom: Jonathan Bassolé
INFO 2025-11-04 20:15:31,459 views   - Email: testuser.testeur@gmail.com
INFO 2025-11-04 20:15:31,459 views   - Montant: 100.00 XOF
INFO 2025-11-04 20:15:31,460 views   - Description: Première tranche - Inscription Sciences et Technologies
INFO 2025-11-04 20:15:31,565 ligdicash [PARAMS] Vérification des paramètres d'entrée...
INFO 2025-11-04 20:15:31,778 ligdicash [PAYLOAD] Construction du payload LigdiCash...
INFO 2025-11-04 20:15:31,833 ligdicash [PAYLOAD] Payload construit avec succès
INFO 2025-11-04 20:15:31,874 ligdicash {
  "commande": {
    "invoice": {
      "items": [
        {
          "name": "Première tranche - Inscription Sciences et Technologies",
          "description": "Première tranche - Inscription Sciences et Technologies",
          "quantity": 1,
          "unit_price": "100",
          "total_price": "100"
        }
      ],
      "total_amount": "100",
      "devise": "XOF",
      "description": "Première tranche - Inscription Sciences et Technologies",
      "customer": "Jonathan Bassolé",
      "customer_firstname": "Jonathan",
      "customer_lastname": "Bassolé",
      "customer_email": "testuser.testeur@gmail.com",
      "external_id": "c3fa394b-73e8-43f9-b2fb-934e82e0bb9c"
    }
  },
  "store": {
    "name": "FORMIS",
    "website_url": "http://localhost:8000"
  },
  "actions": {
    "cancel_url": "http://localhost:8000/payments/public/error/c3fa394b-73e8-43f9-b2fb-934e82e0bb9c/zhn8Mh0-hSVY1yr2mSlwOh8kXmXhG4L4WNFL4KNZIdA/",
    "return_url": "http://localhost:8000/payments/public/success/c3fa394b-73e8-43f9-b2fb-934e82e0bb9c/zhn8Mh0-hSVY1yr2mSlwOh8kXmXhG4L4WNFL4KNZIdA/",
    "callback_url": "http://localhost:8000/payments/webhook/ligdicash/"
  },
  "custom_data": {
    "paiement_id": "c3fa394b-73e8-43f9-b2fb-934e82e0bb9c",
    "timestamp": "2025-11-04T20:15:31.833619+00:00"
  }
}
INFO 2025-11-04 20:15:31,899 ligdicash [ACTIONS] Vérification de la section 'actions'...
INFO 2025-11-04 20:15:31,997 ligdicash [HEADERS] Vérification des headers...
INFO 2025-11-04 20:15:32,081 ligdicash [API] Appel POST vers: https://client.ligdicash.com/pay/v01/redirect/checkout-invoice/create
INFO 2025-11-04 20:15:32,081 ligdicash [API] Envoi de la requête...
INFO 2025-11-04 20:15:33,722 ligdicash [RESPONSE] JSON parsé avec succès
INFO 2025-11-04 20:15:33,739 ligdicash {
  "response_code": "01",
  "token": "",
  "response_text": "Echec (Code08)",
  "description": "Empty command actions",
  "custom_data": [],
  "wiki": "https://client.ligdicash.com/wiki/createInvoice"
}
INFO 2025-11-04 20:15:33,761 ligdicash [RESPONSE] response_code: 01
INFO 2025-11-04 20:15:33,761 ligdicash [RESPONSE] response_text: Echec (Code08)
INFO 2025-11-04 20:15:33,761 ligdicash [RESPONSE] description: Empty command actions
ERROR 2025-11-04 20:15:33,815 ligdicash [ERROR] Code: 01
ERROR 2025-11-04 20:15:33,816 ligdicash [ERROR] Message: Erreur dans la requête
ERROR 2025-11-04 20:15:33,816 ligdicash [ERROR] Description: Empty command actions
ERROR 2025-11-04 20:15:33,820 ligdicash [ERROR] Wiki: https://client.ligdicash.com/wiki/createInvoice
ERROR 2025-11-04 20:15:33,826 views [ERROR] Création paiement LigdiCash: Erreur dans la requête
ERROR 2025-11-04 20:15:33,826 views [ERROR] Code: ligdicash_01
ERROR 2025-11-04 20:15:33,826 views [ERROR] Description: Empty command actions
INFO 2025-11-04 20:15:33,853 basehttp "GET /payments/public/c3fa394b-73e8-43f9-b2fb-934e82e0bb9c/zhn8Mh0-hSVY1yr2mSlwOh8kXmXhG4L4WNFL4KNZIdA/ HTTP/1.1" 302 0
WARNING 2025-11-04 20:15:34,021 views [WARN] Inscription PENDING orpheline détectée: INS2025UO00002
INFO 2025-11-04 20:15:34,026 views [CLEAN] Nettoyage inscription PENDING orpheline...
INFO 2025-11-04 20:15:34,070 views [OK] Nettoyage terminé - Nouvelle tentative possible
INFO 2025-11-04 20:15:34,089 basehttp "GET /enrollment/inscription/nouvelle/zhn8Mh0-hSVY1yr2mSlwOh8kXmXhG4L4WNFL4KNZIdA/ HTTP/1.1" 200 21567
WARNING 2025-11-04 20:15:34,453 log Not Found: /.well-known/appspecific/com.chrome.devtools.json
WARNING 2025-11-04 20:15:34,455 basehttp "GET /.well-known/appspecific/com.chrome.devtools.json HTTP/1.1" 404 4132
INFO 2025-11-04 20:16:56,509 autoreload Watching for file changes with StatReloader
INFO 2025-11-04 20:17:10,853 views [OK] Inscription créée (sans apprenant): INS2025UO00002
INFO 2025-11-04 20:17:10,861 views [OK] Paiement créé: 10afff9b-df46-4cf7-90b2-b3d2097bfbf4 - Montant: 240.0000
INFO 2025-11-04 20:17:10,997 basehttp "POST /enrollment/inscription/nouvelle/zhn8Mh0-hSVY1yr2mSlwOh8kXmXhG4L4WNFL4KNZIdA/ HTTP/1.1" 200 181
INFO 2025-11-04 20:17:12,200 views ============================================================
INFO 2025-11-04 20:17:12,200 views [DEBUG] CONSTRUCTION DES URLs DE CALLBACK
INFO 2025-11-04 20:17:12,200 views ============================================================
INFO 2025-11-04 20:17:12,201 views [DEBUG] request.scheme: http
INFO 2025-11-04 20:17:12,201 views [DEBUG] request.get_host(): localhost:8000
INFO 2025-11-04 20:17:12,201 views [DEBUG] request.META['HTTP_HOST']: localhost:8000
INFO 2025-11-04 20:17:12,201 views [DEBUG] base_url construit: http://localhost:8000
INFO 2025-11-04 20:17:12,202 views [DEBUG] url_succes_path: /payments/public/success/10afff9b-df46-4cf7-90b2-b3d2097bfbf4/zhn8Mh0-hSVY1yr2mSlwOh8kXmXhG4L4WNFL4KNZIdA/
INFO 2025-11-04 20:17:12,202 views [DEBUG] url_succes (absolute): http://localhost:8000/payments/public/success/10afff9b-df46-4cf7-90b2-b3d2097bfbf4/zhn8Mh0-hSVY1yr2mSlwOh8kXmXhG4L4WNFL4KNZIdA/
INFO 2025-11-04 20:17:12,203 views [DEBUG] url_echec_path: /payments/public/error/10afff9b-df46-4cf7-90b2-b3d2097bfbf4/zhn8Mh0-hSVY1yr2mSlwOh8kXmXhG4L4WNFL4KNZIdA/
INFO 2025-11-04 20:17:12,204 views [DEBUG] url_echec (absolute): http://localhost:8000/payments/public/error/10afff9b-df46-4cf7-90b2-b3d2097bfbf4/zhn8Mh0-hSVY1yr2mSlwOh8kXmXhG4L4WNFL4KNZIdA/
INFO 2025-11-04 20:17:12,208 views [DEBUG] url_callback_path: /payments/webhook/ligdicash/
INFO 2025-11-04 20:17:12,208 views [DEBUG] url_callback (absolute): http://localhost:8000/payments/webhook/ligdicash/
INFO 2025-11-04 20:17:12,209 views ============================================================
INFO 2025-11-04 20:17:12,209 views [DEBUG] RÉSUMÉ DES URLs
INFO 2025-11-04 20:17:12,209 views ============================================================
INFO 2025-11-04 20:17:12,210 views URL Succès : http://localhost:8000/payments/public/success/10afff9b-df46-4cf7-90b2-b3d2097bfbf4/zhn8Mh0-hSVY1yr2mSlwOh8kXmXhG4L4WNFL4KNZIdA/
INFO 2025-11-04 20:17:12,210 views URL Échec  : http://localhost:8000/payments/public/error/10afff9b-df46-4cf7-90b2-b3d2097bfbf4/zhn8Mh0-hSVY1yr2mSlwOh8kXmXhG4L4WNFL4KNZIdA/
INFO 2025-11-04 20:17:12,210 views URL Callback: http://localhost:8000/payments/webhook/ligdicash/
INFO 2025-11-04 20:17:12,211 views ============================================================
INFO 2025-11-04 20:17:12,211 views [DEBUG] Informations client:
INFO 2025-11-04 20:17:12,211 views   - Nom: Jonathan Bassolé
INFO 2025-11-04 20:17:12,212 views   - Email: testuser.testeur@gmail.com
INFO 2025-11-04 20:17:12,212 views   - Montant: 240.00 XOF
INFO 2025-11-04 20:17:12,212 views   - Description: Paiement unique - Inscription Sciences et Technologies
INFO 2025-11-04 20:17:12,277 ligdicash [PARAMS] Vérification des paramètres d'entrée...
INFO 2025-11-04 20:17:12,466 ligdicash [PAYLOAD] Construction du payload LigdiCash...
INFO 2025-11-04 20:17:12,562 ligdicash [PAYLOAD] Payload construit avec succès
INFO 2025-11-04 20:17:12,621 ligdicash {
  "commande": {
    "invoice": {
      "items": [
        {
          "name": "Paiement unique - Inscription Sciences et Technologies",
          "description": "Paiement unique - Inscription Sciences et Technologies",
          "quantity": 1,
          "unit_price": "240",
          "total_price": "240"
        }
      ],
      "total_amount": "240",
      "devise": "XOF",
      "description": "Paiement unique - Inscription Sciences et Technologies",
      "customer": "Jonathan Bassolé",
      "customer_firstname": "Jonathan",
      "customer_lastname": "Bassolé",
      "customer_email": "testuser.testeur@gmail.com",
      "external_id": "10afff9b-df46-4cf7-90b2-b3d2097bfbf4"
    }
  },
  "store": {
    "name": "FORMIS",
    "website_url": "http://localhost:8000"
  },
  "actions": {
    "cancel_url": "http://localhost:8000/payments/public/error/10afff9b-df46-4cf7-90b2-b3d2097bfbf4/zhn8Mh0-hSVY1yr2mSlwOh8kXmXhG4L4WNFL4KNZIdA/",
    "return_url": "http://localhost:8000/payments/public/success/10afff9b-df46-4cf7-90b2-b3d2097bfbf4/zhn8Mh0-hSVY1yr2mSlwOh8kXmXhG4L4WNFL4KNZIdA/",
    "callback_url": "http://localhost:8000/payments/webhook/ligdicash/"
  },
  "custom_data": {
    "paiement_id": "10afff9b-df46-4cf7-90b2-b3d2097bfbf4",
    "timestamp": "2025-11-04T20:17:12.562561+00:00"
  }
}
INFO 2025-11-04 20:17:12,658 ligdicash [ACTIONS] Vérification de la section 'actions'...
INFO 2025-11-04 20:17:12,737 ligdicash [HEADERS] Vérification des headers...
INFO 2025-11-04 20:17:12,851 ligdicash [API] Appel POST vers: https://client.ligdicash.com/pay/v01/redirect/checkout-invoice/create
INFO 2025-11-04 20:17:12,851 ligdicash [API] Envoi de la requête...
INFO 2025-11-04 20:17:14,143 ligdicash [RESPONSE] JSON parsé avec succès
INFO 2025-11-04 20:17:14,160 ligdicash {
  "response_code": "01",
  "token": "",
  "response_text": "Echec (Code08)",
  "description": "Empty command actions",
  "custom_data": [],
  "wiki": "https://client.ligdicash.com/wiki/createInvoice"
}
INFO 2025-11-04 20:17:14,177 ligdicash [RESPONSE] response_code: 01
INFO 2025-11-04 20:17:14,177 ligdicash [RESPONSE] response_text: Echec (Code08)
INFO 2025-11-04 20:17:14,177 ligdicash [RESPONSE] description: Empty command actions
ERROR 2025-11-04 20:17:14,251 ligdicash [ERROR] Code: 01
ERROR 2025-11-04 20:17:14,251 ligdicash [ERROR] Message: Erreur dans la requête
ERROR 2025-11-04 20:17:14,257 ligdicash [ERROR] Description: Empty command actions
ERROR 2025-11-04 20:17:14,258 ligdicash [ERROR] Wiki: https://client.ligdicash.com/wiki/createInvoice
ERROR 2025-11-04 20:17:14,261 views [ERROR] Création paiement LigdiCash: Erreur dans la requête
ERROR 2025-11-04 20:17:14,262 views [ERROR] Code: ligdicash_01
ERROR 2025-11-04 20:17:14,262 views [ERROR] Description: Empty command actions
INFO 2025-11-04 20:17:14,291 basehttp "GET /payments/public/10afff9b-df46-4cf7-90b2-b3d2097bfbf4/zhn8Mh0-hSVY1yr2mSlwOh8kXmXhG4L4WNFL4KNZIdA/ HTTP/1.1" 302 0
WARNING 2025-11-04 20:17:14,446 views [WARN] Inscription PENDING orpheline détectée: INS2025UO00002
INFO 2025-11-04 20:17:14,451 views [CLEAN] Nettoyage inscription PENDING orpheline...
INFO 2025-11-04 20:17:14,493 views [OK] Nettoyage terminé - Nouvelle tentative possible
INFO 2025-11-04 20:17:14,530 basehttp "GET /enrollment/inscription/nouvelle/zhn8Mh0-hSVY1yr2mSlwOh8kXmXhG4L4WNFL4KNZIdA/ HTTP/1.1" 200 21567
WARNING 2025-11-04 20:17:14,670 log Not Found: /.well-known/appspecific/com.chrome.devtools.json
WARNING 2025-11-04 20:17:14,689 basehttp "GET /.well-known/appspecific/com.chrome.devtools.json HTTP/1.1" 404 4132
INFO 2025-11-04 23:31:02,627 basehttp "GET /dashboard/admin/teachers/ HTTP/1.1" 200 75096
INFO 2025-11-04 23:31:03,513 basehttp "GET /static/css/dashboard/dashboard.css HTTP/1.1" 200 19647
INFO 2025-11-04 23:31:03,715 basehttp "GET /media/profils/IMG-20220507-WA0018.jpg HTTP/1.1" 200 35474
INFO 2025-11-04 23:31:03,808 basehttp "GET /media/profils/IMG-20220507-WA0015.jpg HTTP/1.1" 200 25481
INFO 2025-11-04 23:31:04,129 basehttp "GET /static/js/dashboard/components.js HTTP/1.1" 200 28077
INFO 2025-11-04 23:31:04,142 basehttp "GET /static/js/dashboard/dashboard.js HTTP/1.1" 200 22935
INFO 2025-11-04 23:31:20,260 basehttp "GET /dashboard/admin/teachers/ HTTP/1.1" 200 75096
INFO 2025-11-04 23:31:24,125 basehttp "GET /dashboard/admin/students/ HTTP/1.1" 200 93130
INFO 2025-11-04 23:31:24,415 basehttp "GET /media/profils/IMG-20220507-WA0030_qeI1OYS.jpg HTTP/1.1" 200 47619
INFO 2025-11-04 23:33:18,233 autoreload E:\formis_app\_formis\apps\payments\services\ligdicash.py changed, reloading.
INFO 2025-11-04 23:33:26,305 autoreload Watching for file changes with StatReloader
INFO 2025-11-04 23:33:56,646 autoreload E:\formis_app\_formis\apps\payments\services\ligdicash.py changed, reloading.
INFO 2025-11-04 23:34:01,548 autoreload Watching for file changes with StatReloader
INFO 2025-11-04 23:38:53,342 autoreload E:\formis_app\_formis\apps\enrollment\views.py changed, reloading.
INFO 2025-11-04 23:38:58,576 autoreload Watching for file changes with StatReloader
INFO 2025-11-04 23:39:16,250 autoreload E:\formis_app\_formis\apps\enrollment\urls.py changed, reloading.
INFO 2025-11-04 23:39:18,022 autoreload Watching for file changes with StatReloader
INFO 2025-11-04 23:40:00,891 autoreload Watching for file changes with StatReloader
INFO 2025-11-04 23:40:08,797 basehttp "GET /dashboard/department_head/candidatures/ HTTP/1.1" 200 83846
INFO 2025-11-04 23:40:15,257 basehttp "GET /dashboard/department_head/students/ HTTP/1.1" 200 68712
INFO 2025-11-04 23:40:16,707 basehttp "GET /media/profils/IMG_20211223_151546_741.jpg HTTP/1.1" 200 2749121
INFO 2025-11-04 23:40:18,507 basehttp "GET /dashboard/department_head/candidatures/ HTTP/1.1" 200 83846
INFO 2025-11-04 23:40:20,466 basehttp "GET /dashboard/department_head/inscriptions/ HTTP/1.1" 200 62891
INFO 2025-11-04 23:40:23,284 basehttp "GET /dashboard/department_head/paiements/ HTTP/1.1" 200 65053
INFO 2025-11-04 23:40:40,445 basehttp "GET / HTTP/1.1" 200 16444
INFO 2025-11-04 23:40:43,923 basehttp "GET /enrollment/candidature/nouvelle/ HTTP/1.1" 200 65344
INFO 2025-11-04 23:40:44,474 basehttp "GET /establishments/api/public/etablissements/ HTTP/1.1" 200 386
INFO 2025-11-04 23:40:44,480 basehttp "GET /establishments/api/public/annees-academiques/ HTTP/1.1" 200 188
INFO 2025-11-04 23:40:47,404 basehttp "GET /academic/api/public/departements/66b3697d-1eeb-4fe5-8c28-91b9caf2b84f/ HTTP/1.1" 200 1712
INFO 2025-11-04 23:40:52,380 basehttp "GET /academic/api/public/filieres/075af644-72bd-4d54-b30f-e96a3b5defbe/ HTTP/1.1" 200 1086
INFO 2025-11-04 23:40:54,497 basehttp "GET /academic/api/public/niveaux/faa8d711-8867-4445-b270-e2170bfa96f7/ HTTP/1.1" 200 924
INFO 2025-11-04 23:40:54,783 basehttp "GET /enrollment/api/public/documents-requis/filiere/faa8d711-8867-4445-b270-e2170bfa96f7/ HTTP/1.1" 200 171
INFO 2025-11-04 23:41:16,105 views Début traitement candidature AJAX
INFO 2025-11-04 23:41:20,904 views Email de confirmation envoyé à testuser.testeur@gmail.com
INFO 2025-11-04 23:41:20,904 views Candidature créée et soumise: CAND2025 UOST0001
INFO 2025-11-04 23:41:20,910 basehttp "POST /enrollment/candidature/nouvelle/ HTTP/1.1" 200 272
INFO 2025-11-04 23:41:22,602 basehttp "GET /enrollment/candidature/success/?numero=CAND2025%20UOST0001 HTTP/1.1" 200 10748
INFO 2025-11-04 23:42:21,095 basehttp "GET /dashboard/department_head/candidatures/ HTTP/1.1" 200 93447
INFO 2025-11-04 23:42:27,010 views Examen démarré pour candidature CAND2025 UOST0001 par Frankenstein
INFO 2025-11-04 23:42:27,013 basehttp "POST /enrollment/candidature/ea896804-1119-406b-8a3d-08e5db1f7ff2/start-exam/ HTTP/1.1" 200 73
INFO 2025-11-04 23:42:28,339 basehttp "GET /dashboard/department_head/candidatures/ HTTP/1.1" 200 93466
WARNING 2025-11-04 23:42:36,452 log Not Found: /enrollment/candidature/ea896804-1119-406b-8a3d-08e5db1f7ff2/evaluer/
WARNING 2025-11-04 23:42:36,454 basehttp "POST /enrollment/candidature/ea896804-1119-406b-8a3d-08e5db1f7ff2/evaluer/ HTTP/1.1" 404 10627
INFO 2025-11-04 23:42:45,391 basehttp "GET /dashboard/department_head/candidatures/ HTTP/1.1" 200 93466
INFO 2025-11-04 23:43:03,149 autoreload E:\formis_app\_formis\apps\enrollment\urls.py changed, reloading.
INFO 2025-11-04 23:43:05,165 autoreload Watching for file changes with StatReloader
INFO 2025-11-04 23:43:31,682 autoreload E:\formis_app\_formis\apps\enrollment\views.py changed, reloading.
INFO 2025-11-04 23:43:37,155 autoreload Watching for file changes with StatReloader
INFO 2025-11-04 23:43:58,858 autoreload E:\formis_app\_formis\apps\enrollment\views.py changed, reloading.
INFO 2025-11-04 23:44:01,894 autoreload Watching for file changes with StatReloader
INFO 2025-11-04 23:44:14,139 autoreload E:\formis_app\_formis\apps\enrollment\views.py changed, reloading.
INFO 2025-11-04 23:44:19,783 autoreload Watching for file changes with StatReloader
INFO 2025-11-04 23:44:33,079 basehttp "POST /enrollment/candidature/ea896804-1119-406b-8a3d-08e5db1f7ff2/evaluer/ HTTP/1.1" 200 139
INFO 2025-11-04 23:44:35,968 basehttp "GET /dashboard/department_head/candidatures/ HTTP/1.1" 200 93142
INFO 2025-11-04 23:45:14,165 autoreload Watching for file changes with StatReloader
INFO 2025-11-04 23:45:25,518 basehttp "GET /enrollment/inscription/nouvelle/s3N764PsUQEL8V68z6_2Ekf_zqmIY3Yqp9AgPkmB8HY/ HTTP/1.1" 200 21567
WARNING 2025-11-04 23:45:25,694 log Not Found: /.well-known/appspecific/com.chrome.devtools.json
WARNING 2025-11-04 23:45:25,715 basehttp "GET /.well-known/appspecific/com.chrome.devtools.json HTTP/1.1" 404 4132
INFO 2025-11-04 23:45:35,912 views [OK] Inscription créée (sans apprenant): INS2025UO00002
INFO 2025-11-04 23:45:35,926 views [OK] Paiement créé: fb6aa7f0-2fb2-4485-bc8c-18e54a536ea3 - Montant: 240.0000
INFO 2025-11-04 23:45:36,154 basehttp "POST /enrollment/inscription/nouvelle/s3N764PsUQEL8V68z6_2Ekf_zqmIY3Yqp9AgPkmB8HY/ HTTP/1.1" 200 181
INFO 2025-11-04 23:45:37,339 views ============================================================
INFO 2025-11-04 23:45:37,339 views [DEBUG] CONSTRUCTION DES URLs DE CALLBACK
INFO 2025-11-04 23:45:37,340 views ============================================================
INFO 2025-11-04 23:45:37,340 views [DEBUG] request.scheme: http
INFO 2025-11-04 23:45:37,340 views [DEBUG] request.get_host(): localhost:8000
INFO 2025-11-04 23:45:37,340 views [DEBUG] request.META['HTTP_HOST']: localhost:8000
INFO 2025-11-04 23:45:37,341 views [DEBUG] base_url construit: http://localhost:8000
INFO 2025-11-04 23:45:37,342 views [DEBUG] url_succes_path: /payments/public/success/fb6aa7f0-2fb2-4485-bc8c-18e54a536ea3/s3N764PsUQEL8V68z6_2Ekf_zqmIY3Yqp9AgPkmB8HY/
INFO 2025-11-04 23:45:37,342 views [DEBUG] url_succes (absolute): http://localhost:8000/payments/public/success/fb6aa7f0-2fb2-4485-bc8c-18e54a536ea3/s3N764PsUQEL8V68z6_2Ekf_zqmIY3Yqp9AgPkmB8HY/
INFO 2025-11-04 23:45:37,343 views [DEBUG] url_echec_path: /payments/public/error/fb6aa7f0-2fb2-4485-bc8c-18e54a536ea3/s3N764PsUQEL8V68z6_2Ekf_zqmIY3Yqp9AgPkmB8HY/
INFO 2025-11-04 23:45:37,343 views [DEBUG] url_echec (absolute): http://localhost:8000/payments/public/error/fb6aa7f0-2fb2-4485-bc8c-18e54a536ea3/s3N764PsUQEL8V68z6_2Ekf_zqmIY3Yqp9AgPkmB8HY/
INFO 2025-11-04 23:45:37,344 views [DEBUG] url_callback_path: /payments/webhook/ligdicash/
INFO 2025-11-04 23:45:37,345 views [DEBUG] url_callback (absolute): http://localhost:8000/payments/webhook/ligdicash/
INFO 2025-11-04 23:45:37,348 views ============================================================
INFO 2025-11-04 23:45:37,349 views [DEBUG] RÉSUMÉ DES URLs
INFO 2025-11-04 23:45:37,349 views ============================================================
INFO 2025-11-04 23:45:37,350 views URL Succès : http://localhost:8000/payments/public/success/fb6aa7f0-2fb2-4485-bc8c-18e54a536ea3/s3N764PsUQEL8V68z6_2Ekf_zqmIY3Yqp9AgPkmB8HY/
INFO 2025-11-04 23:45:37,351 views URL Échec  : http://localhost:8000/payments/public/error/fb6aa7f0-2fb2-4485-bc8c-18e54a536ea3/s3N764PsUQEL8V68z6_2Ekf_zqmIY3Yqp9AgPkmB8HY/
INFO 2025-11-04 23:45:37,351 views URL Callback: http://localhost:8000/payments/webhook/ligdicash/
INFO 2025-11-04 23:45:37,352 views ============================================================
INFO 2025-11-04 23:45:37,353 views [DEBUG] Informations client:
INFO 2025-11-04 23:45:37,353 views   - Nom: Jonathan Bassolé
INFO 2025-11-04 23:45:37,354 views   - Email: testuser.testeur@gmail.com
INFO 2025-11-04 23:45:37,354 views   - Montant: 240.00 XOF
INFO 2025-11-04 23:45:37,354 views   - Description: Paiement unique - Inscription Sciences et Technologies
INFO 2025-11-04 23:45:37,355 ligdicash ============================================================
INFO 2025-11-04 23:45:37,355 ligdicash LIGDICASH API CALL
INFO 2025-11-04 23:45:37,355 ligdicash ============================================================
INFO 2025-11-04 23:45:37,356 ligdicash [PARAMS] Parametres d'entree:
INFO 2025-11-04 23:45:37,356 ligdicash   - paiement_id: fb6aa7f0-2fb2-4485-bc8c-18e54a536ea3
INFO 2025-11-04 23:45:37,356 ligdicash   - montant: 240.00
INFO 2025-11-04 23:45:37,357 ligdicash   - email_client: testuser.testeur@gmail.com
INFO 2025-11-04 23:45:37,357 ligdicash   - nom_client: Jonathan Bassolé
INFO 2025-11-04 23:45:37,357 ligdicash [URLS] URLs de callback:
INFO 2025-11-04 23:45:37,358 ligdicash   - url_retour_succes: http://localhost:8000/payments/public/success/fb6aa7f0-2fb2-4485-bc8c-18e54a536ea3/s3N764PsUQEL8V68z6_2Ekf_zqmIY3Yqp9AgPkmB8HY/
INFO 2025-11-04 23:45:37,358 ligdicash   - url_retour_echec: http://localhost:8000/payments/public/error/fb6aa7f0-2fb2-4485-bc8c-18e54a536ea3/s3N764PsUQEL8V68z6_2Ekf_zqmIY3Yqp9AgPkmB8HY/
INFO 2025-11-04 23:45:37,358 ligdicash   - url_callback: http://localhost:8000/payments/webhook/ligdicash/
INFO 2025-11-04 23:45:37,359 ligdicash [PAYLOAD] Payload construit
INFO 2025-11-04 23:45:37,359 ligdicash ------------------------------------------------------------
INFO 2025-11-04 23:45:37,360 ligdicash {
  "commande": {
    "invoice": {
      "items": [
        {
          "name": "Paiement unique - Inscription Sciences et Technologies",
          "description": "Paiement unique - Inscription Sciences et Technologies",
          "quantity": 1,
          "unit_price": "240",
          "total_price": "240"
        }
      ],
      "total_amount": "240",
      "devise": "XOF",
      "description": "Paiement unique - Inscription Sciences et Technologies",
      "customer": "Jonathan Bassolé",
      "customer_firstname": "Jonathan",
      "customer_lastname": "Bassolé",
      "customer_email": "testuser.testeur@gmail.com",
      "external_id": "fb6aa7f0-2fb2-4485-bc8c-18e54a536ea3"
    }
  },
  "store": {
    "name": "FORMIS",
    "website_url": "http://localhost:8000"
  },
  "actions": {
    "cancel_url": "http://localhost:8000/payments/public/error/fb6aa7f0-2fb2-4485-bc8c-18e54a536ea3/s3N764PsUQEL8V68z6_2Ekf_zqmIY3Yqp9AgPkmB8HY/",
    "return_url": "http://localhost:8000/payments/public/success/fb6aa7f0-2fb2-4485-bc8c-18e54a536ea3/s3N764PsUQEL8V68z6_2Ekf_zqmIY3Yqp9AgPkmB8HY/",
    "callback_url": "http://localhost:8000/payments/webhook/ligdicash/"
  },
  "custom_data": {
    "paiement_id": "fb6aa7f0-2fb2-4485-bc8c-18e54a536ea3",
    "timestamp": "2025-11-04T23:45:37.359624+00:00"
  }
}
INFO 2025-11-04 23:45:37,368 ligdicash ------------------------------------------------------------
INFO 2025-11-04 23:45:37,368 ligdicash [ACTIONS] Verification section actions:
INFO 2025-11-04 23:45:37,368 ligdicash   - cancel_url: http://localhost:8000/payments/public/error/fb6aa7f0-2fb2-4485-bc8c-18e54a536ea3/s3N764PsUQEL8V68z6_2Ekf_zqmIY3Yqp9AgPkmB8HY/
INFO 2025-11-04 23:45:37,369 ligdicash   - return_url: http://localhost:8000/payments/public/success/fb6aa7f0-2fb2-4485-bc8c-18e54a536ea3/s3N764PsUQEL8V68z6_2Ekf_zqmIY3Yqp9AgPkmB8HY/
INFO 2025-11-04 23:45:37,369 ligdicash   - callback_url: http://localhost:8000/payments/webhook/ligdicash/
INFO 2025-11-04 23:45:37,369 ligdicash [ACTIONS] OK - Toutes les URLs sont presentes
INFO 2025-11-04 23:45:37,370 ligdicash [API] POST vers: https://client.ligdicash.com/pay/v01/redirect/checkout-invoice/create
INFO 2025-11-04 23:45:37,370 ligdicash [API] Envoi...
INFO 2025-11-04 23:45:38,897 ligdicash [API] Reponse recue - Status: 200
INFO 2025-11-04 23:45:38,897 ligdicash [RESPONSE] JSON parse OK
INFO 2025-11-04 23:45:38,897 ligdicash ------------------------------------------------------------
INFO 2025-11-04 23:45:38,898 ligdicash {
  "response_code": "01",
  "token": "",
  "response_text": "Echec (Code08)",
  "description": "Empty command actions",
  "custom_data": [],
  "wiki": "https://client.ligdicash.com/wiki/createInvoice"
}
INFO 2025-11-04 23:45:38,898 ligdicash ------------------------------------------------------------
INFO 2025-11-04 23:45:38,899 ligdicash [RESPONSE] response_code: 01
INFO 2025-11-04 23:45:38,900 ligdicash [RESPONSE] response_text: Echec (Code08)
INFO 2025-11-04 23:45:38,901 ligdicash [RESPONSE] description: Empty command actions
ERROR 2025-11-04 23:45:38,901 ligdicash ============================================================
ERROR 2025-11-04 23:45:38,902 ligdicash ERROR
ERROR 2025-11-04 23:45:38,902 ligdicash ============================================================
ERROR 2025-11-04 23:45:38,903 ligdicash [ERROR] Code: 01
ERROR 2025-11-04 23:45:38,903 ligdicash [ERROR] Message: Erreur dans la requete
ERROR 2025-11-04 23:45:38,903 ligdicash [ERROR] Description: Empty command actions
ERROR 2025-11-04 23:45:38,904 ligdicash [ERROR] Wiki: https://client.ligdicash.com/wiki/createInvoice
ERROR 2025-11-04 23:45:38,906 views [ERROR] Création paiement LigdiCash: Erreur dans la requete
ERROR 2025-11-04 23:45:38,906 views [ERROR] Code: ligdicash_01
ERROR 2025-11-04 23:45:38,907 views [ERROR] Description: Empty command actions
INFO 2025-11-04 23:45:38,927 basehttp "GET /payments/public/fb6aa7f0-2fb2-4485-bc8c-18e54a536ea3/s3N764PsUQEL8V68z6_2Ekf_zqmIY3Yqp9AgPkmB8HY/ HTTP/1.1" 302 0
WARNING 2025-11-04 23:45:39,078 views [WARN] Inscription PENDING orpheline détectée: INS2025UO00002
INFO 2025-11-04 23:45:39,087 views [CLEAN] Nettoyage inscription PENDING orpheline...
INFO 2025-11-04 23:45:39,124 views [OK] Nettoyage terminé - Nouvelle tentative possible
INFO 2025-11-04 23:45:39,138 basehttp "GET /enrollment/inscription/nouvelle/s3N764PsUQEL8V68z6_2Ekf_zqmIY3Yqp9AgPkmB8HY/ HTTP/1.1" 200 21567
WARNING 2025-11-04 23:45:39,267 log Not Found: /.well-known/appspecific/com.chrome.devtools.json
WARNING 2025-11-04 23:45:39,271 basehttp "GET /.well-known/appspecific/com.chrome.devtools.json HTTP/1.1" 404 4132
INFO 2025-11-04 23:48:30,172 views [OK] Inscription créée (sans apprenant): INS2025UO00002
INFO 2025-11-04 23:48:30,186 views [OK] Paiement créé: b3cf4950-eac7-454e-8491-c6896dd88144 - Montant: 100.00
INFO 2025-11-04 23:48:30,193 basehttp "POST /enrollment/inscription/nouvelle/s3N764PsUQEL8V68z6_2Ekf_zqmIY3Yqp9AgPkmB8HY/ HTTP/1.1" 200 181
INFO 2025-11-04 23:48:31,415 views ============================================================
INFO 2025-11-04 23:48:31,415 views [DEBUG] CONSTRUCTION DES URLs DE CALLBACK
INFO 2025-11-04 23:48:31,416 views ============================================================
INFO 2025-11-04 23:48:31,416 views [DEBUG] request.scheme: http
INFO 2025-11-04 23:48:31,416 views [DEBUG] request.get_host(): localhost:8000
INFO 2025-11-04 23:48:31,417 views [DEBUG] request.META['HTTP_HOST']: localhost:8000
INFO 2025-11-04 23:48:31,417 views [DEBUG] base_url construit: http://localhost:8000
INFO 2025-11-04 23:48:31,418 views [DEBUG] url_succes_path: /payments/public/success/b3cf4950-eac7-454e-8491-c6896dd88144/s3N764PsUQEL8V68z6_2Ekf_zqmIY3Yqp9AgPkmB8HY/
INFO 2025-11-04 23:48:31,418 views [DEBUG] url_succes (absolute): http://localhost:8000/payments/public/success/b3cf4950-eac7-454e-8491-c6896dd88144/s3N764PsUQEL8V68z6_2Ekf_zqmIY3Yqp9AgPkmB8HY/
INFO 2025-11-04 23:48:31,419 views [DEBUG] url_echec_path: /payments/public/error/b3cf4950-eac7-454e-8491-c6896dd88144/s3N764PsUQEL8V68z6_2Ekf_zqmIY3Yqp9AgPkmB8HY/
INFO 2025-11-04 23:48:31,419 views [DEBUG] url_echec (absolute): http://localhost:8000/payments/public/error/b3cf4950-eac7-454e-8491-c6896dd88144/s3N764PsUQEL8V68z6_2Ekf_zqmIY3Yqp9AgPkmB8HY/
INFO 2025-11-04 23:48:31,420 views [DEBUG] url_callback_path: /payments/webhook/ligdicash/
INFO 2025-11-04 23:48:31,420 views [DEBUG] url_callback (absolute): http://localhost:8000/payments/webhook/ligdicash/
INFO 2025-11-04 23:48:31,421 views ============================================================
INFO 2025-11-04 23:48:31,421 views [DEBUG] RÉSUMÉ DES URLs
INFO 2025-11-04 23:48:31,421 views ============================================================
INFO 2025-11-04 23:48:31,422 views URL Succès : http://localhost:8000/payments/public/success/b3cf4950-eac7-454e-8491-c6896dd88144/s3N764PsUQEL8V68z6_2Ekf_zqmIY3Yqp9AgPkmB8HY/
INFO 2025-11-04 23:48:31,423 views URL Échec  : http://localhost:8000/payments/public/error/b3cf4950-eac7-454e-8491-c6896dd88144/s3N764PsUQEL8V68z6_2Ekf_zqmIY3Yqp9AgPkmB8HY/
INFO 2025-11-04 23:48:31,423 views URL Callback: http://localhost:8000/payments/webhook/ligdicash/
INFO 2025-11-04 23:48:31,424 views ============================================================
INFO 2025-11-04 23:48:31,424 views [DEBUG] Informations client:
INFO 2025-11-04 23:48:31,424 views   - Nom: Jonathan Bassolé
INFO 2025-11-04 23:48:31,425 views   - Email: testuser.testeur@gmail.com
INFO 2025-11-04 23:48:31,425 views   - Montant: 100.00 XOF
INFO 2025-11-04 23:48:31,428 views   - Description: Première tranche - Inscription Sciences et Technologies
INFO 2025-11-04 23:48:31,428 ligdicash ============================================================
INFO 2025-11-04 23:48:31,429 ligdicash LIGDICASH API CALL
INFO 2025-11-04 23:48:31,430 ligdicash ============================================================
INFO 2025-11-04 23:48:31,431 ligdicash [PARAMS] Parametres d'entree:
INFO 2025-11-04 23:48:31,432 ligdicash   - paiement_id: b3cf4950-eac7-454e-8491-c6896dd88144
INFO 2025-11-04 23:48:31,433 ligdicash   - montant: 100.00
INFO 2025-11-04 23:48:31,433 ligdicash   - email_client: testuser.testeur@gmail.com
INFO 2025-11-04 23:48:31,433 ligdicash   - nom_client: Jonathan Bassolé
INFO 2025-11-04 23:48:31,434 ligdicash [URLS] URLs de callback:
INFO 2025-11-04 23:48:31,434 ligdicash   - url_retour_succes: http://localhost:8000/payments/public/success/b3cf4950-eac7-454e-8491-c6896dd88144/s3N764PsUQEL8V68z6_2Ekf_zqmIY3Yqp9AgPkmB8HY/
INFO 2025-11-04 23:48:31,434 ligdicash   - url_retour_echec: http://localhost:8000/payments/public/error/b3cf4950-eac7-454e-8491-c6896dd88144/s3N764PsUQEL8V68z6_2Ekf_zqmIY3Yqp9AgPkmB8HY/
INFO 2025-11-04 23:48:31,435 ligdicash   - url_callback: http://localhost:8000/payments/webhook/ligdicash/
INFO 2025-11-04 23:48:31,435 ligdicash [PAYLOAD] Payload construit
INFO 2025-11-04 23:48:31,435 ligdicash ------------------------------------------------------------
INFO 2025-11-04 23:48:31,436 ligdicash {
  "commande": {
    "invoice": {
      "items": [
        {
          "name": "Première tranche - Inscription Sciences et Technologies",
          "description": "Première tranche - Inscription Sciences et Technologies",
          "quantity": 1,
          "unit_price": "100",
          "total_price": "100"
        }
      ],
      "total_amount": "100",
      "devise": "XOF",
      "description": "Première tranche - Inscription Sciences et Technologies",
      "customer": "Jonathan Bassolé",
      "customer_firstname": "Jonathan",
      "customer_lastname": "Bassolé",
      "customer_email": "testuser.testeur@gmail.com",
      "external_id": "b3cf4950-eac7-454e-8491-c6896dd88144"
    }
  },
  "store": {
    "name": "FORMIS",
    "website_url": "http://localhost:8000"
  },
  "actions": {
    "cancel_url": "http://localhost:8000/payments/public/error/b3cf4950-eac7-454e-8491-c6896dd88144/s3N764PsUQEL8V68z6_2Ekf_zqmIY3Yqp9AgPkmB8HY/",
    "return_url": "http://localhost:8000/payments/public/success/b3cf4950-eac7-454e-8491-c6896dd88144/s3N764PsUQEL8V68z6_2Ekf_zqmIY3Yqp9AgPkmB8HY/",
    "callback_url": "http://localhost:8000/payments/webhook/ligdicash/"
  },
  "custom_data": {
    "paiement_id": "b3cf4950-eac7-454e-8491-c6896dd88144",
    "timestamp": "2025-11-04T23:48:31.435139+00:00"
  }
}
INFO 2025-11-04 23:48:31,437 ligdicash ------------------------------------------------------------
INFO 2025-11-04 23:48:31,437 ligdicash [ACTIONS] Verification section actions:
INFO 2025-11-04 23:48:31,439 ligdicash   - cancel_url: http://localhost:8000/payments/public/error/b3cf4950-eac7-454e-8491-c6896dd88144/s3N764PsUQEL8V68z6_2Ekf_zqmIY3Yqp9AgPkmB8HY/
INFO 2025-11-04 23:48:31,446 ligdicash   - return_url: http://localhost:8000/payments/public/success/b3cf4950-eac7-454e-8491-c6896dd88144/s3N764PsUQEL8V68z6_2Ekf_zqmIY3Yqp9AgPkmB8HY/
INFO 2025-11-04 23:48:31,446 ligdicash   - callback_url: http://localhost:8000/payments/webhook/ligdicash/
INFO 2025-11-04 23:48:31,447 ligdicash [ACTIONS] OK - Toutes les URLs sont presentes
INFO 2025-11-04 23:48:31,448 ligdicash [API] POST vers: https://client.ligdicash.com/pay/v01/redirect/checkout-invoice/create
INFO 2025-11-04 23:48:31,448 ligdicash [API] Envoi...
INFO 2025-11-04 23:48:32,726 ligdicash [API] Reponse recue - Status: 200
INFO 2025-11-04 23:48:32,727 ligdicash [RESPONSE] JSON parse OK
INFO 2025-11-04 23:48:32,727 ligdicash ------------------------------------------------------------
INFO 2025-11-04 23:48:32,728 ligdicash {
  "response_code": "01",
  "token": "",
  "response_text": "Echec (Code08)",
  "description": "Empty command actions",
  "custom_data": [],
  "wiki": "https://client.ligdicash.com/wiki/createInvoice"
}
INFO 2025-11-04 23:48:32,729 ligdicash ------------------------------------------------------------
INFO 2025-11-04 23:48:32,729 ligdicash [RESPONSE] response_code: 01
INFO 2025-11-04 23:48:32,730 ligdicash [RESPONSE] response_text: Echec (Code08)
INFO 2025-11-04 23:48:32,730 ligdicash [RESPONSE] description: Empty command actions
ERROR 2025-11-04 23:48:32,730 ligdicash ============================================================
ERROR 2025-11-04 23:48:32,731 ligdicash ERROR
ERROR 2025-11-04 23:48:32,731 ligdicash ============================================================
ERROR 2025-11-04 23:48:32,732 ligdicash [ERROR] Code: 01
ERROR 2025-11-04 23:48:32,732 ligdicash [ERROR] Message: Erreur dans la requete
ERROR 2025-11-04 23:48:32,733 ligdicash [ERROR] Description: Empty command actions
ERROR 2025-11-04 23:48:32,733 ligdicash [ERROR] Wiki: https://client.ligdicash.com/wiki/createInvoice
ERROR 2025-11-04 23:48:32,736 views [ERROR] Création paiement LigdiCash: Erreur dans la requete
ERROR 2025-11-04 23:48:32,736 views [ERROR] Code: ligdicash_01
ERROR 2025-11-04 23:48:32,737 views [ERROR] Description: Empty command actions
INFO 2025-11-04 23:48:32,760 basehttp "GET /payments/public/b3cf4950-eac7-454e-8491-c6896dd88144/s3N764PsUQEL8V68z6_2Ekf_zqmIY3Yqp9AgPkmB8HY/ HTTP/1.1" 302 0
WARNING 2025-11-04 23:48:32,919 views [WARN] Inscription PENDING orpheline détectée: INS2025UO00002
INFO 2025-11-04 23:48:32,926 views [CLEAN] Nettoyage inscription PENDING orpheline...
INFO 2025-11-04 23:48:32,968 views [OK] Nettoyage terminé - Nouvelle tentative possible
INFO 2025-11-04 23:48:32,983 basehttp "GET /enrollment/inscription/nouvelle/s3N764PsUQEL8V68z6_2Ekf_zqmIY3Yqp9AgPkmB8HY/ HTTP/1.1" 200 21567
WARNING 2025-11-04 23:48:33,163 log Not Found: /.well-known/appspecific/com.chrome.devtools.json
WARNING 2025-11-04 23:48:33,212 basehttp "GET /.well-known/appspecific/com.chrome.devtools.json HTTP/1.1" 404 4132
INFO 2025-11-05 01:55:32,460 basehttp "GET /dashboard/department_head/candidatures/ HTTP/1.1" 200 93142
INFO 2025-11-05 01:55:34,423 basehttp "GET /static/css/dashboard/dashboard.css HTTP/1.1" 200 19647
INFO 2025-11-05 01:55:34,573 basehttp "GET /static/js/dashboard/components.js HTTP/1.1" 200 28077
INFO 2025-11-05 01:55:34,588 basehttp "GET /static/js/dashboard/dashboard.js HTTP/1.1" 200 22935
INFO 2025-11-05 01:55:34,739 basehttp "GET /media/profils/IMG_20211223_151546_741.jpg HTTP/1.1" 200 2749121
WARNING 2025-11-05 01:55:44,642 log Not Found: /favicon.ico
WARNING 2025-11-05 01:55:44,748 basehttp "GET /favicon.ico HTTP/1.1" 404 4021
INFO 2025-11-05 02:18:14,178 autoreload E:\formis_app\_formis\_formis\settings.py changed, reloading.
INFO 2025-11-05 02:18:22,771 autoreload Watching for file changes with StatReloader
INFO 2025-11-05 02:18:45,715 autoreload E:\formis_app\_formis\_formis\settings.py changed, reloading.
INFO 2025-11-05 02:19:49,601 autoreload Watching for file changes with StatReloader
INFO 2025-11-05 02:20:43,877 basehttp "GET /enrollment/inscription/nouvelle/s3N764PsUQEL8V68z6_2Ekf_zqmIY3Yqp9AgPkmB8HY/ HTTP/1.1" 200 21567
WARNING 2025-11-05 02:20:45,665 log Not Found: /favicon.ico
WARNING 2025-11-05 02:20:45,676 basehttp "GET /favicon.ico HTTP/1.1" 404 4050
INFO 2025-11-05 02:21:07,638 views [OK] Inscription créée (sans apprenant): INS2025UO00002
INFO 2025-11-05 02:21:07,651 views [OK] Paiement créé: 160c2115-5963-463f-99e2-f6c738ce342b - Montant: 100.00
INFO 2025-11-05 02:21:07,774 basehttp "POST /enrollment/inscription/nouvelle/s3N764PsUQEL8V68z6_2Ekf_zqmIY3Yqp9AgPkmB8HY/ HTTP/1.1" 200 181
INFO 2025-11-05 02:21:09,243 views ============================================================
INFO 2025-11-05 02:21:09,245 views [DEBUG] CONSTRUCTION DES URLs DE CALLBACK
INFO 2025-11-05 02:21:09,245 views ============================================================
INFO 2025-11-05 02:21:09,246 views [DEBUG] request.scheme: http
INFO 2025-11-05 02:21:09,246 views [DEBUG] request.get_host(): expectingly-yellowish-winter.ngrok-free.dev
INFO 2025-11-05 02:21:09,247 views [DEBUG] request.META['HTTP_HOST']: expectingly-yellowish-winter.ngrok-free.dev
INFO 2025-11-05 02:21:09,248 views [DEBUG] base_url construit: http://expectingly-yellowish-winter.ngrok-free.dev
INFO 2025-11-05 02:21:09,249 views [DEBUG] url_succes_path: /payments/public/success/160c2115-5963-463f-99e2-f6c738ce342b/s3N764PsUQEL8V68z6_2Ekf_zqmIY3Yqp9AgPkmB8HY/
INFO 2025-11-05 02:21:09,249 views [DEBUG] url_succes (absolute): http://expectingly-yellowish-winter.ngrok-free.dev/payments/public/success/160c2115-5963-463f-99e2-f6c738ce342b/s3N764PsUQEL8V68z6_2Ekf_zqmIY3Yqp9AgPkmB8HY/
INFO 2025-11-05 02:21:09,251 views [DEBUG] url_echec_path: /payments/public/error/160c2115-5963-463f-99e2-f6c738ce342b/s3N764PsUQEL8V68z6_2Ekf_zqmIY3Yqp9AgPkmB8HY/
INFO 2025-11-05 02:21:09,252 views [DEBUG] url_echec (absolute): http://expectingly-yellowish-winter.ngrok-free.dev/payments/public/error/160c2115-5963-463f-99e2-f6c738ce342b/s3N764PsUQEL8V68z6_2Ekf_zqmIY3Yqp9AgPkmB8HY/
INFO 2025-11-05 02:21:09,253 views [DEBUG] url_callback_path: /payments/webhook/ligdicash/
INFO 2025-11-05 02:21:09,253 views [DEBUG] url_callback (absolute): http://expectingly-yellowish-winter.ngrok-free.dev/payments/webhook/ligdicash/
INFO 2025-11-05 02:21:09,254 views ============================================================
INFO 2025-11-05 02:21:09,254 views [DEBUG] RÉSUMÉ DES URLs
INFO 2025-11-05 02:21:09,255 views ============================================================
INFO 2025-11-05 02:21:09,255 views URL Succès : http://expectingly-yellowish-winter.ngrok-free.dev/payments/public/success/160c2115-5963-463f-99e2-f6c738ce342b/s3N764PsUQEL8V68z6_2Ekf_zqmIY3Yqp9AgPkmB8HY/
INFO 2025-11-05 02:21:09,256 views URL Échec  : http://expectingly-yellowish-winter.ngrok-free.dev/payments/public/error/160c2115-5963-463f-99e2-f6c738ce342b/s3N764PsUQEL8V68z6_2Ekf_zqmIY3Yqp9AgPkmB8HY/
INFO 2025-11-05 02:21:09,256 views URL Callback: http://expectingly-yellowish-winter.ngrok-free.dev/payments/webhook/ligdicash/
INFO 2025-11-05 02:21:09,257 views ============================================================
INFO 2025-11-05 02:21:09,258 views [DEBUG] Informations client:
INFO 2025-11-05 02:21:09,258 views   - Nom: Jonathan Bassolé
INFO 2025-11-05 02:21:09,258 views   - Email: testuser.testeur@gmail.com
INFO 2025-11-05 02:21:09,259 views   - Montant: 100.00 XOF
INFO 2025-11-05 02:21:09,260 views   - Description: Première tranche - Inscription Sciences et Technologies
INFO 2025-11-05 02:21:09,261 ligdicash ============================================================
INFO 2025-11-05 02:21:09,262 ligdicash LIGDICASH API CALL
INFO 2025-11-05 02:21:09,262 ligdicash ============================================================
INFO 2025-11-05 02:21:09,263 ligdicash [PARAMS] Parametres d'entree:
INFO 2025-11-05 02:21:09,264 ligdicash   - paiement_id: 160c2115-5963-463f-99e2-f6c738ce342b
INFO 2025-11-05 02:21:09,264 ligdicash   - montant: 100.00
INFO 2025-11-05 02:21:09,264 ligdicash   - email_client: testuser.testeur@gmail.com
INFO 2025-11-05 02:21:09,265 ligdicash   - nom_client: Jonathan Bassolé
INFO 2025-11-05 02:21:09,265 ligdicash [URLS] URLs de callback:
INFO 2025-11-05 02:21:09,266 ligdicash   - url_retour_succes: http://expectingly-yellowish-winter.ngrok-free.dev/payments/public/success/160c2115-5963-463f-99e2-f6c738ce342b/s3N764PsUQEL8V68z6_2Ekf_zqmIY3Yqp9AgPkmB8HY/
INFO 2025-11-05 02:21:09,266 ligdicash   - url_retour_echec: http://expectingly-yellowish-winter.ngrok-free.dev/payments/public/error/160c2115-5963-463f-99e2-f6c738ce342b/s3N764PsUQEL8V68z6_2Ekf_zqmIY3Yqp9AgPkmB8HY/
INFO 2025-11-05 02:21:09,266 ligdicash   - url_callback: http://expectingly-yellowish-winter.ngrok-free.dev/payments/webhook/ligdicash/
INFO 2025-11-05 02:21:09,267 ligdicash [PAYLOAD] Payload construit
INFO 2025-11-05 02:21:09,267 ligdicash ------------------------------------------------------------
INFO 2025-11-05 02:21:09,268 ligdicash {
  "commande": {
    "invoice": {
      "items": [
        {
          "name": "Première tranche - Inscription Sciences et Technologies",
          "description": "Première tranche - Inscription Sciences et Technologies",
          "quantity": 1,
          "unit_price": "100",
          "total_price": "100"
        }
      ],
      "total_amount": "100",
      "devise": "XOF",
      "description": "Première tranche - Inscription Sciences et Technologies",
      "customer": "Jonathan Bassolé",
      "customer_firstname": "Jonathan",
      "customer_lastname": "Bassolé",
      "customer_email": "testuser.testeur@gmail.com",
      "external_id": "160c2115-5963-463f-99e2-f6c738ce342b"
    }
  },
  "store": {
    "name": "FORMIS",
    "website_url": "https://expectingly-yellowish-winter.ngrok-free.dev"
  },
  "actions": {
    "cancel_url": "http://expectingly-yellowish-winter.ngrok-free.dev/payments/public/error/160c2115-5963-463f-99e2-f6c738ce342b/s3N764PsUQEL8V68z6_2Ekf_zqmIY3Yqp9AgPkmB8HY/",
    "return_url": "http://expectingly-yellowish-winter.ngrok-free.dev/payments/public/success/160c2115-5963-463f-99e2-f6c738ce342b/s3N764PsUQEL8V68z6_2Ekf_zqmIY3Yqp9AgPkmB8HY/",
    "callback_url": "http://expectingly-yellowish-winter.ngrok-free.dev/payments/webhook/ligdicash/"
  },
  "custom_data": {
    "paiement_id": "160c2115-5963-463f-99e2-f6c738ce342b",
    "timestamp": "2025-11-05T02:21:09.267291+00:00"
  }
}
INFO 2025-11-05 02:21:09,269 ligdicash ------------------------------------------------------------
INFO 2025-11-05 02:21:09,270 ligdicash [ACTIONS] Verification section actions:
INFO 2025-11-05 02:21:09,271 ligdicash   - cancel_url: http://expectingly-yellowish-winter.ngrok-free.dev/payments/public/error/160c2115-5963-463f-99e2-f6c738ce342b/s3N764PsUQEL8V68z6_2Ekf_zqmIY3Yqp9AgPkmB8HY/
INFO 2025-11-05 02:21:09,272 ligdicash   - return_url: http://expectingly-yellowish-winter.ngrok-free.dev/payments/public/success/160c2115-5963-463f-99e2-f6c738ce342b/s3N764PsUQEL8V68z6_2Ekf_zqmIY3Yqp9AgPkmB8HY/
INFO 2025-11-05 02:21:09,273 ligdicash   - callback_url: http://expectingly-yellowish-winter.ngrok-free.dev/payments/webhook/ligdicash/
INFO 2025-11-05 02:21:09,274 ligdicash [ACTIONS] OK - Toutes les URLs sont presentes
INFO 2025-11-05 02:21:09,275 ligdicash [API] POST vers: https://client.ligdicash.com/pay/v01/redirect/checkout-invoice/create
INFO 2025-11-05 02:21:09,276 ligdicash [API] Envoi...
INFO 2025-11-05 02:21:10,601 ligdicash [API] Reponse recue - Status: 200
INFO 2025-11-05 02:21:10,601 ligdicash [RESPONSE] JSON parse OK
INFO 2025-11-05 02:21:10,601 ligdicash ------------------------------------------------------------
INFO 2025-11-05 02:21:10,602 ligdicash {
  "response_code": "01",
  "token": "",
  "response_text": "Echec (Code08)",
  "description": "Empty command actions",
  "custom_data": [],
  "wiki": "https://client.ligdicash.com/wiki/createInvoice"
}
INFO 2025-11-05 02:21:10,602 ligdicash ------------------------------------------------------------
INFO 2025-11-05 02:21:10,602 ligdicash [RESPONSE] response_code: 01
INFO 2025-11-05 02:21:10,603 ligdicash [RESPONSE] response_text: Echec (Code08)
INFO 2025-11-05 02:21:10,603 ligdicash [RESPONSE] description: Empty command actions
ERROR 2025-11-05 02:21:10,603 ligdicash ============================================================
ERROR 2025-11-05 02:21:10,604 ligdicash ERROR
ERROR 2025-11-05 02:21:10,604 ligdicash ============================================================
ERROR 2025-11-05 02:21:10,604 ligdicash [ERROR] Code: 01
ERROR 2025-11-05 02:21:10,604 ligdicash [ERROR] Message: Erreur dans la requete
ERROR 2025-11-05 02:21:10,605 ligdicash [ERROR] Description: Empty command actions
ERROR 2025-11-05 02:21:10,605 ligdicash [ERROR] Wiki: https://client.ligdicash.com/wiki/createInvoice
ERROR 2025-11-05 02:21:10,607 views [ERROR] Création paiement LigdiCash: Erreur dans la requete
ERROR 2025-11-05 02:21:10,607 views [ERROR] Code: ligdicash_01
ERROR 2025-11-05 02:21:10,607 views [ERROR] Description: Empty command actions
INFO 2025-11-05 02:21:10,631 basehttp "GET /payments/public/160c2115-5963-463f-99e2-f6c738ce342b/s3N764PsUQEL8V68z6_2Ekf_zqmIY3Yqp9AgPkmB8HY/ HTTP/1.1" 302 0
WARNING 2025-11-05 02:21:10,997 views [WARN] Inscription PENDING orpheline détectée: INS2025UO00002
INFO 2025-11-05 02:21:11,001 views [CLEAN] Nettoyage inscription PENDING orpheline...
INFO 2025-11-05 02:21:11,045 views [OK] Nettoyage terminé - Nouvelle tentative possible
INFO 2025-11-05 02:21:11,057 basehttp "GET /enrollment/inscription/nouvelle/s3N764PsUQEL8V68z6_2Ekf_zqmIY3Yqp9AgPkmB8HY/ HTTP/1.1" 200 21567
INFO 2025-11-05 02:21:58,870 views [OK] Inscription créée (sans apprenant): INS2025UO00002
INFO 2025-11-05 02:21:58,883 views [OK] Paiement créé: cc387ba4-4e39-4825-a78f-1e8973efbe8a - Montant: 100.00
INFO 2025-11-05 02:21:58,888 basehttp "POST /enrollment/inscription/nouvelle/s3N764PsUQEL8V68z6_2Ekf_zqmIY3Yqp9AgPkmB8HY/ HTTP/1.1" 200 181
INFO 2025-11-05 02:22:00,384 views ============================================================
INFO 2025-11-05 02:22:00,385 views [DEBUG] CONSTRUCTION DES URLs DE CALLBACK
INFO 2025-11-05 02:22:00,385 views ============================================================
INFO 2025-11-05 02:22:00,385 views [DEBUG] request.scheme: http
INFO 2025-11-05 02:22:00,386 views [DEBUG] request.get_host(): expectingly-yellowish-winter.ngrok-free.dev
INFO 2025-11-05 02:22:00,387 views [DEBUG] request.META['HTTP_HOST']: expectingly-yellowish-winter.ngrok-free.dev
INFO 2025-11-05 02:22:00,388 views [DEBUG] base_url construit: http://expectingly-yellowish-winter.ngrok-free.dev
INFO 2025-11-05 02:22:00,388 views [DEBUG] url_succes_path: /payments/public/success/cc387ba4-4e39-4825-a78f-1e8973efbe8a/s3N764PsUQEL8V68z6_2Ekf_zqmIY3Yqp9AgPkmB8HY/
INFO 2025-11-05 02:22:00,389 views [DEBUG] url_succes (absolute): http://expectingly-yellowish-winter.ngrok-free.dev/payments/public/success/cc387ba4-4e39-4825-a78f-1e8973efbe8a/s3N764PsUQEL8V68z6_2Ekf_zqmIY3Yqp9AgPkmB8HY/
INFO 2025-11-05 02:22:00,390 views [DEBUG] url_echec_path: /payments/public/error/cc387ba4-4e39-4825-a78f-1e8973efbe8a/s3N764PsUQEL8V68z6_2Ekf_zqmIY3Yqp9AgPkmB8HY/
INFO 2025-11-05 02:22:00,390 views [DEBUG] url_echec (absolute): http://expectingly-yellowish-winter.ngrok-free.dev/payments/public/error/cc387ba4-4e39-4825-a78f-1e8973efbe8a/s3N764PsUQEL8V68z6_2Ekf_zqmIY3Yqp9AgPkmB8HY/
INFO 2025-11-05 02:22:00,392 views [DEBUG] url_callback_path: /payments/webhook/ligdicash/
INFO 2025-11-05 02:22:00,396 views [DEBUG] url_callback (absolute): http://expectingly-yellowish-winter.ngrok-free.dev/payments/webhook/ligdicash/
INFO 2025-11-05 02:22:00,397 views ============================================================
INFO 2025-11-05 02:22:00,398 views [DEBUG] RÉSUMÉ DES URLs
INFO 2025-11-05 02:22:00,399 views ============================================================
INFO 2025-11-05 02:22:00,399 views URL Succès : http://expectingly-yellowish-winter.ngrok-free.dev/payments/public/success/cc387ba4-4e39-4825-a78f-1e8973efbe8a/s3N764PsUQEL8V68z6_2Ekf_zqmIY3Yqp9AgPkmB8HY/
INFO 2025-11-05 02:22:00,399 views URL Échec  : http://expectingly-yellowish-winter.ngrok-free.dev/payments/public/error/cc387ba4-4e39-4825-a78f-1e8973efbe8a/s3N764PsUQEL8V68z6_2Ekf_zqmIY3Yqp9AgPkmB8HY/
INFO 2025-11-05 02:22:00,400 views URL Callback: http://expectingly-yellowish-winter.ngrok-free.dev/payments/webhook/ligdicash/
INFO 2025-11-05 02:22:00,400 views ============================================================
INFO 2025-11-05 02:22:00,401 views [DEBUG] Informations client:
INFO 2025-11-05 02:22:00,401 views   - Nom: Jonathan Bassolé
INFO 2025-11-05 02:22:00,401 views   - Email: testuser.testeur@gmail.com
INFO 2025-11-05 02:22:00,402 views   - Montant: 100.00 XOF
INFO 2025-11-05 02:22:00,402 views   - Description: Première tranche - Inscription Sciences et Technologies
INFO 2025-11-05 02:22:00,403 ligdicash ============================================================
INFO 2025-11-05 02:22:00,403 ligdicash LIGDICASH API CALL
INFO 2025-11-05 02:22:00,403 ligdicash ============================================================
INFO 2025-11-05 02:22:00,404 ligdicash [PARAMS] Parametres d'entree:
INFO 2025-11-05 02:22:00,405 ligdicash   - paiement_id: cc387ba4-4e39-4825-a78f-1e8973efbe8a
INFO 2025-11-05 02:22:00,407 ligdicash   - montant: 100.00
INFO 2025-11-05 02:22:00,407 ligdicash   - email_client: testuser.testeur@gmail.com
INFO 2025-11-05 02:22:00,408 ligdicash   - nom_client: Jonathan Bassolé
INFO 2025-11-05 02:22:00,408 ligdicash [URLS] URLs de callback:
INFO 2025-11-05 02:22:00,409 ligdicash   - url_retour_succes: http://expectingly-yellowish-winter.ngrok-free.dev/payments/public/success/cc387ba4-4e39-4825-a78f-1e8973efbe8a/s3N764PsUQEL8V68z6_2Ekf_zqmIY3Yqp9AgPkmB8HY/
INFO 2025-11-05 02:22:00,410 ligdicash   - url_retour_echec: http://expectingly-yellowish-winter.ngrok-free.dev/payments/public/error/cc387ba4-4e39-4825-a78f-1e8973efbe8a/s3N764PsUQEL8V68z6_2Ekf_zqmIY3Yqp9AgPkmB8HY/
INFO 2025-11-05 02:22:00,416 ligdicash   - url_callback: http://expectingly-yellowish-winter.ngrok-free.dev/payments/webhook/ligdicash/
INFO 2025-11-05 02:22:00,419 ligdicash [PAYLOAD] Payload construit
INFO 2025-11-05 02:22:00,419 ligdicash ------------------------------------------------------------
INFO 2025-11-05 02:22:00,421 ligdicash {
  "commande": {
    "invoice": {
      "items": [
        {
          "name": "Première tranche - Inscription Sciences et Technologies",
          "description": "Première tranche - Inscription Sciences et Technologies",
          "quantity": 1,
          "unit_price": "100",
          "total_price": "100"
        }
      ],
      "total_amount": "100",
      "devise": "XOF",
      "description": "Première tranche - Inscription Sciences et Technologies",
      "customer": "Jonathan Bassolé",
      "customer_firstname": "Jonathan",
      "customer_lastname": "Bassolé",
      "customer_email": "testuser.testeur@gmail.com",
      "external_id": "cc387ba4-4e39-4825-a78f-1e8973efbe8a"
    }
  },
  "store": {
    "name": "FORMIS",
    "website_url": "https://expectingly-yellowish-winter.ngrok-free.dev"
  },
  "actions": {
    "cancel_url": "http://expectingly-yellowish-winter.ngrok-free.dev/payments/public/error/cc387ba4-4e39-4825-a78f-1e8973efbe8a/s3N764PsUQEL8V68z6_2Ekf_zqmIY3Yqp9AgPkmB8HY/",
    "return_url": "http://expectingly-yellowish-winter.ngrok-free.dev/payments/public/success/cc387ba4-4e39-4825-a78f-1e8973efbe8a/s3N764PsUQEL8V68z6_2Ekf_zqmIY3Yqp9AgPkmB8HY/",
    "callback_url": "http://expectingly-yellowish-winter.ngrok-free.dev/payments/webhook/ligdicash/"
  },
  "custom_data": {
    "paiement_id": "cc387ba4-4e39-4825-a78f-1e8973efbe8a",
    "timestamp": "2025-11-05T02:22:00.419349+00:00"
  }
}
INFO 2025-11-05 02:22:00,426 ligdicash ------------------------------------------------------------
INFO 2025-11-05 02:22:00,428 ligdicash [ACTIONS] Verification section actions:
INFO 2025-11-05 02:22:00,428 ligdicash   - cancel_url: http://expectingly-yellowish-winter.ngrok-free.dev/payments/public/error/cc387ba4-4e39-4825-a78f-1e8973efbe8a/s3N764PsUQEL8V68z6_2Ekf_zqmIY3Yqp9AgPkmB8HY/
INFO 2025-11-05 02:22:00,429 ligdicash   - return_url: http://expectingly-yellowish-winter.ngrok-free.dev/payments/public/success/cc387ba4-4e39-4825-a78f-1e8973efbe8a/s3N764PsUQEL8V68z6_2Ekf_zqmIY3Yqp9AgPkmB8HY/
INFO 2025-11-05 02:22:00,431 ligdicash   - callback_url: http://expectingly-yellowish-winter.ngrok-free.dev/payments/webhook/ligdicash/
INFO 2025-11-05 02:22:00,431 ligdicash [ACTIONS] OK - Toutes les URLs sont presentes
INFO 2025-11-05 02:22:00,432 ligdicash [API] POST vers: https://client.ligdicash.com/pay/v01/redirect/checkout-invoice/create
INFO 2025-11-05 02:22:00,432 ligdicash [API] Envoi...
INFO 2025-11-05 02:22:01,758 ligdicash [API] Reponse recue - Status: 200
INFO 2025-11-05 02:22:01,760 ligdicash [RESPONSE] JSON parse OK
INFO 2025-11-05 02:22:01,761 ligdicash ------------------------------------------------------------
INFO 2025-11-05 02:22:01,762 ligdicash {
  "response_code": "01",
  "token": "",
  "response_text": "Echec (Code08)",
  "description": "Empty command actions",
  "custom_data": [],
  "wiki": "https://client.ligdicash.com/wiki/createInvoice"
}
INFO 2025-11-05 02:22:01,764 ligdicash ------------------------------------------------------------
INFO 2025-11-05 02:22:01,765 ligdicash [RESPONSE] response_code: 01
INFO 2025-11-05 02:22:01,766 ligdicash [RESPONSE] response_text: Echec (Code08)
INFO 2025-11-05 02:22:01,768 ligdicash [RESPONSE] description: Empty command actions
ERROR 2025-11-05 02:22:01,769 ligdicash ============================================================
ERROR 2025-11-05 02:22:01,770 ligdicash ERROR
ERROR 2025-11-05 02:22:01,771 ligdicash ============================================================
ERROR 2025-11-05 02:22:01,780 ligdicash [ERROR] Code: 01
ERROR 2025-11-05 02:22:01,782 ligdicash [ERROR] Message: Erreur dans la requete
ERROR 2025-11-05 02:22:01,784 ligdicash [ERROR] Description: Empty command actions
ERROR 2025-11-05 02:22:01,784 ligdicash [ERROR] Wiki: https://client.ligdicash.com/wiki/createInvoice
ERROR 2025-11-05 02:22:01,788 views [ERROR] Création paiement LigdiCash: Erreur dans la requete
ERROR 2025-11-05 02:22:01,795 views [ERROR] Code: ligdicash_01
ERROR 2025-11-05 02:22:01,795 views [ERROR] Description: Empty command actions
INFO 2025-11-05 02:22:01,816 basehttp "GET /payments/public/cc387ba4-4e39-4825-a78f-1e8973efbe8a/s3N764PsUQEL8V68z6_2Ekf_zqmIY3Yqp9AgPkmB8HY/ HTTP/1.1" 302 0
WARNING 2025-11-05 02:22:02,235 views [WARN] Inscription PENDING orpheline détectée: INS2025UO00002
INFO 2025-11-05 02:22:02,239 views [CLEAN] Nettoyage inscription PENDING orpheline...
INFO 2025-11-05 02:22:02,280 views [OK] Nettoyage terminé - Nouvelle tentative possible
INFO 2025-11-05 02:22:02,293 basehttp "GET /enrollment/inscription/nouvelle/s3N764PsUQEL8V68z6_2Ekf_zqmIY3Yqp9AgPkmB8HY/ HTTP/1.1" 200 21567
INFO 2025-11-05 02:22:39,325 basehttp "GET / HTTP/1.1" 200 16444
WARNING 2025-11-05 02:22:40,583 log Not Found: /favicon.ico
WARNING 2025-11-05 02:22:40,585 basehttp "GET /favicon.ico HTTP/1.1" 404 4050
INFO 2025-11-05 02:24:17,340 autoreload E:\formis_app\_formis\apps\payments\views.py changed, reloading.
INFO 2025-11-05 02:24:24,294 autoreload Watching for file changes with StatReloader
INFO 2025-11-05 02:24:32,305 basehttp "GET /enrollment/inscription/nouvelle/s3N764PsUQEL8V68z6_2Ekf_zqmIY3Yqp9AgPkmB8HY/ HTTP/1.1" 200 21567
INFO 2025-11-05 02:24:46,870 views [OK] Inscription créée (sans apprenant): INS2025UO00002
INFO 2025-11-05 02:24:46,891 views [OK] Paiement créé: 8b48cbce-420e-419d-840e-bf401e5ca8b4 - Montant: 100.00
INFO 2025-11-05 02:24:47,289 basehttp "POST /enrollment/inscription/nouvelle/s3N764PsUQEL8V68z6_2Ekf_zqmIY3Yqp9AgPkmB8HY/ HTTP/1.1" 200 181
INFO 2025-11-05 02:24:48,754 views ============================================================
INFO 2025-11-05 02:24:48,755 views [DEBUG] CONSTRUCTION DES URLs DE CALLBACK
INFO 2025-11-05 02:24:48,755 views ============================================================
INFO 2025-11-05 02:24:48,756 views [DEBUG] request.scheme: http
INFO 2025-11-05 02:24:48,756 views [DEBUG] request.get_host(): expectingly-yellowish-winter.ngrok-free.dev
INFO 2025-11-05 02:24:48,756 views [DEBUG] HTTPS forcé (ngrok ou domaine public détecté)
INFO 2025-11-05 02:24:48,757 views [DEBUG] base_url construit: https://expectingly-yellowish-winter.ngrok-free.dev
INFO 2025-11-05 02:24:48,758 views [DEBUG] url_succes: https://expectingly-yellowish-winter.ngrok-free.dev/payments/public/success/8b48cbce-420e-419d-840e-bf401e5ca8b4/s3N764PsUQEL8V68z6_2Ekf_zqmIY3Yqp9AgPkmB8HY/
INFO 2025-11-05 02:24:48,759 views [DEBUG] url_echec: https://expectingly-yellowish-winter.ngrok-free.dev/payments/public/error/8b48cbce-420e-419d-840e-bf401e5ca8b4/s3N764PsUQEL8V68z6_2Ekf_zqmIY3Yqp9AgPkmB8HY/
INFO 2025-11-05 02:24:48,760 views [DEBUG] url_callback: https://expectingly-yellowish-winter.ngrok-free.dev/payments/webhook/ligdicash/
INFO 2025-11-05 02:24:48,761 views ============================================================
INFO 2025-11-05 02:24:48,762 views [DEBUG] RÉSUMÉ DES URLs
INFO 2025-11-05 02:24:48,763 views ============================================================
INFO 2025-11-05 02:24:48,763 views URL Succès : https://expectingly-yellowish-winter.ngrok-free.dev/payments/public/success/8b48cbce-420e-419d-840e-bf401e5ca8b4/s3N764PsUQEL8V68z6_2Ekf_zqmIY3Yqp9AgPkmB8HY/
INFO 2025-11-05 02:24:48,764 views URL Échec  : https://expectingly-yellowish-winter.ngrok-free.dev/payments/public/error/8b48cbce-420e-419d-840e-bf401e5ca8b4/s3N764PsUQEL8V68z6_2Ekf_zqmIY3Yqp9AgPkmB8HY/
INFO 2025-11-05 02:24:48,764 views URL Callback: https://expectingly-yellowish-winter.ngrok-free.dev/payments/webhook/ligdicash/
INFO 2025-11-05 02:24:48,765 views ============================================================
INFO 2025-11-05 02:24:48,765 views [DEBUG] Informations client:
INFO 2025-11-05 02:24:48,765 views   - Nom: Jonathan Bassolé
INFO 2025-11-05 02:24:48,767 views   - Email: testuser.testeur@gmail.com
INFO 2025-11-05 02:24:48,768 views   - Montant: 100.00 XOF
INFO 2025-11-05 02:24:48,768 views   - Description: Première tranche - Inscription Sciences et Technologies
INFO 2025-11-05 02:24:48,769 ligdicash ============================================================
INFO 2025-11-05 02:24:48,769 ligdicash LIGDICASH API CALL
INFO 2025-11-05 02:24:48,769 ligdicash ============================================================
INFO 2025-11-05 02:24:48,770 ligdicash [PARAMS] Parametres d'entree:
INFO 2025-11-05 02:24:48,770 ligdicash   - paiement_id: 8b48cbce-420e-419d-840e-bf401e5ca8b4
INFO 2025-11-05 02:24:48,770 ligdicash   - montant: 100.00
INFO 2025-11-05 02:24:48,771 ligdicash   - email_client: testuser.testeur@gmail.com
INFO 2025-11-05 02:24:48,771 ligdicash   - nom_client: Jonathan Bassolé
INFO 2025-11-05 02:24:48,772 ligdicash [URLS] URLs de callback:
INFO 2025-11-05 02:24:48,772 ligdicash   - url_retour_succes: https://expectingly-yellowish-winter.ngrok-free.dev/payments/public/success/8b48cbce-420e-419d-840e-bf401e5ca8b4/s3N764PsUQEL8V68z6_2Ekf_zqmIY3Yqp9AgPkmB8HY/
INFO 2025-11-05 02:24:48,772 ligdicash   - url_retour_echec: https://expectingly-yellowish-winter.ngrok-free.dev/payments/public/error/8b48cbce-420e-419d-840e-bf401e5ca8b4/s3N764PsUQEL8V68z6_2Ekf_zqmIY3Yqp9AgPkmB8HY/
INFO 2025-11-05 02:24:48,773 ligdicash   - url_callback: https://expectingly-yellowish-winter.ngrok-free.dev/payments/webhook/ligdicash/
INFO 2025-11-05 02:24:48,773 ligdicash [PAYLOAD] Payload construit
INFO 2025-11-05 02:24:48,774 ligdicash ------------------------------------------------------------
INFO 2025-11-05 02:24:48,774 ligdicash {
  "commande": {
    "invoice": {
      "items": [
        {
          "name": "Première tranche - Inscription Sciences et Technologies",
          "description": "Première tranche - Inscription Sciences et Technologies",
          "quantity": 1,
          "unit_price": "100",
          "total_price": "100"
        }
      ],
      "total_amount": "100",
      "devise": "XOF",
      "description": "Première tranche - Inscription Sciences et Technologies",
      "customer": "Jonathan Bassolé",
      "customer_firstname": "Jonathan",
      "customer_lastname": "Bassolé",
      "customer_email": "testuser.testeur@gmail.com",
      "external_id": "8b48cbce-420e-419d-840e-bf401e5ca8b4"
    }
  },
  "store": {
    "name": "FORMIS",
    "website_url": "https://expectingly-yellowish-winter.ngrok-free.dev"
  },
  "actions": {
    "cancel_url": "https://expectingly-yellowish-winter.ngrok-free.dev/payments/public/error/8b48cbce-420e-419d-840e-bf401e5ca8b4/s3N764PsUQEL8V68z6_2Ekf_zqmIY3Yqp9AgPkmB8HY/",
    "return_url": "https://expectingly-yellowish-winter.ngrok-free.dev/payments/public/success/8b48cbce-420e-419d-840e-bf401e5ca8b4/s3N764PsUQEL8V68z6_2Ekf_zqmIY3Yqp9AgPkmB8HY/",
    "callback_url": "https://expectingly-yellowish-winter.ngrok-free.dev/payments/webhook/ligdicash/"
  },
  "custom_data": {
    "paiement_id": "8b48cbce-420e-419d-840e-bf401e5ca8b4",
    "timestamp": "2025-11-05T02:24:48.773155+00:00"
  }
}
INFO 2025-11-05 02:24:48,776 ligdicash ------------------------------------------------------------
INFO 2025-11-05 02:24:48,777 ligdicash [ACTIONS] Verification section actions:
INFO 2025-11-05 02:24:48,782 ligdicash   - cancel_url: https://expectingly-yellowish-winter.ngrok-free.dev/payments/public/error/8b48cbce-420e-419d-840e-bf401e5ca8b4/s3N764PsUQEL8V68z6_2Ekf_zqmIY3Yqp9AgPkmB8HY/
INFO 2025-11-05 02:24:48,783 ligdicash   - return_url: https://expectingly-yellowish-winter.ngrok-free.dev/payments/public/success/8b48cbce-420e-419d-840e-bf401e5ca8b4/s3N764PsUQEL8V68z6_2Ekf_zqmIY3Yqp9AgPkmB8HY/
INFO 2025-11-05 02:24:48,784 ligdicash   - callback_url: https://expectingly-yellowish-winter.ngrok-free.dev/payments/webhook/ligdicash/
INFO 2025-11-05 02:24:48,784 ligdicash [ACTIONS] OK - Toutes les URLs sont presentes
INFO 2025-11-05 02:24:48,784 ligdicash [API] POST vers: https://client.ligdicash.com/pay/v01/redirect/checkout-invoice/create
INFO 2025-11-05 02:24:48,785 ligdicash [API] Envoi...
INFO 2025-11-05 02:24:49,970 ligdicash [API] Reponse recue - Status: 200
INFO 2025-11-05 02:24:49,971 ligdicash [RESPONSE] JSON parse OK
INFO 2025-11-05 02:24:49,971 ligdicash ------------------------------------------------------------
INFO 2025-11-05 02:24:49,971 ligdicash {
  "response_code": "01",
  "token": "",
  "response_text": "Echec (Code08)",
  "description": "Empty command actions",
  "custom_data": [],
  "wiki": "https://client.ligdicash.com/wiki/createInvoice"
}
INFO 2025-11-05 02:24:49,974 ligdicash ------------------------------------------------------------
INFO 2025-11-05 02:24:49,974 ligdicash [RESPONSE] response_code: 01
INFO 2025-11-05 02:24:49,975 ligdicash [RESPONSE] response_text: Echec (Code08)
INFO 2025-11-05 02:24:49,975 ligdicash [RESPONSE] description: Empty command actions
ERROR 2025-11-05 02:24:49,975 ligdicash ============================================================
ERROR 2025-11-05 02:24:49,975 ligdicash ERROR
ERROR 2025-11-05 02:24:49,980 ligdicash ============================================================
ERROR 2025-11-05 02:24:49,981 ligdicash [ERROR] Code: 01
ERROR 2025-11-05 02:24:49,981 ligdicash [ERROR] Message: Erreur dans la requete
ERROR 2025-11-05 02:24:49,982 ligdicash [ERROR] Description: Empty command actions
ERROR 2025-11-05 02:24:49,983 ligdicash [ERROR] Wiki: https://client.ligdicash.com/wiki/createInvoice
ERROR 2025-11-05 02:24:49,984 views [ERROR] Création paiement LigdiCash: Erreur dans la requete
ERROR 2025-11-05 02:24:49,985 views [ERROR] Code: ligdicash_01
ERROR 2025-11-05 02:24:49,985 views [ERROR] Description: Empty command actions
INFO 2025-11-05 02:24:50,000 basehttp "GET /payments/public/8b48cbce-420e-419d-840e-bf401e5ca8b4/s3N764PsUQEL8V68z6_2Ekf_zqmIY3Yqp9AgPkmB8HY/ HTTP/1.1" 302 0
WARNING 2025-11-05 02:24:50,447 views [WARN] Inscription PENDING orpheline détectée: INS2025UO00002
INFO 2025-11-05 02:24:50,454 views [CLEAN] Nettoyage inscription PENDING orpheline...
INFO 2025-11-05 02:24:50,504 views [OK] Nettoyage terminé - Nouvelle tentative possible
INFO 2025-11-05 02:24:50,522 basehttp "GET /enrollment/inscription/nouvelle/s3N764PsUQEL8V68z6_2Ekf_zqmIY3Yqp9AgPkmB8HY/ HTTP/1.1" 200 21567
INFO 2025-11-05 03:55:35,978 autoreload E:\formis_app\_formis\apps\payments\services\ligdicash.py changed, reloading.
INFO 2025-11-05 03:56:01,254 autoreload Watching for file changes with StatReloader
INFO 2025-11-05 03:56:26,196 autoreload E:\formis_app\_formis\apps\payments\services\ligdicash.py changed, reloading.
INFO 2025-11-05 03:56:31,243 autoreload Watching for file changes with StatReloader
INFO 2025-11-05 03:56:52,813 views [OK] Inscription créée (sans apprenant): INS2025UO00002
INFO 2025-11-05 03:56:53,065 views [OK] Paiement créé: c3bbf218-3c0e-4897-b7fa-4b98bede0bd2 - Montant: 100.00
INFO 2025-11-05 03:56:53,497 basehttp "POST /enrollment/inscription/nouvelle/s3N764PsUQEL8V68z6_2Ekf_zqmIY3Yqp9AgPkmB8HY/ HTTP/1.1" 200 181
INFO 2025-11-05 03:56:55,265 views ============================================================
INFO 2025-11-05 03:56:55,265 views [DEBUG] CONSTRUCTION DES URLs DE CALLBACK
INFO 2025-11-05 03:56:55,267 views ============================================================
INFO 2025-11-05 03:56:55,268 views [DEBUG] request.scheme: http
INFO 2025-11-05 03:56:55,275 views [DEBUG] request.get_host(): expectingly-yellowish-winter.ngrok-free.dev
INFO 2025-11-05 03:56:55,291 views [DEBUG] HTTPS forcé (ngrok ou domaine public détecté)
INFO 2025-11-05 03:56:55,294 views [DEBUG] base_url construit: https://expectingly-yellowish-winter.ngrok-free.dev
INFO 2025-11-05 03:56:55,296 views [DEBUG] url_succes: https://expectingly-yellowish-winter.ngrok-free.dev/payments/public/success/c3bbf218-3c0e-4897-b7fa-4b98bede0bd2/s3N764PsUQEL8V68z6_2Ekf_zqmIY3Yqp9AgPkmB8HY/
INFO 2025-11-05 03:56:55,301 views [DEBUG] url_echec: https://expectingly-yellowish-winter.ngrok-free.dev/payments/public/error/c3bbf218-3c0e-4897-b7fa-4b98bede0bd2/s3N764PsUQEL8V68z6_2Ekf_zqmIY3Yqp9AgPkmB8HY/
INFO 2025-11-05 03:56:55,304 views [DEBUG] url_callback: https://expectingly-yellowish-winter.ngrok-free.dev/payments/webhook/ligdicash/
INFO 2025-11-05 03:56:55,311 views ============================================================
INFO 2025-11-05 03:56:55,312 views [DEBUG] RÉSUMÉ DES URLs
INFO 2025-11-05 03:56:55,313 views ============================================================
INFO 2025-11-05 03:56:55,314 views URL Succès : https://expectingly-yellowish-winter.ngrok-free.dev/payments/public/success/c3bbf218-3c0e-4897-b7fa-4b98bede0bd2/s3N764PsUQEL8V68z6_2Ekf_zqmIY3Yqp9AgPkmB8HY/
INFO 2025-11-05 03:56:55,324 views URL Échec  : https://expectingly-yellowish-winter.ngrok-free.dev/payments/public/error/c3bbf218-3c0e-4897-b7fa-4b98bede0bd2/s3N764PsUQEL8V68z6_2Ekf_zqmIY3Yqp9AgPkmB8HY/
INFO 2025-11-05 03:56:55,330 views URL Callback: https://expectingly-yellowish-winter.ngrok-free.dev/payments/webhook/ligdicash/
INFO 2025-11-05 03:56:55,333 views ============================================================
INFO 2025-11-05 03:56:55,333 views [DEBUG] Informations client:
INFO 2025-11-05 03:56:55,334 views   - Nom: Jonathan Bassolé
INFO 2025-11-05 03:56:55,340 views   - Email: testuser.testeur@gmail.com
INFO 2025-11-05 03:56:55,343 views   - Montant: 100.00 XOF
INFO 2025-11-05 03:56:55,346 views   - Description: Première tranche - Inscription Sciences et Technologies
INFO 2025-11-05 03:56:55,358 ligdicash ============================================================
INFO 2025-11-05 03:56:55,365 ligdicash LIGDICASH API CALL
INFO 2025-11-05 03:56:55,366 ligdicash ============================================================
INFO 2025-11-05 03:56:55,366 ligdicash [PARAMS] Parametres d'entree:
INFO 2025-11-05 03:56:55,372 ligdicash   - paiement_id: c3bbf218-3c0e-4897-b7fa-4b98bede0bd2
INFO 2025-11-05 03:56:55,383 ligdicash   - montant: 100.00
INFO 2025-11-05 03:56:55,393 ligdicash   - email_client: testuser.testeur@gmail.com
INFO 2025-11-05 03:56:55,398 ligdicash   - nom_client: Jonathan Bassolé
INFO 2025-11-05 03:56:55,399 ligdicash [URLS] URLs de callback:
INFO 2025-11-05 03:56:55,400 ligdicash   - url_retour_succes: https://expectingly-yellowish-winter.ngrok-free.dev/payments/public/success/c3bbf218-3c0e-4897-b7fa-4b98bede0bd2/s3N764PsUQEL8V68z6_2Ekf_zqmIY3Yqp9AgPkmB8HY/
INFO 2025-11-05 03:56:55,412 ligdicash   - url_retour_echec: https://expectingly-yellowish-winter.ngrok-free.dev/payments/public/error/c3bbf218-3c0e-4897-b7fa-4b98bede0bd2/s3N764PsUQEL8V68z6_2Ekf_zqmIY3Yqp9AgPkmB8HY/
INFO 2025-11-05 03:56:55,413 ligdicash   - url_callback: https://expectingly-yellowish-winter.ngrok-free.dev/payments/webhook/ligdicash/
INFO 2025-11-05 03:56:55,459 ligdicash [PAYLOAD] Payload construit
INFO 2025-11-05 03:56:55,515 ligdicash ------------------------------------------------------------
INFO 2025-11-05 03:56:55,541 ligdicash {
  "commande": {
    "invoice": {
      "items": [
        {
          "name": "Première tranche - Inscription Sciences et Technologies",
          "description": "Première tranche - Inscription Sciences et Technologies",
          "quantity": 1,
          "unit_price": "100",
          "total_price": "100"
        }
      ],
      "total_amount": "100",
      "devise": "XOF",
      "description": "Première tranche - Inscription Sciences et Technologies",
      "customer": "Jonathan Bassolé",
      "customer_firstname": "Jonathan",
      "customer_lastname": "Bassolé",
      "customer_email": "testuser.testeur@gmail.com",
      "external_id": "c3bbf218-3c0e-4897-b7fa-4b98bede0bd2"
    }
  },
  "store": {
    "name": "FORMIS",
    "website_url": "https://expectingly-yellowish-winter.ngrok-free.dev"
  },
  "actions": {
    "cancel_url": "https://expectingly-yellowish-winter.ngrok-free.dev/payments/public/error/c3bbf218-3c0e-4897-b7fa-4b98bede0bd2/s3N764PsUQEL8V68z6_2Ekf_zqmIY3Yqp9AgPkmB8HY/",
    "return_url": "https://expectingly-yellowish-winter.ngrok-free.dev/payments/public/success/c3bbf218-3c0e-4897-b7fa-4b98bede0bd2/s3N764PsUQEL8V68z6_2Ekf_zqmIY3Yqp9AgPkmB8HY/",
    "callback_url": "https://expectingly-yellowish-winter.ngrok-free.dev/payments/webhook/ligdicash/"
  },
  "custom_data": {
    "paiement_id": "c3bbf218-3c0e-4897-b7fa-4b98bede0bd2",
    "timestamp": "2025-11-05T03:56:55.459764+00:00"
  }
}
INFO 2025-11-05 03:56:55,598 ligdicash ------------------------------------------------------------
INFO 2025-11-05 03:56:55,612 ligdicash [ACTIONS] Verification section actions:
INFO 2025-11-05 03:56:55,614 ligdicash   - cancel_url: https://expectingly-yellowish-winter.ngrok-free.dev/payments/public/error/c3bbf218-3c0e-4897-b7fa-4b98bede0bd2/s3N764PsUQEL8V68z6_2Ekf_zqmIY3Yqp9AgPkmB8HY/
INFO 2025-11-05 03:56:55,614 ligdicash   - return_url: https://expectingly-yellowish-winter.ngrok-free.dev/payments/public/success/c3bbf218-3c0e-4897-b7fa-4b98bede0bd2/s3N764PsUQEL8V68z6_2Ekf_zqmIY3Yqp9AgPkmB8HY/
INFO 2025-11-05 03:56:55,615 ligdicash   - callback_url: https://expectingly-yellowish-winter.ngrok-free.dev/payments/webhook/ligdicash/
INFO 2025-11-05 03:56:55,617 ligdicash [ACTIONS] OK - Toutes les URLs sont presentes
INFO 2025-11-05 03:56:55,618 ligdicash [API] POST vers: https://client.ligdicash.com/pay/v01/redirect/checkout-invoice/create
INFO 2025-11-05 03:56:55,618 ligdicash [API] Envoi...
INFO 2025-11-05 03:56:57,765 ligdicash [API] Reponse recue - Status: 200
INFO 2025-11-05 03:56:57,767 ligdicash [RESPONSE] JSON parse OK
INFO 2025-11-05 03:56:57,771 ligdicash ------------------------------------------------------------
INFO 2025-11-05 03:56:57,772 ligdicash {
  "response_code": "01",
  "token": "",
  "response_text": "Echec (Code08)",
  "description": "Empty command actions",
  "custom_data": [],
  "wiki": "https://client.ligdicash.com/wiki/createInvoice"
}
INFO 2025-11-05 03:56:57,775 ligdicash ------------------------------------------------------------
INFO 2025-11-05 03:56:57,776 ligdicash [RESPONSE] response_code: 01
INFO 2025-11-05 03:56:57,777 ligdicash [RESPONSE] response_text: Echec (Code08)
INFO 2025-11-05 03:56:57,778 ligdicash [RESPONSE] description: Empty command actions
ERROR 2025-11-05 03:56:57,790 ligdicash ============================================================
ERROR 2025-11-05 03:56:57,791 ligdicash ERROR
ERROR 2025-11-05 03:56:57,792 ligdicash ============================================================
ERROR 2025-11-05 03:56:57,793 ligdicash [ERROR] Code: 01
ERROR 2025-11-05 03:56:57,795 ligdicash [ERROR] Message: Echec (Code08)
ERROR 2025-11-05 03:56:57,797 ligdicash [ERROR] Description: Empty command actions
ERROR 2025-11-05 03:56:57,799 ligdicash [ERROR] Wiki: https://client.ligdicash.com/wiki/createInvoice
ERROR 2025-11-05 03:56:57,810 views [ERROR] Création paiement LigdiCash: Echec (Code08)
ERROR 2025-11-05 03:56:57,815 views [ERROR] Code: ligdicash_01
ERROR 2025-11-05 03:56:57,823 views [ERROR] Description: Empty command actions
INFO 2025-11-05 03:56:57,863 basehttp "GET /payments/public/c3bbf218-3c0e-4897-b7fa-4b98bede0bd2/s3N764PsUQEL8V68z6_2Ekf_zqmIY3Yqp9AgPkmB8HY/ HTTP/1.1" 302 0
WARNING 2025-11-05 03:56:58,384 views [WARN] Inscription PENDING orpheline détectée: INS2025UO00002
INFO 2025-11-05 03:56:58,395 views [CLEAN] Nettoyage inscription PENDING orpheline...
INFO 2025-11-05 03:56:58,598 views [OK] Nettoyage terminé - Nouvelle tentative possible
INFO 2025-11-05 03:56:58,746 basehttp "GET /enrollment/inscription/nouvelle/s3N764PsUQEL8V68z6_2Ekf_zqmIY3Yqp9AgPkmB8HY/ HTTP/1.1" 200 21567
INFO 2025-11-05 03:57:05,108 views [OK] Inscription créée (sans apprenant): INS2025UO00002
INFO 2025-11-05 03:57:05,117 views [OK] Paiement créé: 060b8ebd-71df-4490-8af2-84dbce92aead - Montant: 240.0000
INFO 2025-11-05 03:57:05,137 basehttp "POST /enrollment/inscription/nouvelle/s3N764PsUQEL8V68z6_2Ekf_zqmIY3Yqp9AgPkmB8HY/ HTTP/1.1" 200 181
INFO 2025-11-05 03:57:06,689 views ============================================================
INFO 2025-11-05 03:57:06,690 views [DEBUG] CONSTRUCTION DES URLs DE CALLBACK
INFO 2025-11-05 03:57:06,690 views ============================================================
INFO 2025-11-05 03:57:06,691 views [DEBUG] request.scheme: http
INFO 2025-11-05 03:57:06,693 views [DEBUG] request.get_host(): expectingly-yellowish-winter.ngrok-free.dev
INFO 2025-11-05 03:57:06,695 views [DEBUG] HTTPS forcé (ngrok ou domaine public détecté)
INFO 2025-11-05 03:57:06,696 views [DEBUG] base_url construit: https://expectingly-yellowish-winter.ngrok-free.dev
INFO 2025-11-05 03:57:06,698 views [DEBUG] url_succes: https://expectingly-yellowish-winter.ngrok-free.dev/payments/public/success/060b8ebd-71df-4490-8af2-84dbce92aead/s3N764PsUQEL8V68z6_2Ekf_zqmIY3Yqp9AgPkmB8HY/
INFO 2025-11-05 03:57:06,700 views [DEBUG] url_echec: https://expectingly-yellowish-winter.ngrok-free.dev/payments/public/error/060b8ebd-71df-4490-8af2-84dbce92aead/s3N764PsUQEL8V68z6_2Ekf_zqmIY3Yqp9AgPkmB8HY/
INFO 2025-11-05 03:57:06,701 views [DEBUG] url_callback: https://expectingly-yellowish-winter.ngrok-free.dev/payments/webhook/ligdicash/
INFO 2025-11-05 03:57:06,702 views ============================================================
INFO 2025-11-05 03:57:06,703 views [DEBUG] RÉSUMÉ DES URLs
INFO 2025-11-05 03:57:06,706 views ============================================================
INFO 2025-11-05 03:57:06,714 views URL Succès : https://expectingly-yellowish-winter.ngrok-free.dev/payments/public/success/060b8ebd-71df-4490-8af2-84dbce92aead/s3N764PsUQEL8V68z6_2Ekf_zqmIY3Yqp9AgPkmB8HY/
INFO 2025-11-05 03:57:06,718 views URL Échec  : https://expectingly-yellowish-winter.ngrok-free.dev/payments/public/error/060b8ebd-71df-4490-8af2-84dbce92aead/s3N764PsUQEL8V68z6_2Ekf_zqmIY3Yqp9AgPkmB8HY/
INFO 2025-11-05 03:57:07,001 views URL Callback: https://expectingly-yellowish-winter.ngrok-free.dev/payments/webhook/ligdicash/
INFO 2025-11-05 03:57:07,056 views ============================================================
INFO 2025-11-05 03:57:07,112 views [DEBUG] Informations client:
INFO 2025-11-05 03:57:07,134 views   - Nom: Jonathan Bassolé
INFO 2025-11-05 03:57:07,147 views   - Email: testuser.testeur@gmail.com
INFO 2025-11-05 03:57:07,164 views   - Montant: 240.00 XOF
INFO 2025-11-05 03:57:07,171 views   - Description: Paiement unique - Inscription Sciences et Technologies
INFO 2025-11-05 03:57:07,174 ligdicash ============================================================
INFO 2025-11-05 03:57:07,184 ligdicash LIGDICASH API CALL
INFO 2025-11-05 03:57:07,188 ligdicash ============================================================
INFO 2025-11-05 03:57:07,189 ligdicash [PARAMS] Parametres d'entree:
INFO 2025-11-05 03:57:07,192 ligdicash   - paiement_id: 060b8ebd-71df-4490-8af2-84dbce92aead
INFO 2025-11-05 03:57:07,197 ligdicash   - montant: 240.00
INFO 2025-11-05 03:57:07,202 ligdicash   - email_client: testuser.testeur@gmail.com
INFO 2025-11-05 03:57:07,204 ligdicash   - nom_client: Jonathan Bassolé
INFO 2025-11-05 03:57:07,205 ligdicash [URLS] URLs de callback:
INFO 2025-11-05 03:57:07,206 ligdicash   - url_retour_succes: https://expectingly-yellowish-winter.ngrok-free.dev/payments/public/success/060b8ebd-71df-4490-8af2-84dbce92aead/s3N764PsUQEL8V68z6_2Ekf_zqmIY3Yqp9AgPkmB8HY/
INFO 2025-11-05 03:57:07,207 ligdicash   - url_retour_echec: https://expectingly-yellowish-winter.ngrok-free.dev/payments/public/error/060b8ebd-71df-4490-8af2-84dbce92aead/s3N764PsUQEL8V68z6_2Ekf_zqmIY3Yqp9AgPkmB8HY/
INFO 2025-11-05 03:57:07,216 ligdicash   - url_callback: https://expectingly-yellowish-winter.ngrok-free.dev/payments/webhook/ligdicash/
INFO 2025-11-05 03:57:07,217 ligdicash [PAYLOAD] Payload construit
INFO 2025-11-05 03:57:07,217 ligdicash ------------------------------------------------------------
INFO 2025-11-05 03:57:07,218 ligdicash {
  "commande": {
    "invoice": {
      "items": [
        {
          "name": "Paiement unique - Inscription Sciences et Technologies",
          "description": "Paiement unique - Inscription Sciences et Technologies",
          "quantity": 1,
          "unit_price": "240",
          "total_price": "240"
        }
      ],
      "total_amount": "240",
      "devise": "XOF",
      "description": "Paiement unique - Inscription Sciences et Technologies",
      "customer": "Jonathan Bassolé",
      "customer_firstname": "Jonathan",
      "customer_lastname": "Bassolé",
      "customer_email": "testuser.testeur@gmail.com",
      "external_id": "060b8ebd-71df-4490-8af2-84dbce92aead"
    }
  },
  "store": {
    "name": "FORMIS",
    "website_url": "https://expectingly-yellowish-winter.ngrok-free.dev"
  },
  "actions": {
    "cancel_url": "https://expectingly-yellowish-winter.ngrok-free.dev/payments/public/error/060b8ebd-71df-4490-8af2-84dbce92aead/s3N764PsUQEL8V68z6_2Ekf_zqmIY3Yqp9AgPkmB8HY/",
    "return_url": "https://expectingly-yellowish-winter.ngrok-free.dev/payments/public/success/060b8ebd-71df-4490-8af2-84dbce92aead/s3N764PsUQEL8V68z6_2Ekf_zqmIY3Yqp9AgPkmB8HY/",
    "callback_url": "https://expectingly-yellowish-winter.ngrok-free.dev/payments/webhook/ligdicash/"
  },
  "custom_data": {
    "paiement_id": "060b8ebd-71df-4490-8af2-84dbce92aead",
    "timestamp": "2025-11-05T03:57:07.217817+00:00"
  }
}
INFO 2025-11-05 03:57:07,252 ligdicash ------------------------------------------------------------
INFO 2025-11-05 03:57:07,252 ligdicash [ACTIONS] Verification section actions:
INFO 2025-11-05 03:57:07,253 ligdicash   - cancel_url: https://expectingly-yellowish-winter.ngrok-free.dev/payments/public/error/060b8ebd-71df-4490-8af2-84dbce92aead/s3N764PsUQEL8V68z6_2Ekf_zqmIY3Yqp9AgPkmB8HY/
INFO 2025-11-05 03:57:07,253 ligdicash   - return_url: https://expectingly-yellowish-winter.ngrok-free.dev/payments/public/success/060b8ebd-71df-4490-8af2-84dbce92aead/s3N764PsUQEL8V68z6_2Ekf_zqmIY3Yqp9AgPkmB8HY/
INFO 2025-11-05 03:57:07,254 ligdicash   - callback_url: https://expectingly-yellowish-winter.ngrok-free.dev/payments/webhook/ligdicash/
INFO 2025-11-05 03:57:07,255 ligdicash [ACTIONS] OK - Toutes les URLs sont presentes
INFO 2025-11-05 03:57:07,256 ligdicash [API] POST vers: https://client.ligdicash.com/pay/v01/redirect/checkout-invoice/create
INFO 2025-11-05 03:57:07,263 ligdicash [API] Envoi...
INFO 2025-11-05 03:57:09,650 ligdicash [API] Reponse recue - Status: 200
INFO 2025-11-05 03:57:09,685 ligdicash [RESPONSE] JSON parse OK
INFO 2025-11-05 03:57:09,705 ligdicash ------------------------------------------------------------
INFO 2025-11-05 03:57:09,709 ligdicash {
  "response_code": "01",
  "token": "",
  "response_text": "Echec (Code08)",
  "description": "Empty command actions",
  "custom_data": [],
  "wiki": "https://client.ligdicash.com/wiki/createInvoice"
}
INFO 2025-11-05 03:57:09,711 ligdicash ------------------------------------------------------------
INFO 2025-11-05 03:57:09,765 ligdicash [RESPONSE] response_code: 01
INFO 2025-11-05 03:57:09,815 ligdicash [RESPONSE] response_text: Echec (Code08)
INFO 2025-11-05 03:57:09,832 ligdicash [RESPONSE] description: Empty command actions
ERROR 2025-11-05 03:57:09,843 ligdicash ============================================================
ERROR 2025-11-05 03:57:09,854 ligdicash ERROR
ERROR 2025-11-05 03:57:09,863 ligdicash ============================================================
ERROR 2025-11-05 03:57:09,877 ligdicash [ERROR] Code: 01
ERROR 2025-11-05 03:57:09,879 ligdicash [ERROR] Message: Echec (Code08)
ERROR 2025-11-05 03:57:09,880 ligdicash [ERROR] Description: Empty command actions
ERROR 2025-11-05 03:57:09,882 ligdicash [ERROR] Wiki: https://client.ligdicash.com/wiki/createInvoice
ERROR 2025-11-05 03:57:09,897 views [ERROR] Création paiement LigdiCash: Echec (Code08)
ERROR 2025-11-05 03:57:09,931 views [ERROR] Code: ligdicash_01
ERROR 2025-11-05 03:57:09,961 views [ERROR] Description: Empty command actions
INFO 2025-11-05 03:57:09,987 basehttp "GET /payments/public/060b8ebd-71df-4490-8af2-84dbce92aead/s3N764PsUQEL8V68z6_2Ekf_zqmIY3Yqp9AgPkmB8HY/ HTTP/1.1" 302 0
WARNING 2025-11-05 03:57:10,524 views [WARN] Inscription PENDING orpheline détectée: INS2025UO00002
INFO 2025-11-05 03:57:10,550 views [CLEAN] Nettoyage inscription PENDING orpheline...
INFO 2025-11-05 03:57:10,619 views [OK] Nettoyage terminé - Nouvelle tentative possible
INFO 2025-11-05 03:57:10,644 basehttp "GET /enrollment/inscription/nouvelle/s3N764PsUQEL8V68z6_2Ekf_zqmIY3Yqp9AgPkmB8HY/ HTTP/1.1" 200 21567
INFO 2025-11-06 01:11:44,434 autoreload Watching for file changes with StatReloader
INFO 2025-11-06 01:13:19,231 basehttp "GET / HTTP/1.1" 200 16444
WARNING 2025-11-06 01:13:20,095 log Not Found: /favicon.ico
WARNING 2025-11-06 01:13:20,100 basehttp "GET /favicon.ico HTTP/1.1" 404 4021
INFO 2025-11-06 01:14:47,291 basehttp "GET / HTTP/1.1" 200 16444
WARNING 2025-11-06 01:14:49,720 log Not Found: /favicon.ico
WARNING 2025-11-06 01:14:49,726 basehttp "GET /favicon.ico HTTP/1.1" 404 4021
INFO 2025-11-06 01:14:56,741 basehttp "POST /accounts/login/ HTTP/1.1" 302 0
INFO 2025-11-06 01:14:58,002 basehttp "GET /dashboard/department_head/ HTTP/1.1" 200 51837
INFO 2025-11-06 01:14:59,296 basehttp "GET /static/css/dashboard/dashboard.css HTTP/1.1" 200 19647
INFO 2025-11-06 01:14:59,496 basehttp "GET /static/js/dashboard/components.js HTTP/1.1" 200 28077
INFO 2025-11-06 01:14:59,563 basehttp "GET /media/profils/IMG_20211223_151546_741.jpg HTTP/1.1" 200 2749121
INFO 2025-11-06 01:14:59,660 basehttp "GET /static/js/dashboard/dashboard.js HTTP/1.1" 200 22935
INFO 2025-11-06 01:15:03,975 basehttp "GET / HTTP/1.1" 302 0
INFO 2025-11-06 01:15:06,243 basehttp "GET /dashboard/admin/ HTTP/1.1" 200 63951
WARNING 2025-11-06 01:15:06,445 basehttp "GET /static/css/dashboard/admin.css HTTP/1.1" 404 1996
WARNING 2025-11-06 01:15:11,574 log Not Found: /favicon.ico
WARNING 2025-11-06 01:15:11,577 basehttp "GET /favicon.ico HTTP/1.1" 404 4021
INFO 2025-11-06 22:31:02,915 basehttp "GET /dashboard/admin/users/ HTTP/1.1" 200 93598
INFO 2025-11-06 22:31:04,744 basehttp "GET /media/profils/IMG-20220507-WA0015.jpg HTTP/1.1" 200 25481
INFO 2025-11-06 22:31:04,903 basehttp "GET /media/profils/IMG_20211223_151546_741.jpg HTTP/1.1" 200 2749121
INFO 2025-11-06 22:31:37,545 basehttp "GET /dashboard/admin/department_heads/ HTTP/1.1" 200 57902
INFO 2025-11-06 22:31:43,973 basehttp "GET /dashboard/admin/ HTTP/1.1" 200 63943
WARNING 2025-11-06 22:31:44,269 basehttp "GET /static/css/dashboard/admin.css HTTP/1.1" 404 1996
INFO 2025-11-06 22:31:48,513 basehttp "GET /dashboard/admin/users/ HTTP/1.1" 200 93598
INFO 2025-11-06 22:32:02,897 basehttp "GET /dashboard/admin/filieres/ HTTP/1.1" 200 93423
INFO 2025-11-06 22:32:14,434 basehttp "GET /dashboard/admin/salles/ HTTP/1.1" 200 64653
INFO 2025-11-06 22:32:21,496 basehttp "GET /dashboard/admin/ressources/ HTTP/1.1" 200 64442
INFO 2025-11-06 22:32:28,846 basehttp "GET /dashboard/admin/emplois_du_temps/ HTTP/1.1" 200 76857
INFO 2025-11-06 22:32:33,758 basehttp "GET /dashboard/admin/evaluations/ HTTP/1.1" 200 82273
INFO 2025-11-06 22:32:40,135 basehttp "GET /dashboard/admin/cahiers_texte/ HTTP/1.1" 200 58231
INFO 2025-11-06 22:32:42,627 basehttp "GET /dashboard/admin/courses/ HTTP/1.1" 200 56409
INFO 2025-11-06 22:32:47,054 basehttp "GET /dashboard/admin/matieres/ HTTP/1.1" 200 72413
INFO 2025-11-06 22:34:08,536 basehttp "GET /dashboard/admin/inscriptions/ HTTP/1.1" 200 69115
INFO 2025-11-06 22:34:14,772 basehttp "GET /dashboard/admin/paiements/ HTTP/1.1" 200 70588
INFO 2025-11-06 22:34:24,518 basehttp "GET /dashboard/admin/inscriptions/ HTTP/1.1" 200 69115
INFO 2025-11-06 22:34:28,862 basehttp "GET /dashboard/admin/candidatures/ HTTP/1.1" 200 75300
INFO 2025-11-06 22:42:45,375 basehttp "GET /dashboard/admin/teachers/ HTTP/1.1" 200 75096
INFO 2025-11-06 22:42:57,612 basehttp "GET /dashboard/admin/students/ HTTP/1.1" 200 86402
INFO 2025-11-06 22:43:05,602 basehttp "GET /dashboard/admin/filieres/ HTTP/1.1" 200 93423
INFO 2025-11-06 22:43:13,636 basehttp "GET /dashboard/admin/niveaux/ HTTP/1.1" 200 136458
INFO 2025-11-06 22:43:23,489 basehttp "GET /dashboard/admin/classes/ HTTP/1.1" 200 85499
INFO 2025-11-06 22:43:41,442 basehttp "GET /dashboard/admin/modules/ HTTP/1.1" 200 68630
INFO 2025-11-06 22:43:48,867 basehttp "GET /dashboard/admin/matieres/ HTTP/1.1" 200 72413
INFO 2025-11-06 22:49:28,258 basehttp "GET /dashboard/admin/users/ HTTP/1.1" 200 93598
INFO 2025-11-06 23:05:58,140 basehttp "GET /dashboard/admin/matieres/ HTTP/1.1" 200 72413
INFO 2025-11-06 23:06:15,515 basehttp "GET /dashboard/admin/users/ HTTP/1.1" 200 93598
INFO 2025-11-07 01:49:09,973 basehttp "GET /dashboard/admin/users/ HTTP/1.1" 200 93564
INFO 2025-11-07 01:50:12,373 basehttp "GET /dashboard/admin/users/ HTTP/1.1" 200 93550
INFO 2025-11-07 01:51:31,684 basehttp "GET /dashboard/admin/users/ HTTP/1.1" 200 93534
INFO 2025-11-07 01:52:18,191 basehttp "GET /dashboard/admin/users/ HTTP/1.1" 200 93651
INFO 2025-11-07 01:52:53,120 basehttp "GET /dashboard/admin/matieres/ HTTP/1.1" 200 72413
INFO 2025-11-07 01:54:14,627 basehttp "GET /dashboard/admin/users/ HTTP/1.1" 200 93831
INFO 2025-11-07 01:55:31,651 basehttp "GET /dashboard/admin/users/ HTTP/1.1" 200 93601
INFO 2025-11-07 01:55:59,874 basehttp "GET /dashboard/admin/users/ HTTP/1.1" 200 93628
INFO 2025-11-07 01:56:40,981 basehttp "GET /dashboard/admin/users/ HTTP/1.1" 200 93626
INFO 2025-11-07 01:58:05,547 basehttp "GET /dashboard/admin/users/ HTTP/1.1" 200 93660
INFO 2025-11-07 01:59:21,673 basehttp "GET /dashboard/admin/users/ HTTP/1.1" 200 93626
INFO 2025-11-07 01:59:41,085 basehttp "GET /dashboard/admin/users/ HTTP/1.1" 200 93628
INFO 2025-11-07 02:00:18,821 basehttp "GET /dashboard/admin/users/ HTTP/1.1" 200 93636
INFO 2025-11-07 02:00:49,321 basehttp "GET /dashboard/admin/users/ HTTP/1.1" 200 93637
INFO 2025-11-07 02:01:32,593 basehttp "GET /dashboard/admin/users/ HTTP/1.1" 200 93637
INFO 2025-11-07 02:02:15,481 basehttp "GET /dashboard/admin/users/ HTTP/1.1" 200 93636
INFO 2025-11-07 02:02:54,385 basehttp "GET /dashboard/admin/users/ HTTP/1.1" 200 93658
INFO 2025-11-07 02:03:17,357 basehttp "GET /dashboard/admin/users/ HTTP/1.1" 200 93613
INFO 2025-11-07 02:03:42,103 basehttp "GET /dashboard/admin/users/ HTTP/1.1" 200 93627
INFO 2025-11-07 02:04:06,877 basehttp "GET /dashboard/admin/users/ HTTP/1.1" 200 93605
INFO 2025-11-07 02:04:20,031 basehttp "GET /dashboard/admin/users/ HTTP/1.1" 200 93605
INFO 2025-11-07 02:05:04,824 basehttp "GET /dashboard/admin/department_heads/ HTTP/1.1" 200 57902
INFO 2025-11-07 02:05:08,083 basehttp "GET /dashboard/admin/teachers/ HTTP/1.1" 200 75096
INFO 2025-11-07 02:05:41,022 basehttp "GET /dashboard/admin/teachers/ HTTP/1.1" 200 75086
INFO 2025-11-07 02:05:53,062 basehttp "GET /dashboard/admin/students/ HTTP/1.1" 200 86402
INFO 2025-11-07 02:06:41,894 basehttp "GET /dashboard/admin/students/ HTTP/1.1" 200 86392
WARNING 2025-11-07 02:07:02,657 log Not Found: /dashboard/admin/students/bef338e5-bc07-4ad4-8c7f-27baec3096fb/payments/
WARNING 2025-11-07 02:07:02,659 basehttp "GET /dashboard/admin/students/bef338e5-bc07-4ad4-8c7f-27baec3096fb/payments/ HTTP/1.1" 404 13843
INFO 2025-11-07 02:07:10,422 basehttp "GET /dashboard/admin/students/ HTTP/1.1" 200 86392
INFO 2025-11-07 02:08:01,985 basehttp "GET /dashboard/admin/students/ HTTP/1.1" 200 86407
INFO 2025-11-07 02:08:21,014 basehttp "GET /dashboard/admin/students/ HTTP/1.1" 200 86392
INFO 2025-11-07 02:08:29,324 basehttp "GET /dashboard/admin/users/ HTTP/1.1" 200 93605
INFO 2025-11-07 02:08:49,482 basehttp "GET /dashboard/admin/department_heads/ HTTP/1.1" 200 57902
INFO 2025-11-07 02:11:38,066 basehttp "GET /dashboard/admin/department_heads/ HTTP/1.1" 200 77803
ERROR 2025-11-07 02:16:04,391 log Internal Server Error: /dashboard/admin/department_heads/
Traceback (most recent call last):
  File "E:\formis_app\.env\Lib\site-packages\django\urls\base.py", line 81, in reverse
    extra, resolver = resolver.namespace_dict[ns]
                      ~~~~~~~~~~~~~~~~~~~~~~~^^^^
KeyError: 'structure'

During handling of the above exception, another exception occurred:

Traceback (most recent call last):
  File "E:\formis_app\.env\Lib\site-packages\django\core\handlers\exception.py", line 55, in inner
    response = get_response(request)
               ^^^^^^^^^^^^^^^^^^^^^
  File "E:\formis_app\.env\Lib\site-packages\django\core\handlers\base.py", line 220, in _get_response
    response = response.render()
               ^^^^^^^^^^^^^^^^^
  File "E:\formis_app\.env\Lib\site-packages\django\template\response.py", line 114, in render
    self.content = self.rendered_content
                   ^^^^^^^^^^^^^^^^^^^^^
  File "E:\formis_app\.env\Lib\site-packages\django\template\response.py", line 92, in rendered_content
    return template.render(context, self._request)
           ^^^^^^^^^^^^^^^^^^^^^^^^^^^^^^^^^^^^^^^
  File "E:\formis_app\.env\Lib\site-packages\django\template\backends\django.py", line 107, in render
    return self.template.render(context)
           ^^^^^^^^^^^^^^^^^^^^^^^^^^^^^
  File "E:\formis_app\.env\Lib\site-packages\django\template\base.py", line 171, in render
    return self._render(context)
           ^^^^^^^^^^^^^^^^^^^^^
  File "E:\formis_app\.env\Lib\site-packages\django\template\base.py", line 163, in _render
    return self.nodelist.render(context)
           ^^^^^^^^^^^^^^^^^^^^^^^^^^^^^
  File "E:\formis_app\.env\Lib\site-packages\django\template\base.py", line 1016, in render
    return SafeString("".join([node.render_annotated(context) for node in self]))
                               ^^^^^^^^^^^^^^^^^^^^^^^^^^^^^^
  File "E:\formis_app\.env\Lib\site-packages\django\template\base.py", line 977, in render_annotated
    return self.render(context)
           ^^^^^^^^^^^^^^^^^^^^
  File "E:\formis_app\.env\Lib\site-packages\django\template\loader_tags.py", line 159, in render
    return compiled_parent._render(context)
           ^^^^^^^^^^^^^^^^^^^^^^^^^^^^^^^^
  File "E:\formis_app\.env\Lib\site-packages\django\template\base.py", line 163, in _render
    return self.nodelist.render(context)
           ^^^^^^^^^^^^^^^^^^^^^^^^^^^^^
  File "E:\formis_app\.env\Lib\site-packages\django\template\base.py", line 1016, in render
    return SafeString("".join([node.render_annotated(context) for node in self]))
                               ^^^^^^^^^^^^^^^^^^^^^^^^^^^^^^
  File "E:\formis_app\.env\Lib\site-packages\django\template\base.py", line 977, in render_annotated
    return self.render(context)
           ^^^^^^^^^^^^^^^^^^^^
  File "E:\formis_app\.env\Lib\site-packages\django\template\loader_tags.py", line 65, in render
    result = block.nodelist.render(context)
             ^^^^^^^^^^^^^^^^^^^^^^^^^^^^^^
  File "E:\formis_app\.env\Lib\site-packages\django\template\base.py", line 1016, in render
    return SafeString("".join([node.render_annotated(context) for node in self]))
                               ^^^^^^^^^^^^^^^^^^^^^^^^^^^^^^
  File "E:\formis_app\.env\Lib\site-packages\django\template\base.py", line 977, in render_annotated
    return self.render(context)
           ^^^^^^^^^^^^^^^^^^^^
  File "E:\formis_app\.env\Lib\site-packages\django\template\defaulttags.py", line 243, in render
    nodelist.append(node.render_annotated(context))
                    ^^^^^^^^^^^^^^^^^^^^^^^^^^^^^^
  File "E:\formis_app\.env\Lib\site-packages\django\template\base.py", line 977, in render_annotated
    return self.render(context)
           ^^^^^^^^^^^^^^^^^^^^
  File "E:\formis_app\.env\Lib\site-packages\django\template\defaulttags.py", line 480, in render
    url = reverse(view_name, args=args, kwargs=kwargs, current_app=current_app)
          ^^^^^^^^^^^^^^^^^^^^^^^^^^^^^^^^^^^^^^^^^^^^^^^^^^^^^^^^^^^^^^^^^^^^^
  File "E:\formis_app\.env\Lib\site-packages\django\urls\base.py", line 92, in reverse
    raise NoReverseMatch("%s is not a registered namespace" % key)
django.urls.exceptions.NoReverseMatch: 'structure' is not a registered namespace
ERROR 2025-11-07 02:16:04,450 basehttp "GET /dashboard/admin/department_heads/ HTTP/1.1" 500 191421
ERROR 2025-11-07 02:16:56,995 log Internal Server Error: /dashboard/admin/department_heads/
Traceback (most recent call last):
  File "E:\formis_app\.env\Lib\site-packages\django\urls\base.py", line 81, in reverse
    extra, resolver = resolver.namespace_dict[ns]
                      ~~~~~~~~~~~~~~~~~~~~~~~^^^^
KeyError: 'acdemic'

During handling of the above exception, another exception occurred:

Traceback (most recent call last):
  File "E:\formis_app\.env\Lib\site-packages\django\core\handlers\exception.py", line 55, in inner
    response = get_response(request)
               ^^^^^^^^^^^^^^^^^^^^^
  File "E:\formis_app\.env\Lib\site-packages\django\core\handlers\base.py", line 220, in _get_response
    response = response.render()
               ^^^^^^^^^^^^^^^^^
  File "E:\formis_app\.env\Lib\site-packages\django\template\response.py", line 114, in render
    self.content = self.rendered_content
                   ^^^^^^^^^^^^^^^^^^^^^
  File "E:\formis_app\.env\Lib\site-packages\django\template\response.py", line 92, in rendered_content
    return template.render(context, self._request)
           ^^^^^^^^^^^^^^^^^^^^^^^^^^^^^^^^^^^^^^^
  File "E:\formis_app\.env\Lib\site-packages\django\template\backends\django.py", line 107, in render
    return self.template.render(context)
           ^^^^^^^^^^^^^^^^^^^^^^^^^^^^^
  File "E:\formis_app\.env\Lib\site-packages\django\template\base.py", line 171, in render
    return self._render(context)
           ^^^^^^^^^^^^^^^^^^^^^
  File "E:\formis_app\.env\Lib\site-packages\django\template\base.py", line 163, in _render
    return self.nodelist.render(context)
           ^^^^^^^^^^^^^^^^^^^^^^^^^^^^^
  File "E:\formis_app\.env\Lib\site-packages\django\template\base.py", line 1016, in render
    return SafeString("".join([node.render_annotated(context) for node in self]))
                               ^^^^^^^^^^^^^^^^^^^^^^^^^^^^^^
  File "E:\formis_app\.env\Lib\site-packages\django\template\base.py", line 977, in render_annotated
    return self.render(context)
           ^^^^^^^^^^^^^^^^^^^^
  File "E:\formis_app\.env\Lib\site-packages\django\template\loader_tags.py", line 159, in render
    return compiled_parent._render(context)
           ^^^^^^^^^^^^^^^^^^^^^^^^^^^^^^^^
  File "E:\formis_app\.env\Lib\site-packages\django\template\base.py", line 163, in _render
    return self.nodelist.render(context)
           ^^^^^^^^^^^^^^^^^^^^^^^^^^^^^
  File "E:\formis_app\.env\Lib\site-packages\django\template\base.py", line 1016, in render
    return SafeString("".join([node.render_annotated(context) for node in self]))
                               ^^^^^^^^^^^^^^^^^^^^^^^^^^^^^^
  File "E:\formis_app\.env\Lib\site-packages\django\template\base.py", line 977, in render_annotated
    return self.render(context)
           ^^^^^^^^^^^^^^^^^^^^
  File "E:\formis_app\.env\Lib\site-packages\django\template\loader_tags.py", line 65, in render
    result = block.nodelist.render(context)
             ^^^^^^^^^^^^^^^^^^^^^^^^^^^^^^
  File "E:\formis_app\.env\Lib\site-packages\django\template\base.py", line 1016, in render
    return SafeString("".join([node.render_annotated(context) for node in self]))
                               ^^^^^^^^^^^^^^^^^^^^^^^^^^^^^^
  File "E:\formis_app\.env\Lib\site-packages\django\template\base.py", line 977, in render_annotated
    return self.render(context)
           ^^^^^^^^^^^^^^^^^^^^
  File "E:\formis_app\.env\Lib\site-packages\django\template\defaulttags.py", line 243, in render
    nodelist.append(node.render_annotated(context))
                    ^^^^^^^^^^^^^^^^^^^^^^^^^^^^^^
  File "E:\formis_app\.env\Lib\site-packages\django\template\base.py", line 977, in render_annotated
    return self.render(context)
           ^^^^^^^^^^^^^^^^^^^^
  File "E:\formis_app\.env\Lib\site-packages\django\template\defaulttags.py", line 480, in render
    url = reverse(view_name, args=args, kwargs=kwargs, current_app=current_app)
          ^^^^^^^^^^^^^^^^^^^^^^^^^^^^^^^^^^^^^^^^^^^^^^^^^^^^^^^^^^^^^^^^^^^^^
  File "E:\formis_app\.env\Lib\site-packages\django\urls\base.py", line 92, in reverse
    raise NoReverseMatch("%s is not a registered namespace" % key)
django.urls.exceptions.NoReverseMatch: 'acdemic' is not a registered namespace
ERROR 2025-11-07 02:16:57,121 basehttp "GET /dashboard/admin/department_heads/ HTTP/1.1" 500 191381
INFO 2025-11-07 02:17:12,872 basehttp "GET /dashboard/admin/department_heads/ HTTP/1.1" 200 65397
INFO 2025-11-07 02:17:43,727 basehttp "GET /dashboard/admin/department_heads/ HTTP/1.1" 200 57902
INFO 2025-11-07 02:17:56,104 basehttp "GET /dashboard/admin/teachers/ HTTP/1.1" 200 75086
INFO 2025-11-07 13:05:26,209 basehttp "GET /dashboard/department_head/ HTTP/1.1" 200 51837
INFO 2025-11-07 13:05:31,534 basehttp "GET /static/css/dashboard/dashboard.css HTTP/1.1" 200 19647
INFO 2025-11-07 13:05:31,673 basehttp "GET /static/js/dashboard/dashboard.js HTTP/1.1" 200 22935
INFO 2025-11-07 13:05:32,059 basehttp "GET /static/js/dashboard/components.js HTTP/1.1" 200 28077
INFO 2025-11-07 13:05:32,089 basehttp "GET /media/profils/IMG_20211223_151546_741.jpg HTTP/1.1" 200 2749121
INFO 2025-11-07 13:06:02,285 basehttp "GET /static/js/dashboard/dashboard.js HTTP/1.1" 200 22935
INFO 2025-11-07 13:06:02,286 basehttp "GET /static/js/dashboard/components.js HTTP/1.1" 200 28077
INFO 2025-11-07 13:09:48,440 basehttp "GET /dashboard/admin/department_heads/ HTTP/1.1" 200 70741
INFO 2025-11-07 13:10:06,888 basehttp "GET /accounts/department-heads/nominate/ HTTP/1.1" 200 53607
INFO 2025-11-07 13:10:24,152 basehttp "GET /dashboard/admin/teachers/ HTTP/1.1" 200 75086
INFO 2025-11-07 13:10:34,320 basehttp "GET /dashboard/admin/department_heads/ HTTP/1.1" 200 57902
INFO 2025-11-07 15:02:16,917 basehttp "GET /dashboard/admin/users/ HTTP/1.1" 200 93605
INFO 2025-11-07 15:11:17,340 basehttp "GET /dashboard/admin/department_heads/ HTTP/1.1" 200 57902
INFO 2025-11-07 15:18:45,757 basehttp "GET /dashboard/admin/department_heads/ HTTP/1.1" 200 74175
INFO 2025-11-07 15:19:24,750 basehttp "GET /accounts/department-heads/nominate/?dept=4409c3b1-24d4-40f0-967a-56ab9b4f1a11 HTTP/1.1" 200 53607
INFO 2025-11-07 15:19:31,362 basehttp "GET /dashboard/admin/department_heads/ HTTP/1.1" 200 74175
INFO 2025-11-07 15:20:35,701 basehttp "GET /dashboard/admin/department_heads/ HTTP/1.1" 200 73306
INFO 2025-11-07 15:20:53,651 basehttp "GET /dashboard/admin/teachers/ HTTP/1.1" 200 75086
INFO 2025-11-07 15:21:01,754 basehttp "GET /dashboard/admin/users/ HTTP/1.1" 200 93605
INFO 2025-11-07 15:21:09,116 basehttp "GET /dashboard/admin/department_heads/ HTTP/1.1" 200 73306
INFO 2025-11-07 15:22:21,678 autoreload E:\formis_app\_formis\apps\accounts\models.py changed, reloading.
INFO 2025-11-07 15:22:38,124 autoreload Watching for file changes with StatReloader
INFO 2025-11-07 15:23:36,707 autoreload E:\formis_app\_formis\apps\accounts\models.py changed, reloading.
INFO 2025-11-07 15:23:39,101 autoreload Watching for file changes with StatReloader
INFO 2025-11-07 15:23:55,186 autoreload E:\formis_app\_formis\apps\accounts\models.py changed, reloading.
INFO 2025-11-07 15:24:01,627 autoreload Watching for file changes with StatReloader
INFO 2025-11-07 15:25:04,980 autoreload E:\formis_app\_formis\apps\accounts\models.py changed, reloading.
INFO 2025-11-07 15:25:09,857 autoreload Watching for file changes with StatReloader
INFO 2025-11-07 15:27:20,462 autoreload E:\formis_app\_formis\apps\accounts\views.py changed, reloading.
INFO 2025-11-07 15:27:28,278 autoreload Watching for file changes with StatReloader
INFO 2025-11-07 15:28:53,153 autoreload E:\formis_app\_formis\apps\accounts\views.py changed, reloading.
INFO 2025-11-07 15:29:01,730 autoreload Watching for file changes with StatReloader
INFO 2025-11-07 15:29:30,188 autoreload E:\formis_app\_formis\apps\accounts\views.py changed, reloading.
INFO 2025-11-07 15:29:40,207 autoreload Watching for file changes with StatReloader
INFO 2025-11-07 15:29:56,348 autoreload E:\formis_app\_formis\apps\accounts\views.py changed, reloading.
INFO 2025-11-07 15:29:59,504 autoreload Watching for file changes with StatReloader
INFO 2025-11-07 15:32:27,339 autoreload E:\formis_app\_formis\apps\accounts\forms.py changed, reloading.
INFO 2025-11-07 15:32:34,430 autoreload Watching for file changes with StatReloader
INFO 2025-11-07 15:32:44,416 autoreload E:\formis_app\_formis\apps\accounts\forms.py changed, reloading.
INFO 2025-11-07 15:32:50,820 autoreload Watching for file changes with StatReloader
INFO 2025-11-07 15:32:59,621 autoreload E:\formis_app\_formis\apps\accounts\forms.py changed, reloading.
INFO 2025-11-07 15:33:04,219 autoreload Watching for file changes with StatReloader
INFO 2025-11-07 15:34:05,339 basehttp "GET /dashboard/admin/department_heads/ HTTP/1.1" 200 73070
INFO 2025-11-07 15:34:35,466 basehttp "GET /accounts/teachers/4d7c3e36-c754-45f0-ba8c-1ed7430939d8/ HTTP/1.1" 200 60114
INFO 2025-11-07 15:34:48,873 basehttp "GET /dashboard/admin/department_heads/ HTTP/1.1" 200 73070
INFO 2025-11-07 15:35:01,020 basehttp "GET /accounts/department-heads/nominate/?dept=9d6519d1-8e06-430d-b442-81c48fa0da5b HTTP/1.1" 200 53607
INFO 2025-11-07 15:35:11,742 basehttp "GET /dashboard/admin/department_heads/ HTTP/1.1" 200 73070
WARNING 2025-11-07 15:35:31,695 log Not Found: /accounts/department-heads/export/
WARNING 2025-11-07 15:35:31,703 basehttp "GET /accounts/department-heads/export/ HTTP/1.1" 404 14217
INFO 2025-11-07 15:35:37,098 basehttp "GET /dashboard/admin/department_heads/ HTTP/1.1" 200 73070
INFO 2025-11-07 15:36:58,365 basehttp "GET /dashboard/admin/department_heads/ HTTP/1.1" 200 72888
INFO 2025-11-07 15:39:34,030 basehttp "GET /dashboard/admin/department_heads/ HTTP/1.1" 200 73368
INFO 2025-11-07 15:41:30,863 basehttp "GET /dashboard/admin/department_heads/ HTTP/1.1" 200 74255
INFO 2025-11-07 15:43:30,405 basehttp "GET /dashboard/admin/users/ HTTP/1.1" 200 93750
INFO 2025-11-07 15:43:40,452 basehttp "GET /dashboard/admin/users/?search=&role=ADMIN&departement=4409c3b1-24d4-40f0-967a-56ab9b4f1a11 HTTP/1.1" 200 66496
INFO 2025-11-07 15:43:46,789 basehttp "GET /dashboard/admin/users/?search=&role=ADMIN&departement=075af644-72bd-4d54-b30f-e96a3b5defbe HTTP/1.1" 200 66496
INFO 2025-11-07 15:43:59,739 basehttp "GET /dashboard/admin/users/?search=&role=CHEF_DEPARTEMENT&departement=075af644-72bd-4d54-b30f-e96a3b5defbe HTTP/1.1" 200 76520
INFO 2025-11-07 15:44:02,932 basehttp "GET /dashboard/admin/ HTTP/1.1" 200 63953
WARNING 2025-11-07 15:44:03,096 basehttp "GET /static/css/dashboard/admin.css HTTP/1.1" 404 1996
INFO 2025-11-07 15:44:06,468 basehttp "GET /dashboard/admin/users/ HTTP/1.1" 200 93750
INFO 2025-11-07 15:44:13,824 basehttp "GET /dashboard/admin/users/ HTTP/1.1" 200 93750
INFO 2025-11-07 15:44:16,188 basehttp "GET /accounts/users/export/? HTTP/1.1" 200 648
INFO 2025-11-07 15:44:21,913 basehttp "GET /accounts/users/export/? HTTP/1.1" 200 648
INFO 2025-11-07 15:44:40,170 basehttp "GET /dashboard/admin/ HTTP/1.1" 200 63953
WARNING 2025-11-07 15:44:40,301 basehttp "GET /static/css/dashboard/admin.css HTTP/1.1" 404 1996
INFO 2025-11-07 15:44:42,661 basehttp "GET /dashboard/admin/users/ HTTP/1.1" 200 93750
INFO 2025-11-07 15:44:51,040 basehttp "GET /dashboard/admin/department_heads/ HTTP/1.1" 200 74255
INFO 2025-11-07 15:47:10,550 autoreload E:\formis_app\_formis\apps\accounts\views.py changed, reloading.
INFO 2025-11-07 15:47:14,000 autoreload Watching for file changes with StatReloader
INFO 2025-11-07 15:47:47,185 autoreload E:\formis_app\_formis\apps\accounts\urls.py changed, reloading.
INFO 2025-11-07 15:47:48,918 autoreload Watching for file changes with StatReloader
INFO 2025-11-07 15:48:11,529 autoreload E:\formis_app\_formis\apps\accounts\urls.py changed, reloading.
INFO 2025-11-07 15:48:13,409 autoreload Watching for file changes with StatReloader
INFO 2025-11-07 15:48:26,215 autoreload E:\formis_app\_formis\apps\accounts\urls.py changed, reloading.
INFO 2025-11-07 15:48:28,189 autoreload Watching for file changes with StatReloader
INFO 2025-11-07 15:48:33,404 basehttp "GET /dashboard/admin/department_heads/ HTTP/1.1" 200 74255
INFO 2025-11-07 15:48:35,907 basehttp "GET /accounts/department-heads/export/ HTTP/1.1" 200 411
INFO 2025-11-07 15:50:23,367 autoreload E:\formis_app\_formis\apps\accounts\views.py changed, reloading.
INFO 2025-11-07 15:50:36,173 autoreload Watching for file changes with StatReloader
INFO 2025-11-07 15:51:00,692 autoreload E:\formis_app\_formis\apps\accounts\views.py changed, reloading.
INFO 2025-11-07 15:51:10,199 autoreload Watching for file changes with StatReloader
INFO 2025-11-07 15:51:48,164 autoreload E:\formis_app\_formis\apps\accounts\views.py changed, reloading.
INFO 2025-11-07 15:51:51,092 autoreload Watching for file changes with StatReloader
INFO 2025-11-07 16:18:57,109 autoreload E:\formis_app\_formis\apps\accounts\urls.py changed, reloading.
INFO 2025-11-07 16:19:01,105 autoreload Watching for file changes with StatReloader
INFO 2025-11-07 16:20:40,890 autoreload E:\formis_app\_formis\apps\accounts\urls.py changed, reloading.
INFO 2025-11-07 16:20:43,626 autoreload Watching for file changes with StatReloader
INFO 2025-11-07 16:26:15,722 autoreload E:\formis_app\_formis\apps\accounts\exports.py changed, reloading.
INFO 2025-11-07 16:26:17,572 autoreload Watching for file changes with StatReloader
INFO 2025-11-07 16:26:26,797 basehttp "GET /dashboard/admin/users/ HTTP/1.1" 200 104784
INFO 2025-11-07 16:26:45,918 basehttp "GET /accounts/users/export/pdf/? HTTP/1.1" 200 2744
INFO 2025-11-07 16:27:03,961 basehttp "GET /dashboard/admin/users/ HTTP/1.1" 200 105231
INFO 2025-11-07 16:27:29,595 basehttp "GET /accounts/users/export/csv/? HTTP/1.1" 200 648
INFO 2025-11-07 16:27:36,061 basehttp "GET /accounts/users/export/csv/? HTTP/1.1" 200 648
INFO 2025-11-07 16:27:39,796 basehttp "GET /dashboard/admin/users/ HTTP/1.1" 200 105586
INFO 2025-11-07 16:31:01,295 basehttp "GET /dashboard/admin/department_heads/ HTTP/1.1" 200 85779
INFO 2025-11-07 16:31:41,592 basehttp "GET /accounts/department-heads/export/pdf/ HTTP/1.1" 200 2611
INFO 2025-11-07 16:31:47,841 basehttp "GET /accounts/department-heads/export/pdf/ HTTP/1.1" 200 2611
INFO 2025-11-07 16:32:06,800 basehttp "GET /dashboard/admin/department_heads/ HTTP/1.1" 200 86571
INFO 2025-11-08 01:19:59,297 autoreload Watching for file changes with StatReloader
ERROR 2025-11-08 01:20:06,374 log Internal Server Error: /dashboard/admin/department_heads/
Traceback (most recent call last):
  File "E:\formis_app\.env\Lib\site-packages\django\core\handlers\exception.py", line 55, in inner
    response = get_response(request)
               ^^^^^^^^^^^^^^^^^^^^^
  File "E:\formis_app\.env\Lib\site-packages\django\core\handlers\base.py", line 197, in _get_response
    response = wrapped_callback(request, *callback_args, **callback_kwargs)
               ^^^^^^^^^^^^^^^^^^^^^^^^^^^^^^^^^^^^^^^^^^^^^^^^^^^^^^^^^^^^
  File "E:\formis_app\.env\Lib\site-packages\django\views\generic\base.py", line 105, in view
    return self.dispatch(request, *args, **kwargs)
           ^^^^^^^^^^^^^^^^^^^^^^^^^^^^^^^^^^^^^^^
  File "E:\formis_app\_formis\apps\core\dashboard_views.py", line 265, in dispatch
    if request.user.role != 'ADMIN':
       ^^^^^^^^^^^^^^^^^
  File "E:\formis_app\.env\Lib\site-packages\django\utils\functional.py", line 253, in inner
    return func(_wrapped, *args)
           ^^^^^^^^^^^^^^^^^^^^^
AttributeError: 'AnonymousUser' object has no attribute 'role'
ERROR 2025-11-08 01:20:06,393 basehttp "GET /dashboard/admin/department_heads/ HTTP/1.1" 500 87205
ERROR 2025-11-08 01:20:12,437 log Internal Server Error: /dashboard/admin/users/
Traceback (most recent call last):
  File "E:\formis_app\.env\Lib\site-packages\django\core\handlers\exception.py", line 55, in inner
    response = get_response(request)
               ^^^^^^^^^^^^^^^^^^^^^
  File "E:\formis_app\.env\Lib\site-packages\django\core\handlers\base.py", line 197, in _get_response
    response = wrapped_callback(request, *callback_args, **callback_kwargs)
               ^^^^^^^^^^^^^^^^^^^^^^^^^^^^^^^^^^^^^^^^^^^^^^^^^^^^^^^^^^^^
  File "E:\formis_app\.env\Lib\site-packages\django\views\generic\base.py", line 105, in view
    return self.dispatch(request, *args, **kwargs)
           ^^^^^^^^^^^^^^^^^^^^^^^^^^^^^^^^^^^^^^^
  File "E:\formis_app\_formis\apps\core\dashboard_views.py", line 199, in dispatch
    if request.user.role != 'ADMIN':
       ^^^^^^^^^^^^^^^^^
  File "E:\formis_app\.env\Lib\site-packages\django\utils\functional.py", line 253, in inner
    return func(_wrapped, *args)
           ^^^^^^^^^^^^^^^^^^^^^
AttributeError: 'AnonymousUser' object has no attribute 'role'
ERROR 2025-11-08 01:20:12,589 basehttp "GET /dashboard/admin/users/ HTTP/1.1" 500 86848
WARNING 2025-11-08 01:20:13,849 log Not Found: /favicon.ico
WARNING 2025-11-08 01:20:13,851 basehttp "GET /favicon.ico HTTP/1.1" 404 4021
ERROR 2025-11-08 01:20:14,646 log Internal Server Error: /dashboard/admin/
Traceback (most recent call last):
  File "E:\formis_app\.env\Lib\site-packages\django\core\handlers\exception.py", line 55, in inner
    response = get_response(request)
               ^^^^^^^^^^^^^^^^^^^^^
  File "E:\formis_app\.env\Lib\site-packages\django\core\handlers\base.py", line 197, in _get_response
    response = wrapped_callback(request, *callback_args, **callback_kwargs)
               ^^^^^^^^^^^^^^^^^^^^^^^^^^^^^^^^^^^^^^^^^^^^^^^^^^^^^^^^^^^^
  File "E:\formis_app\.env\Lib\site-packages\django\views\generic\base.py", line 105, in view
    return self.dispatch(request, *args, **kwargs)
           ^^^^^^^^^^^^^^^^^^^^^^^^^^^^^^^^^^^^^^^
  File "E:\formis_app\_formis\apps\core\dashboard_views.py", line 70, in dispatch
    if request.user.role != 'ADMIN':
       ^^^^^^^^^^^^^^^^^
  File "E:\formis_app\.env\Lib\site-packages\django\utils\functional.py", line 253, in inner
    return func(_wrapped, *args)
           ^^^^^^^^^^^^^^^^^^^^^
AttributeError: 'AnonymousUser' object has no attribute 'role'
ERROR 2025-11-08 01:20:14,655 basehttp "GET /dashboard/admin/ HTTP/1.1" 500 86877
ERROR 2025-11-08 01:20:16,017 log Internal Server Error: /dashboard/admin/users/
Traceback (most recent call last):
  File "E:\formis_app\.env\Lib\site-packages\django\core\handlers\exception.py", line 55, in inner
    response = get_response(request)
               ^^^^^^^^^^^^^^^^^^^^^
  File "E:\formis_app\.env\Lib\site-packages\django\core\handlers\base.py", line 197, in _get_response
    response = wrapped_callback(request, *callback_args, **callback_kwargs)
               ^^^^^^^^^^^^^^^^^^^^^^^^^^^^^^^^^^^^^^^^^^^^^^^^^^^^^^^^^^^^
  File "E:\formis_app\.env\Lib\site-packages\django\views\generic\base.py", line 105, in view
    return self.dispatch(request, *args, **kwargs)
           ^^^^^^^^^^^^^^^^^^^^^^^^^^^^^^^^^^^^^^^
  File "E:\formis_app\_formis\apps\core\dashboard_views.py", line 199, in dispatch
    if request.user.role != 'ADMIN':
       ^^^^^^^^^^^^^^^^^
  File "E:\formis_app\.env\Lib\site-packages\django\utils\functional.py", line 253, in inner
    return func(_wrapped, *args)
           ^^^^^^^^^^^^^^^^^^^^^
AttributeError: 'AnonymousUser' object has no attribute 'role'
ERROR 2025-11-08 01:20:16,029 basehttp "GET /dashboard/admin/users/?search=&role=CHEF_DEPARTEMENT&departement=075af644-72bd-4d54-b30f-e96a3b5defbe HTTP/1.1" 500 88156
ERROR 2025-11-08 01:20:17,836 log Internal Server Error: /dashboard/admin/users/
Traceback (most recent call last):
  File "E:\formis_app\.env\Lib\site-packages\django\core\handlers\exception.py", line 55, in inner
    response = get_response(request)
               ^^^^^^^^^^^^^^^^^^^^^
  File "E:\formis_app\.env\Lib\site-packages\django\core\handlers\base.py", line 197, in _get_response
    response = wrapped_callback(request, *callback_args, **callback_kwargs)
               ^^^^^^^^^^^^^^^^^^^^^^^^^^^^^^^^^^^^^^^^^^^^^^^^^^^^^^^^^^^^
  File "E:\formis_app\.env\Lib\site-packages\django\views\generic\base.py", line 105, in view
    return self.dispatch(request, *args, **kwargs)
           ^^^^^^^^^^^^^^^^^^^^^^^^^^^^^^^^^^^^^^^
  File "E:\formis_app\_formis\apps\core\dashboard_views.py", line 199, in dispatch
    if request.user.role != 'ADMIN':
       ^^^^^^^^^^^^^^^^^
  File "E:\formis_app\.env\Lib\site-packages\django\utils\functional.py", line 253, in inner
    return func(_wrapped, *args)
           ^^^^^^^^^^^^^^^^^^^^^
AttributeError: 'AnonymousUser' object has no attribute 'role'
ERROR 2025-11-08 01:20:17,845 basehttp "GET /dashboard/admin/users/?search=&role=ADMIN&departement=075af644-72bd-4d54-b30f-e96a3b5defbe HTTP/1.1" 500 88068
INFO 2025-11-08 01:20:23,516 basehttp "GET / HTTP/1.1" 200 16444
INFO 2025-11-08 01:20:46,587 basehttp "POST /accounts/login/ HTTP/1.1" 302 0
INFO 2025-11-08 01:20:47,204 basehttp "GET /dashboard/admin/ HTTP/1.1" 200 63951
WARNING 2025-11-08 01:20:47,704 basehttp "GET /static/css/dashboard/admin.css HTTP/1.1" 404 1996
INFO 2025-11-08 01:20:53,261 basehttp "GET /media/profils/IMG-20220507-WA0018.jpg HTTP/1.1" 200 35474
INFO 2025-11-08 01:22:16,070 basehttp "GET /dashboard/admin/users/ HTTP/1.1" 200 105206
INFO 2025-11-08 01:22:16,566 basehttp "GET /media/profils/IMG-20220507-WA0018.jpg HTTP/1.1" 200 35474
INFO 2025-11-08 01:22:16,922 basehttp "GET /media/profils/IMG-20220507-WA0030_qeI1OYS.jpg HTTP/1.1" 200 47619
INFO 2025-11-08 01:22:17,216 basehttp "GET /media/profils/IMG-20220507-WA0015.jpg HTTP/1.1" 200 25481
INFO 2025-11-08 01:22:17,522 basehttp "GET /media/profils/IMG_20211223_151546_741.jpg HTTP/1.1" 200 2749121
INFO 2025-11-08 01:22:18,700 basehttp "GET /accounts/users/add/ HTTP/1.1" 200 53747
INFO 2025-11-08 01:22:25,021 basehttp "GET /dashboard/admin/department_heads/ HTTP/1.1" 200 85779
INFO 2025-11-08 01:22:27,312 basehttp "GET /accounts/department-heads/nominate/ HTTP/1.1" 200 53607
INFO 2025-11-08 01:22:32,468 basehttp "GET /dashboard/admin/teachers/ HTTP/1.1" 200 75086
INFO 2025-11-08 01:22:35,456 basehttp "GET /accounts/teachers/add/ HTTP/1.1" 200 66471
INFO 2025-11-08 01:22:48,572 basehttp "GET /dashboard/admin/students/ HTTP/1.1" 200 86392
INFO 2025-11-08 01:22:50,995 basehttp "GET /accounts/students/add/ HTTP/1.1" 200 60066
ERROR 2025-11-08 01:29:54,079 log Internal Server Error: /accounts/students/add/
Traceback (most recent call last):
  File "E:\formis_app\.env\Lib\site-packages\django\core\handlers\exception.py", line 55, in inner
    response = get_response(request)
               ^^^^^^^^^^^^^^^^^^^^^
  File "E:\formis_app\.env\Lib\site-packages\django\core\handlers\base.py", line 220, in _get_response
    response = response.render()
               ^^^^^^^^^^^^^^^^^
  File "E:\formis_app\.env\Lib\site-packages\django\template\response.py", line 114, in render
    self.content = self.rendered_content
                   ^^^^^^^^^^^^^^^^^^^^^
  File "E:\formis_app\.env\Lib\site-packages\django\template\response.py", line 92, in rendered_content
    return template.render(context, self._request)
           ^^^^^^^^^^^^^^^^^^^^^^^^^^^^^^^^^^^^^^^
  File "E:\formis_app\.env\Lib\site-packages\django\template\backends\django.py", line 107, in render
    return self.template.render(context)
           ^^^^^^^^^^^^^^^^^^^^^^^^^^^^^
  File "E:\formis_app\.env\Lib\site-packages\django\template\base.py", line 171, in render
    return self._render(context)
           ^^^^^^^^^^^^^^^^^^^^^
  File "E:\formis_app\.env\Lib\site-packages\django\template\base.py", line 163, in _render
    return self.nodelist.render(context)
           ^^^^^^^^^^^^^^^^^^^^^^^^^^^^^
  File "E:\formis_app\.env\Lib\site-packages\django\template\base.py", line 1016, in render
    return SafeString("".join([node.render_annotated(context) for node in self]))
                               ^^^^^^^^^^^^^^^^^^^^^^^^^^^^^^
  File "E:\formis_app\.env\Lib\site-packages\django\template\base.py", line 977, in render_annotated
    return self.render(context)
           ^^^^^^^^^^^^^^^^^^^^
  File "E:\formis_app\.env\Lib\site-packages\django\template\loader_tags.py", line 159, in render
    return compiled_parent._render(context)
           ^^^^^^^^^^^^^^^^^^^^^^^^^^^^^^^^
  File "E:\formis_app\.env\Lib\site-packages\django\template\base.py", line 163, in _render
    return self.nodelist.render(context)
           ^^^^^^^^^^^^^^^^^^^^^^^^^^^^^
  File "E:\formis_app\.env\Lib\site-packages\django\template\base.py", line 1016, in render
    return SafeString("".join([node.render_annotated(context) for node in self]))
                               ^^^^^^^^^^^^^^^^^^^^^^^^^^^^^^
  File "E:\formis_app\.env\Lib\site-packages\django\template\base.py", line 977, in render_annotated
    return self.render(context)
           ^^^^^^^^^^^^^^^^^^^^
  File "E:\formis_app\.env\Lib\site-packages\django\template\loader_tags.py", line 210, in render
    return template.render(context)
           ^^^^^^^^^^^^^^^^^^^^^^^^
  File "E:\formis_app\.env\Lib\site-packages\django\template\base.py", line 173, in render
    return self._render(context)
           ^^^^^^^^^^^^^^^^^^^^^
  File "E:\formis_app\.env\Lib\site-packages\django\template\base.py", line 163, in _render
    return self.nodelist.render(context)
           ^^^^^^^^^^^^^^^^^^^^^^^^^^^^^
  File "E:\formis_app\.env\Lib\site-packages\django\template\base.py", line 1016, in render
    return SafeString("".join([node.render_annotated(context) for node in self]))
                               ^^^^^^^^^^^^^^^^^^^^^^^^^^^^^^
  File "E:\formis_app\.env\Lib\site-packages\django\template\base.py", line 977, in render_annotated
    return self.render(context)
           ^^^^^^^^^^^^^^^^^^^^
  File "E:\formis_app\.env\Lib\site-packages\django\template\defaulttags.py", line 327, in render
    return nodelist.render(context)
           ^^^^^^^^^^^^^^^^^^^^^^^^
  File "E:\formis_app\.env\Lib\site-packages\django\template\base.py", line 1016, in render
    return SafeString("".join([node.render_annotated(context) for node in self]))
                               ^^^^^^^^^^^^^^^^^^^^^^^^^^^^^^
  File "E:\formis_app\.env\Lib\site-packages\django\template\base.py", line 977, in render_annotated
    return self.render(context)
           ^^^^^^^^^^^^^^^^^^^^
  File "E:\formis_app\.env\Lib\site-packages\django\template\defaulttags.py", line 480, in render
    url = reverse(view_name, args=args, kwargs=kwargs, current_app=current_app)
          ^^^^^^^^^^^^^^^^^^^^^^^^^^^^^^^^^^^^^^^^^^^^^^^^^^^^^^^^^^^^^^^^^^^^^
  File "E:\formis_app\.env\Lib\site-packages\django\urls\base.py", line 98, in reverse
    resolved_url = resolver._reverse_with_prefix(view, prefix, *args, **kwargs)
                   ^^^^^^^^^^^^^^^^^^^^^^^^^^^^^^^^^^^^^^^^^^^^^^^^^^^^^^^^^^^^
  File "E:\formis_app\.env\Lib\site-packages\django\urls\resolvers.py", line 831, in _reverse_with_prefix
    raise NoReverseMatch(msg)
django.urls.exceptions.NoReverseMatch: Reverse for 'admin_comptables' not found. 'admin_comptables' is not a valid view function or pattern name.
ERROR 2025-11-08 01:29:54,088 basehttp "GET /accounts/students/add/ HTTP/1.1" 500 200856
INFO 2025-11-08 01:37:36,319 autoreload E:\formis_app\_formis\apps\core\dashboard_views.py changed, reloading.
INFO 2025-11-08 01:37:39,236 autoreload Watching for file changes with StatReloader
INFO 2025-11-08 01:41:09,392 autoreload E:\formis_app\_formis\apps\core\dashboard_urls.py changed, reloading.
INFO 2025-11-08 01:41:10,986 autoreload Watching for file changes with StatReloader
INFO 2025-11-08 01:41:22,179 autoreload E:\formis_app\_formis\apps\core\dashboard_urls.py changed, reloading.
INFO 2025-11-08 01:41:24,883 autoreload Watching for file changes with StatReloader
INFO 2025-11-08 01:41:34,134 autoreload E:\formis_app\_formis\apps\core\dashboard_urls.py changed, reloading.
INFO 2025-11-08 01:41:37,095 autoreload Watching for file changes with StatReloader
INFO 2025-11-08 01:41:55,041 autoreload E:\formis_app\_formis\apps\core\dashboard_urls.py changed, reloading.
INFO 2025-11-08 01:42:03,373 autoreload Watching for file changes with StatReloader
INFO 2025-11-08 01:42:11,622 autoreload E:\formis_app\_formis\apps\core\dashboard_urls.py changed, reloading.
INFO 2025-11-08 01:42:13,723 autoreload Watching for file changes with StatReloader
INFO 2025-11-08 01:42:16,588 basehttp "GET /accounts/students/add/ HTTP/1.1" 200 60343
INFO 2025-11-08 01:42:20,679 basehttp "GET /dashboard/admin/comptables/ HTTP/1.1" 200 0
INFO 2025-11-08 01:43:43,603 basehttp "GET /dashboard/admin/comptables/ HTTP/1.1" 200 65408
INFO 2025-11-08 01:44:22,252 basehttp "GET /dashboard/admin/comptables/ HTTP/1.1" 200 65408
INFO 2025-11-08 01:48:28,230 basehttp "GET /dashboard/admin/comptables/ HTTP/1.1" 200 56534
INFO 2025-11-08 01:48:42,491 basehttp "GET /accounts/comptables/add/ HTTP/1.1" 200 58255
INFO 2025-11-08 01:49:09,266 basehttp "GET /dashboard/admin/comptables/ HTTP/1.1" 200 56534
INFO 2025-11-08 01:49:18,316 basehttp "GET /dashboard/admin/department_heads/ HTTP/1.1" 200 86056
INFO 2025-11-08 01:49:27,670 basehttp "GET /dashboard/admin/department_heads/ HTTP/1.1" 200 76088
INFO 2025-11-08 01:49:38,973 basehttp "GET /dashboard/admin/department_heads/ HTTP/1.1" 200 86056
INFO 2025-11-08 01:49:45,750 basehttp "GET /dashboard/admin/ HTTP/1.1" 200 64229
WARNING 2025-11-08 01:49:45,918 basehttp "GET /static/css/dashboard/admin.css HTTP/1.1" 404 1996
INFO 2025-11-09 11:49:44,888 basehttp "GET /dashboard/admin/comptables/ HTTP/1.1" 200 56534
INFO 2025-11-09 11:49:45,118 basehttp "GET /static/css/dashboard/dashboard.css HTTP/1.1" 304 0
INFO 2025-11-09 11:49:45,158 basehttp "GET /static/js/dashboard/dashboard.js HTTP/1.1" 304 0
INFO 2025-11-09 11:49:45,580 basehttp "GET /static/js/dashboard/components.js HTTP/1.1" 304 0
INFO 2025-11-09 11:49:52,945 basehttp "GET /accounts/comptables/add/ HTTP/1.1" 200 58255
INFO 2025-11-09 11:51:15,736 basehttp "GET /dashboard/admin/comptables/ HTTP/1.1" 200 66296
INFO 2025-11-09 11:51:19,544 basehttp "GET /dashboard/admin/comptables/ HTTP/1.1" 200 66296
WARNING 2025-11-09 11:52:25,509 log Not Found: /accounts/comptables/export/
WARNING 2025-11-09 11:52:25,509 basehttp "GET /accounts/comptables/export/? HTTP/1.1" 404 17433
INFO 2025-11-09 11:53:09,750 basehttp "GET /dashboard/admin/comptables/ HTTP/1.1" 200 77239
WARNING 2025-11-09 11:53:12,547 log Not Found: /accounts/comptables/export/
WARNING 2025-11-09 11:53:12,552 basehttp "GET /accounts/comptables/export/? HTTP/1.1" 404 17433
INFO 2025-11-09 11:56:57,990 autoreload E:\formis_app\_formis\apps\core\dashboard_views.py changed, reloading.
INFO 2025-11-09 11:57:28,927 autoreload Watching for file changes with StatReloader
WARNING 2025-11-11 11:36:54,082 log Not Found: /favicon.ico
WARNING 2025-11-11 11:36:54,108 basehttp "GET /favicon.ico HTTP/1.1" 404 4021
INFO 2025-11-11 23:42:32,160 basehttp "GET /static/js/dashboard/components.js HTTP/1.1" 200 28077
INFO 2025-11-11 23:42:32,173 basehttp "GET /static/js/dashboard/dashboard.js HTTP/1.1" 200 22935
INFO 2025-11-12 00:19:31,653 basehttp "GET /dashboard/admin/users/ HTTP/1.1" 200 105061
INFO 2025-11-12 00:19:32,349 basehttp "GET /media/profils/IMG-20220507-WA0018.jpg HTTP/1.1" 304 0
INFO 2025-11-12 00:19:32,516 basehttp "GET /media/profils/IMG-20220507-WA0030_qeI1OYS.jpg HTTP/1.1" 304 0
INFO 2025-11-12 00:19:33,765 basehttp "GET /media/profils/IMG-20220507-WA0015.jpg HTTP/1.1" 304 0
INFO 2025-11-12 00:19:34,264 basehttp "GET /media/profils/IMG_20211223_151546_741.jpg HTTP/1.1" 304 0
INFO 2025-11-12 00:20:06,641 basehttp "GET /dashboard/admin/comptables/ HTTP/1.1" 200 77239
INFO 2025-11-12 00:20:10,970 basehttp "GET /accounts/comptables/add/ HTTP/1.1" 200 58255
INFO 2025-11-12 00:23:13,340 managers Email de création de compte envoyé avec succès à leandrebenilde.frankenstein@gmail.com (Matricule: US20250001, Rôle: COMPTABLE)
INFO 2025-11-12 00:23:13,424 basehttp "POST /accounts/comptables/add/ HTTP/1.1" 302 0
INFO 2025-11-12 00:23:14,411 basehttp "GET /dashboard/admin/comptables/ HTTP/1.1" 200 89100
INFO 2025-11-12 00:23:51,670 basehttp "GET /accounts/comptables/d4c9018d-47b7-4712-9afb-e003a2c1598d/ HTTP/1.1" 200 56834
INFO 2025-11-12 00:24:22,771 basehttp "GET /accounts/comptables/d4c9018d-47b7-4712-9afb-e003a2c1598d/edit/ HTTP/1.1" 200 58391
INFO 2025-11-12 00:24:50,464 basehttp "POST /accounts/comptables/d4c9018d-47b7-4712-9afb-e003a2c1598d/edit/ HTTP/1.1" 302 0
INFO 2025-11-12 00:24:50,692 basehttp "GET /dashboard/admin/comptables/ HTTP/1.1" 200 88987
INFO 2025-11-12 00:24:59,949 basehttp "GET /dashboard/admin/users/ HTTP/1.1" 200 109308
INFO 2025-11-12 00:25:27,512 basehttp "GET /accounts/users/add/ HTTP/1.1" 200 54024
INFO 2025-11-12 00:25:37,972 basehttp "GET /dashboard/admin/users/ HTTP/1.1" 200 109308
INFO 2025-11-12 00:26:16,885 basehttp "GET /dashboard/admin/comptables/ HTTP/1.1" 200 88559
INFO 2025-11-12 00:26:21,031 basehttp "GET /dashboard/admin/teachers/ HTTP/1.1" 200 75363
INFO 2025-11-12 00:30:08,997 autoreload E:\formis_app\_formis\_formis\settings.py changed, reloading.
INFO 2025-11-12 00:30:16,656 autoreload Watching for file changes with StatReloader
INFO 2025-11-12 00:30:46,624 autoreload E:\formis_app\_formis\_formis\settings.py changed, reloading.
INFO 2025-11-12 00:30:48,093 autoreload Watching for file changes with StatReloader
INFO 2025-11-12 00:31:28,995 autoreload E:\formis_app\_formis\_formis\settings.py changed, reloading.
INFO 2025-11-12 00:31:31,264 autoreload Watching for file changes with StatReloader
INFO 2025-11-12 00:34:58,402 autoreload E:\formis_app\_formis\_formis\settings.py changed, reloading.
INFO 2025-11-12 00:35:00,303 autoreload Watching for file changes with StatReloader
INFO 2025-11-12 00:35:24,267 autoreload E:\formis_app\_formis\apps\accounting\apps.py changed, reloading.
INFO 2025-11-12 00:35:26,052 autoreload Watching for file changes with StatReloader
INFO 2025-11-12 00:36:45,990 autoreload E:\formis_app\_formis\apps\accounting\models.py changed, reloading.
INFO 2025-11-12 00:36:48,255 autoreload Watching for file changes with StatReloader
INFO 2025-11-13 02:01:44,090 autoreload Watching for file changes with StatReloader
INFO 2025-11-13 02:03:14,833 basehttp "GET / HTTP/1.1" 302 0
INFO 2025-11-13 02:03:16,262 basehttp "GET /dashboard/admin/ HTTP/1.1" 200 64216
WARNING 2025-11-13 02:03:16,496 basehttp "GET /static/css/dashboard/admin.css HTTP/1.1" 404 1996
WARNING 2025-11-13 02:03:20,613 log Not Found: /favicon.ico
WARNING 2025-11-13 02:03:20,614 basehttp "GET /favicon.ico HTTP/1.1" 404 4021
INFO 2025-11-13 02:03:28,751 basehttp "GET / HTTP/1.1" 200 16444
WARNING 2025-11-13 02:03:29,734 log Not Found: /favicon.ico
WARNING 2025-11-13 02:03:29,735 basehttp "GET /favicon.ico HTTP/1.1" 404 4021
INFO 2025-11-13 02:03:35,480 basehttp "GET /accounts/logout/ HTTP/1.1" 302 0
INFO 2025-11-13 02:03:35,512 basehttp "GET /accounts/login/ HTTP/1.1" 200 16586
INFO 2025-11-13 02:04:43,082 autoreload E:\formis_app\_formis\apps\core\dashboard_views.py changed, reloading.
INFO 2025-11-13 02:04:50,912 autoreload Watching for file changes with StatReloader
INFO 2025-11-13 02:05:40,995 autoreload E:\formis_app\_formis\apps\core\dashboard_views.py changed, reloading.
INFO 2025-11-13 02:05:51,727 autoreload Watching for file changes with StatReloader
INFO 2025-11-13 02:06:28,129 autoreload E:\formis_app\_formis\apps\core\dashboard_views.py changed, reloading.
INFO 2025-11-13 02:06:36,321 autoreload Watching for file changes with StatReloader
INFO 2025-11-13 02:07:29,664 autoreload E:\formis_app\_formis\apps\core\dashboard_views.py changed, reloading.
INFO 2025-11-13 02:07:37,695 autoreload Watching for file changes with StatReloader
INFO 2025-11-13 02:08:11,909 autoreload E:\formis_app\_formis\apps\core\dashboard_views.py changed, reloading.
INFO 2025-11-13 02:08:16,953 autoreload Watching for file changes with StatReloader
INFO 2025-11-13 02:08:32,591 autoreload E:\formis_app\_formis\apps\core\dashboard_views.py changed, reloading.
INFO 2025-11-13 02:08:36,474 autoreload Watching for file changes with StatReloader
INFO 2025-11-13 02:09:30,512 autoreload E:\formis_app\_formis\apps\core\dashboard_views.py changed, reloading.
INFO 2025-11-13 02:09:35,230 autoreload Watching for file changes with StatReloader
INFO 2025-11-13 02:09:52,080 autoreload E:\formis_app\_formis\apps\core\dashboard_views.py changed, reloading.
INFO 2025-11-13 02:09:57,753 autoreload Watching for file changes with StatReloader
INFO 2025-11-13 02:10:24,052 autoreload E:\formis_app\_formis\apps\core\dashboard_views.py changed, reloading.
INFO 2025-11-13 02:10:27,069 autoreload Watching for file changes with StatReloader
INFO 2025-11-13 02:11:34,515 autoreload E:\formis_app\_formis\apps\core\dashboard_views.py changed, reloading.
INFO 2025-11-13 02:11:43,387 autoreload Watching for file changes with StatReloader
INFO 2025-11-13 02:12:20,421 autoreload E:\formis_app\_formis\apps\core\dashboard_views.py changed, reloading.
INFO 2025-11-13 02:12:33,669 autoreload Watching for file changes with StatReloader
INFO 2025-11-13 02:13:07,704 autoreload E:\formis_app\_formis\apps\core\dashboard_views.py changed, reloading.
INFO 2025-11-13 02:13:14,884 autoreload Watching for file changes with StatReloader
INFO 2025-11-13 02:16:25,581 autoreload E:\formis_app\_formis\apps\core\dashboard_views.py changed, reloading.
INFO 2025-11-13 02:16:36,010 autoreload Watching for file changes with StatReloader
INFO 2025-11-13 02:17:35,800 autoreload E:\formis_app\_formis\apps\core\dashboard_urls.py changed, reloading.
INFO 2025-11-13 02:17:37,229 autoreload Watching for file changes with StatReloader
INFO 2025-11-13 02:18:55,647 autoreload E:\formis_app\_formis\apps\core\dashboard_urls.py changed, reloading.
INFO 2025-11-13 02:18:59,583 autoreload Watching for file changes with StatReloader
INFO 2025-11-13 02:19:45,927 autoreload E:\formis_app\_formis\apps\core\dashboard_urls.py changed, reloading.
INFO 2025-11-13 02:19:47,883 autoreload Watching for file changes with StatReloader
INFO 2025-11-13 02:21:15,031 basehttp "POST /accounts/login/ HTTP/1.1" 302 0
ERROR 2025-11-13 02:21:15,977 log Internal Server Error: /dashboard/comptable/
Traceback (most recent call last):
  File "E:\formis_app\.env\Lib\site-packages\django\db\backends\utils.py", line 105, in _execute
    return self.cursor.execute(sql, params)
           ^^^^^^^^^^^^^^^^^^^^^^^^^^^^^^^^
psycopg2.errors.UndefinedTable: ERREUR:  la relation « accounting_depense » n'existe pas
LINE 1: ...M("accounting_depense"."montant") AS "total" FROM "accountin...
                                                             ^


The above exception was the direct cause of the following exception:

Traceback (most recent call last):
  File "E:\formis_app\.env\Lib\site-packages\django\core\handlers\exception.py", line 55, in inner
    response = get_response(request)
               ^^^^^^^^^^^^^^^^^^^^^
  File "E:\formis_app\.env\Lib\site-packages\django\core\handlers\base.py", line 197, in _get_response
    response = wrapped_callback(request, *callback_args, **callback_kwargs)
               ^^^^^^^^^^^^^^^^^^^^^^^^^^^^^^^^^^^^^^^^^^^^^^^^^^^^^^^^^^^^
  File "E:\formis_app\.env\Lib\site-packages\django\views\generic\base.py", line 105, in view
    return self.dispatch(request, *args, **kwargs)
           ^^^^^^^^^^^^^^^^^^^^^^^^^^^^^^^^^^^^^^^
  File "E:\formis_app\_formis\apps\core\dashboard_views.py", line 1962, in dispatch
    return super().dispatch(request, *args, **kwargs)
           ^^^^^^^^^^^^^^^^^^^^^^^^^^^^^^^^^^^^^^^^^^
  File "E:\formis_app\.env\Lib\site-packages\django\contrib\auth\mixins.py", line 73, in dispatch
    return super().dispatch(request, *args, **kwargs)
           ^^^^^^^^^^^^^^^^^^^^^^^^^^^^^^^^^^^^^^^^^^
  File "E:\formis_app\.env\Lib\site-packages\django\views\generic\base.py", line 144, in dispatch
    return handler(request, *args, **kwargs)
           ^^^^^^^^^^^^^^^^^^^^^^^^^^^^^^^^^
  File "E:\formis_app\.env\Lib\site-packages\django\views\generic\base.py", line 228, in get
    context = self.get_context_data(**kwargs)
              ^^^^^^^^^^^^^^^^^^^^^^^^^^^^^^^
  File "E:\formis_app\_formis\apps\core\dashboard_views.py", line 1975, in get_context_data
    'total_depenses_mois': self.get_depenses_mois(etablissement, debut_mois),
                           ^^^^^^^^^^^^^^^^^^^^^^^^^^^^^^^^^^^^^^^^^^^^^^^^^
  File "E:\formis_app\_formis\apps\core\dashboard_views.py", line 2008, in get_depenses_mois
    ).aggregate(total=models.Sum('montant'))['total'] or Decimal('0.00')
      ^^^^^^^^^^^^^^^^^^^^^^^^^^^^^^^^^^^^^^
  File "E:\formis_app\.env\Lib\site-packages\django\db\models\query.py", line 588, in aggregate
    return self.query.chain().get_aggregation(self.db, kwargs)
           ^^^^^^^^^^^^^^^^^^^^^^^^^^^^^^^^^^^^^^^^^^^^^^^^^^^
  File "E:\formis_app\.env\Lib\site-packages\django\db\models\sql\query.py", line 626, in get_aggregation
    result = compiler.execute_sql(SINGLE)
             ^^^^^^^^^^^^^^^^^^^^^^^^^^^^
  File "E:\formis_app\.env\Lib\site-packages\django\db\models\sql\compiler.py", line 1623, in execute_sql
    cursor.execute(sql, params)
  File "E:\formis_app\.env\Lib\site-packages\django\db\backends\utils.py", line 122, in execute
    return super().execute(sql, params)
           ^^^^^^^^^^^^^^^^^^^^^^^^^^^^
  File "E:\formis_app\.env\Lib\site-packages\django\db\backends\utils.py", line 79, in execute
    return self._execute_with_wrappers(
           ^^^^^^^^^^^^^^^^^^^^^^^^^^^^
  File "E:\formis_app\.env\Lib\site-packages\django\db\backends\utils.py", line 92, in _execute_with_wrappers
    return executor(sql, params, many, context)
           ^^^^^^^^^^^^^^^^^^^^^^^^^^^^^^^^^^^^
  File "E:\formis_app\.env\Lib\site-packages\django\db\backends\utils.py", line 100, in _execute
    with self.db.wrap_database_errors:
  File "E:\formis_app\.env\Lib\site-packages\django\db\utils.py", line 91, in __exit__
    raise dj_exc_value.with_traceback(traceback) from exc_value
  File "E:\formis_app\.env\Lib\site-packages\django\db\backends\utils.py", line 105, in _execute
    return self.cursor.execute(sql, params)
           ^^^^^^^^^^^^^^^^^^^^^^^^^^^^^^^^
django.db.utils.ProgrammingError: ERREUR:  la relation « accounting_depense » n'existe pas
LINE 1: ...M("accounting_depense"."montant") AS "total" FROM "accountin...
                                                             ^

ERROR 2025-11-13 02:21:15,998 basehttp "GET /dashboard/comptable/ HTTP/1.1" 500 160887
INFO 2025-11-13 02:22:58,341 basehttp "GET /dashboard/comptable/ HTTP/1.1" 200 0
INFO 2025-11-13 02:24:14,122 basehttp "GET /dashboard/comptable/ HTTP/1.1" 200 50658
INFO 2025-11-13 02:24:14,860 basehttp "GET /static/images/default-avatar.jpg HTTP/1.1" 200 99373
ERROR 2025-11-13 02:24:47,248 log Internal Server Error: /accounts/profile/
Traceback (most recent call last):
  File "E:\formis_app\.env\Lib\site-packages\django\template\base.py", line 891, in _resolve_lookup
    current = current[bit]
              ~~~~~~~^^^^^
  File "E:\formis_app\.env\Lib\site-packages\django\template\context.py", line 88, in __getitem__
    raise KeyError(key)
KeyError: 'total_enseignants'

During handling of the above exception, another exception occurred:

Traceback (most recent call last):
  File "E:\formis_app\.env\Lib\site-packages\django\template\base.py", line 897, in _resolve_lookup
    if isinstance(current, BaseContext) and getattr(
                                            ^^^^^^^^
AttributeError: type object 'RequestContext' has no attribute 'total_enseignants'

During handling of the above exception, another exception occurred:

Traceback (most recent call last):
  File "E:\formis_app\.env\Lib\site-packages\django\template\base.py", line 907, in _resolve_lookup
    current = current[int(bit)]
                      ^^^^^^^^
ValueError: invalid literal for int() with base 10: 'total_enseignants'

During handling of the above exception, another exception occurred:

Traceback (most recent call last):
  File "E:\formis_app\.env\Lib\site-packages\django\core\handlers\exception.py", line 55, in inner
    response = get_response(request)
               ^^^^^^^^^^^^^^^^^^^^^
  File "E:\formis_app\.env\Lib\site-packages\django\core\handlers\base.py", line 220, in _get_response
    response = response.render()
               ^^^^^^^^^^^^^^^^^
  File "E:\formis_app\.env\Lib\site-packages\django\template\response.py", line 114, in render
    self.content = self.rendered_content
                   ^^^^^^^^^^^^^^^^^^^^^
  File "E:\formis_app\.env\Lib\site-packages\django\template\response.py", line 92, in rendered_content
    return template.render(context, self._request)
           ^^^^^^^^^^^^^^^^^^^^^^^^^^^^^^^^^^^^^^^
  File "E:\formis_app\.env\Lib\site-packages\django\template\backends\django.py", line 107, in render
    return self.template.render(context)
           ^^^^^^^^^^^^^^^^^^^^^^^^^^^^^
  File "E:\formis_app\.env\Lib\site-packages\django\template\base.py", line 171, in render
    return self._render(context)
           ^^^^^^^^^^^^^^^^^^^^^
  File "E:\formis_app\.env\Lib\site-packages\django\template\base.py", line 163, in _render
    return self.nodelist.render(context)
           ^^^^^^^^^^^^^^^^^^^^^^^^^^^^^
  File "E:\formis_app\.env\Lib\site-packages\django\template\base.py", line 1016, in render
    return SafeString("".join([node.render_annotated(context) for node in self]))
                               ^^^^^^^^^^^^^^^^^^^^^^^^^^^^^^
  File "E:\formis_app\.env\Lib\site-packages\django\template\base.py", line 977, in render_annotated
    return self.render(context)
           ^^^^^^^^^^^^^^^^^^^^
  File "E:\formis_app\.env\Lib\site-packages\django\template\loader_tags.py", line 159, in render
    return compiled_parent._render(context)
           ^^^^^^^^^^^^^^^^^^^^^^^^^^^^^^^^
  File "E:\formis_app\.env\Lib\site-packages\django\template\base.py", line 163, in _render
    return self.nodelist.render(context)
           ^^^^^^^^^^^^^^^^^^^^^^^^^^^^^
  File "E:\formis_app\.env\Lib\site-packages\django\template\base.py", line 1016, in render
    return SafeString("".join([node.render_annotated(context) for node in self]))
                               ^^^^^^^^^^^^^^^^^^^^^^^^^^^^^^
  File "E:\formis_app\.env\Lib\site-packages\django\template\base.py", line 977, in render_annotated
    return self.render(context)
           ^^^^^^^^^^^^^^^^^^^^
  File "E:\formis_app\.env\Lib\site-packages\django\template\loader_tags.py", line 65, in render
    result = block.nodelist.render(context)
             ^^^^^^^^^^^^^^^^^^^^^^^^^^^^^^
  File "E:\formis_app\.env\Lib\site-packages\django\template\base.py", line 1016, in render
    return SafeString("".join([node.render_annotated(context) for node in self]))
                               ^^^^^^^^^^^^^^^^^^^^^^^^^^^^^^
  File "E:\formis_app\.env\Lib\site-packages\django\template\base.py", line 977, in render_annotated
    return self.render(context)
           ^^^^^^^^^^^^^^^^^^^^
  File "E:\formis_app\.env\Lib\site-packages\django\template\defaulttags.py", line 327, in render
    return nodelist.render(context)
           ^^^^^^^^^^^^^^^^^^^^^^^^
  File "E:\formis_app\.env\Lib\site-packages\django\template\base.py", line 1016, in render
    return SafeString("".join([node.render_annotated(context) for node in self]))
                               ^^^^^^^^^^^^^^^^^^^^^^^^^^^^^^
  File "E:\formis_app\.env\Lib\site-packages\django\template\base.py", line 977, in render_annotated
    return self.render(context)
           ^^^^^^^^^^^^^^^^^^^^
  File "E:\formis_app\.env\Lib\site-packages\django\template\base.py", line 1075, in render
    output = self.filter_expression.resolve(context)
             ^^^^^^^^^^^^^^^^^^^^^^^^^^^^^^^^^^^^^^^
  File "E:\formis_app\.env\Lib\site-packages\django\template\base.py", line 743, in resolve
    arg_vals.append(arg.resolve(context))
                    ^^^^^^^^^^^^^^^^^^^^
  File "E:\formis_app\.env\Lib\site-packages\django\template\base.py", line 854, in resolve
    value = self._resolve_lookup(context)
            ^^^^^^^^^^^^^^^^^^^^^^^^^^^^^
  File "E:\formis_app\.env\Lib\site-packages\django\template\base.py", line 914, in _resolve_lookup
    raise VariableDoesNotExist(
django.template.base.VariableDoesNotExist: Failed lookup for key [total_enseignants] in [{'True': True, 'False': False, 'None': None}, {}, {}, {'view': <apps.accounts.views.ProfileView object at 0x000001F210905DC0>, 'user': <SimpleLazyObject: <Utilisateur: Comptable Comptable (US20250001)>>, 'age_str': '45\xa0ans', 'age_years': 45, 'derniere_activite': datetime.datetime(2025, 11, 13, 2, 21, 14, 827997, tzinfo=datetime.timezone.utc)}]
ERROR 2025-11-13 02:24:47,285 basehttp "GET /accounts/profile/ HTTP/1.1" 500 208876
ERROR 2025-11-13 02:27:52,942 log Internal Server Error: /dashboard/comptable/
Traceback (most recent call last):
  File "E:\formis_app\.env\Lib\site-packages\django\core\handlers\exception.py", line 55, in inner
    response = get_response(request)
               ^^^^^^^^^^^^^^^^^^^^^
  File "E:\formis_app\.env\Lib\site-packages\django\core\handlers\base.py", line 220, in _get_response
    response = response.render()
               ^^^^^^^^^^^^^^^^^
  File "E:\formis_app\.env\Lib\site-packages\django\template\response.py", line 114, in render
    self.content = self.rendered_content
                   ^^^^^^^^^^^^^^^^^^^^^
  File "E:\formis_app\.env\Lib\site-packages\django\template\response.py", line 92, in rendered_content
    return template.render(context, self._request)
           ^^^^^^^^^^^^^^^^^^^^^^^^^^^^^^^^^^^^^^^
  File "E:\formis_app\.env\Lib\site-packages\django\template\backends\django.py", line 107, in render
    return self.template.render(context)
           ^^^^^^^^^^^^^^^^^^^^^^^^^^^^^
  File "E:\formis_app\.env\Lib\site-packages\django\template\base.py", line 171, in render
    return self._render(context)
           ^^^^^^^^^^^^^^^^^^^^^
  File "E:\formis_app\.env\Lib\site-packages\django\template\base.py", line 163, in _render
    return self.nodelist.render(context)
           ^^^^^^^^^^^^^^^^^^^^^^^^^^^^^
  File "E:\formis_app\.env\Lib\site-packages\django\template\base.py", line 1016, in render
    return SafeString("".join([node.render_annotated(context) for node in self]))
                               ^^^^^^^^^^^^^^^^^^^^^^^^^^^^^^
  File "E:\formis_app\.env\Lib\site-packages\django\template\base.py", line 977, in render_annotated
    return self.render(context)
           ^^^^^^^^^^^^^^^^^^^^
  File "E:\formis_app\.env\Lib\site-packages\django\template\loader_tags.py", line 159, in render
    return compiled_parent._render(context)
           ^^^^^^^^^^^^^^^^^^^^^^^^^^^^^^^^
  File "E:\formis_app\.env\Lib\site-packages\django\template\base.py", line 163, in _render
    return self.nodelist.render(context)
           ^^^^^^^^^^^^^^^^^^^^^^^^^^^^^
  File "E:\formis_app\.env\Lib\site-packages\django\template\base.py", line 1016, in render
    return SafeString("".join([node.render_annotated(context) for node in self]))
                               ^^^^^^^^^^^^^^^^^^^^^^^^^^^^^^
  File "E:\formis_app\.env\Lib\site-packages\django\template\base.py", line 977, in render_annotated
    return self.render(context)
           ^^^^^^^^^^^^^^^^^^^^
  File "E:\formis_app\.env\Lib\site-packages\django\template\loader_tags.py", line 210, in render
    return template.render(context)
           ^^^^^^^^^^^^^^^^^^^^^^^^
  File "E:\formis_app\.env\Lib\site-packages\django\template\base.py", line 173, in render
    return self._render(context)
           ^^^^^^^^^^^^^^^^^^^^^
  File "E:\formis_app\.env\Lib\site-packages\django\template\base.py", line 163, in _render
    return self.nodelist.render(context)
           ^^^^^^^^^^^^^^^^^^^^^^^^^^^^^
  File "E:\formis_app\.env\Lib\site-packages\django\template\base.py", line 1016, in render
    return SafeString("".join([node.render_annotated(context) for node in self]))
                               ^^^^^^^^^^^^^^^^^^^^^^^^^^^^^^
  File "E:\formis_app\.env\Lib\site-packages\django\template\base.py", line 977, in render_annotated
    return self.render(context)
           ^^^^^^^^^^^^^^^^^^^^
  File "E:\formis_app\.env\Lib\site-packages\django\template\defaulttags.py", line 327, in render
    return nodelist.render(context)
           ^^^^^^^^^^^^^^^^^^^^^^^^
  File "E:\formis_app\.env\Lib\site-packages\django\template\base.py", line 1016, in render
    return SafeString("".join([node.render_annotated(context) for node in self]))
                               ^^^^^^^^^^^^^^^^^^^^^^^^^^^^^^
  File "E:\formis_app\.env\Lib\site-packages\django\template\base.py", line 977, in render_annotated
    return self.render(context)
           ^^^^^^^^^^^^^^^^^^^^
  File "E:\formis_app\.env\Lib\site-packages\django\template\defaulttags.py", line 480, in render
    url = reverse(view_name, args=args, kwargs=kwargs, current_app=current_app)
          ^^^^^^^^^^^^^^^^^^^^^^^^^^^^^^^^^^^^^^^^^^^^^^^^^^^^^^^^^^^^^^^^^^^^^
  File "E:\formis_app\.env\Lib\site-packages\django\urls\base.py", line 98, in reverse
    resolved_url = resolver._reverse_with_prefix(view, prefix, *args, **kwargs)
                   ^^^^^^^^^^^^^^^^^^^^^^^^^^^^^^^^^^^^^^^^^^^^^^^^^^^^^^^^^^^^
  File "E:\formis_app\.env\Lib\site-packages\django\urls\resolvers.py", line 831, in _reverse_with_prefix
    raise NoReverseMatch(msg)
django.urls.exceptions.NoReverseMatch: Reverse for 'comptable_ecritures' not found. 'comptable_ecritures' is not a valid view function or pattern name.
ERROR 2025-11-13 02:27:52,957 basehttp "GET /dashboard/comptable/ HTTP/1.1" 500 204196
ERROR 2025-11-13 02:29:41,968 log Internal Server Error: /dashboard/comptable/
Traceback (most recent call last):
  File "E:\formis_app\.env\Lib\site-packages\django\core\handlers\exception.py", line 55, in inner
    response = get_response(request)
               ^^^^^^^^^^^^^^^^^^^^^
  File "E:\formis_app\.env\Lib\site-packages\django\core\handlers\base.py", line 220, in _get_response
    response = response.render()
               ^^^^^^^^^^^^^^^^^
  File "E:\formis_app\.env\Lib\site-packages\django\template\response.py", line 114, in render
    self.content = self.rendered_content
                   ^^^^^^^^^^^^^^^^^^^^^
  File "E:\formis_app\.env\Lib\site-packages\django\template\response.py", line 92, in rendered_content
    return template.render(context, self._request)
           ^^^^^^^^^^^^^^^^^^^^^^^^^^^^^^^^^^^^^^^
  File "E:\formis_app\.env\Lib\site-packages\django\template\backends\django.py", line 107, in render
    return self.template.render(context)
           ^^^^^^^^^^^^^^^^^^^^^^^^^^^^^
  File "E:\formis_app\.env\Lib\site-packages\django\template\base.py", line 171, in render
    return self._render(context)
           ^^^^^^^^^^^^^^^^^^^^^
  File "E:\formis_app\.env\Lib\site-packages\django\template\base.py", line 163, in _render
    return self.nodelist.render(context)
           ^^^^^^^^^^^^^^^^^^^^^^^^^^^^^
  File "E:\formis_app\.env\Lib\site-packages\django\template\base.py", line 1016, in render
    return SafeString("".join([node.render_annotated(context) for node in self]))
                               ^^^^^^^^^^^^^^^^^^^^^^^^^^^^^^
  File "E:\formis_app\.env\Lib\site-packages\django\template\base.py", line 977, in render_annotated
    return self.render(context)
           ^^^^^^^^^^^^^^^^^^^^
  File "E:\formis_app\.env\Lib\site-packages\django\template\loader_tags.py", line 159, in render
    return compiled_parent._render(context)
           ^^^^^^^^^^^^^^^^^^^^^^^^^^^^^^^^
  File "E:\formis_app\.env\Lib\site-packages\django\template\base.py", line 163, in _render
    return self.nodelist.render(context)
           ^^^^^^^^^^^^^^^^^^^^^^^^^^^^^
  File "E:\formis_app\.env\Lib\site-packages\django\template\base.py", line 1016, in render
    return SafeString("".join([node.render_annotated(context) for node in self]))
                               ^^^^^^^^^^^^^^^^^^^^^^^^^^^^^^
  File "E:\formis_app\.env\Lib\site-packages\django\template\base.py", line 977, in render_annotated
    return self.render(context)
           ^^^^^^^^^^^^^^^^^^^^
  File "E:\formis_app\.env\Lib\site-packages\django\template\loader_tags.py", line 210, in render
    return template.render(context)
           ^^^^^^^^^^^^^^^^^^^^^^^^
  File "E:\formis_app\.env\Lib\site-packages\django\template\base.py", line 173, in render
    return self._render(context)
           ^^^^^^^^^^^^^^^^^^^^^
  File "E:\formis_app\.env\Lib\site-packages\django\template\base.py", line 163, in _render
    return self.nodelist.render(context)
           ^^^^^^^^^^^^^^^^^^^^^^^^^^^^^
  File "E:\formis_app\.env\Lib\site-packages\django\template\base.py", line 1016, in render
    return SafeString("".join([node.render_annotated(context) for node in self]))
                               ^^^^^^^^^^^^^^^^^^^^^^^^^^^^^^
  File "E:\formis_app\.env\Lib\site-packages\django\template\base.py", line 977, in render_annotated
    return self.render(context)
           ^^^^^^^^^^^^^^^^^^^^
  File "E:\formis_app\.env\Lib\site-packages\django\template\defaulttags.py", line 327, in render
    return nodelist.render(context)
           ^^^^^^^^^^^^^^^^^^^^^^^^
  File "E:\formis_app\.env\Lib\site-packages\django\template\base.py", line 1016, in render
    return SafeString("".join([node.render_annotated(context) for node in self]))
                               ^^^^^^^^^^^^^^^^^^^^^^^^^^^^^^
  File "E:\formis_app\.env\Lib\site-packages\django\template\base.py", line 977, in render_annotated
    return self.render(context)
           ^^^^^^^^^^^^^^^^^^^^
  File "E:\formis_app\.env\Lib\site-packages\django\template\defaulttags.py", line 480, in render
    url = reverse(view_name, args=args, kwargs=kwargs, current_app=current_app)
          ^^^^^^^^^^^^^^^^^^^^^^^^^^^^^^^^^^^^^^^^^^^^^^^^^^^^^^^^^^^^^^^^^^^^^
  File "E:\formis_app\.env\Lib\site-packages\django\urls\base.py", line 98, in reverse
    resolved_url = resolver._reverse_with_prefix(view, prefix, *args, **kwargs)
                   ^^^^^^^^^^^^^^^^^^^^^^^^^^^^^^^^^^^^^^^^^^^^^^^^^^^^^^^^^^^^
  File "E:\formis_app\.env\Lib\site-packages\django\urls\resolvers.py", line 831, in _reverse_with_prefix
    raise NoReverseMatch(msg)
django.urls.exceptions.NoReverseMatch: Reverse for 'comptable_comptes' not found. 'comptable_comptes' is not a valid view function or pattern name.
ERROR 2025-11-13 02:29:42,011 basehttp "GET /dashboard/comptable/ HTTP/1.1" 500 203766
ERROR 2025-11-13 02:30:10,568 log Internal Server Error: /dashboard/comptable/
Traceback (most recent call last):
  File "E:\formis_app\.env\Lib\site-packages\django\core\handlers\exception.py", line 55, in inner
    response = get_response(request)
               ^^^^^^^^^^^^^^^^^^^^^
  File "E:\formis_app\.env\Lib\site-packages\django\core\handlers\base.py", line 220, in _get_response
    response = response.render()
               ^^^^^^^^^^^^^^^^^
  File "E:\formis_app\.env\Lib\site-packages\django\template\response.py", line 114, in render
    self.content = self.rendered_content
                   ^^^^^^^^^^^^^^^^^^^^^
  File "E:\formis_app\.env\Lib\site-packages\django\template\response.py", line 92, in rendered_content
    return template.render(context, self._request)
           ^^^^^^^^^^^^^^^^^^^^^^^^^^^^^^^^^^^^^^^
  File "E:\formis_app\.env\Lib\site-packages\django\template\backends\django.py", line 107, in render
    return self.template.render(context)
           ^^^^^^^^^^^^^^^^^^^^^^^^^^^^^
  File "E:\formis_app\.env\Lib\site-packages\django\template\base.py", line 171, in render
    return self._render(context)
           ^^^^^^^^^^^^^^^^^^^^^
  File "E:\formis_app\.env\Lib\site-packages\django\template\base.py", line 163, in _render
    return self.nodelist.render(context)
           ^^^^^^^^^^^^^^^^^^^^^^^^^^^^^
  File "E:\formis_app\.env\Lib\site-packages\django\template\base.py", line 1016, in render
    return SafeString("".join([node.render_annotated(context) for node in self]))
                               ^^^^^^^^^^^^^^^^^^^^^^^^^^^^^^
  File "E:\formis_app\.env\Lib\site-packages\django\template\base.py", line 977, in render_annotated
    return self.render(context)
           ^^^^^^^^^^^^^^^^^^^^
  File "E:\formis_app\.env\Lib\site-packages\django\template\loader_tags.py", line 159, in render
    return compiled_parent._render(context)
           ^^^^^^^^^^^^^^^^^^^^^^^^^^^^^^^^
  File "E:\formis_app\.env\Lib\site-packages\django\template\base.py", line 163, in _render
    return self.nodelist.render(context)
           ^^^^^^^^^^^^^^^^^^^^^^^^^^^^^
  File "E:\formis_app\.env\Lib\site-packages\django\template\base.py", line 1016, in render
    return SafeString("".join([node.render_annotated(context) for node in self]))
                               ^^^^^^^^^^^^^^^^^^^^^^^^^^^^^^
  File "E:\formis_app\.env\Lib\site-packages\django\template\base.py", line 977, in render_annotated
    return self.render(context)
           ^^^^^^^^^^^^^^^^^^^^
  File "E:\formis_app\.env\Lib\site-packages\django\template\loader_tags.py", line 210, in render
    return template.render(context)
           ^^^^^^^^^^^^^^^^^^^^^^^^
  File "E:\formis_app\.env\Lib\site-packages\django\template\base.py", line 173, in render
    return self._render(context)
           ^^^^^^^^^^^^^^^^^^^^^
  File "E:\formis_app\.env\Lib\site-packages\django\template\base.py", line 163, in _render
    return self.nodelist.render(context)
           ^^^^^^^^^^^^^^^^^^^^^^^^^^^^^
  File "E:\formis_app\.env\Lib\site-packages\django\template\base.py", line 1016, in render
    return SafeString("".join([node.render_annotated(context) for node in self]))
                               ^^^^^^^^^^^^^^^^^^^^^^^^^^^^^^
  File "E:\formis_app\.env\Lib\site-packages\django\template\base.py", line 977, in render_annotated
    return self.render(context)
           ^^^^^^^^^^^^^^^^^^^^
  File "E:\formis_app\.env\Lib\site-packages\django\template\defaulttags.py", line 327, in render
    return nodelist.render(context)
           ^^^^^^^^^^^^^^^^^^^^^^^^
  File "E:\formis_app\.env\Lib\site-packages\django\template\base.py", line 1016, in render
    return SafeString("".join([node.render_annotated(context) for node in self]))
                               ^^^^^^^^^^^^^^^^^^^^^^^^^^^^^^
  File "E:\formis_app\.env\Lib\site-packages\django\template\base.py", line 977, in render_annotated
    return self.render(context)
           ^^^^^^^^^^^^^^^^^^^^
  File "E:\formis_app\.env\Lib\site-packages\django\template\defaulttags.py", line 480, in render
    url = reverse(view_name, args=args, kwargs=kwargs, current_app=current_app)
          ^^^^^^^^^^^^^^^^^^^^^^^^^^^^^^^^^^^^^^^^^^^^^^^^^^^^^^^^^^^^^^^^^^^^^
  File "E:\formis_app\.env\Lib\site-packages\django\urls\base.py", line 98, in reverse
    resolved_url = resolver._reverse_with_prefix(view, prefix, *args, **kwargs)
                   ^^^^^^^^^^^^^^^^^^^^^^^^^^^^^^^^^^^^^^^^^^^^^^^^^^^^^^^^^^^^
  File "E:\formis_app\.env\Lib\site-packages\django\urls\resolvers.py", line 831, in _reverse_with_prefix
    raise NoReverseMatch(msg)
django.urls.exceptions.NoReverseMatch: Reverse for 'comptable_budget' not found. 'comptable_budget' is not a valid view function or pattern name.
ERROR 2025-11-13 02:30:10,604 basehttp "GET /dashboard/comptable/ HTTP/1.1" 500 203455
INFO 2025-11-13 02:30:51,966 basehttp "GET /dashboard/comptable/ HTTP/1.1" 200 53548
INFO 2025-11-13 02:33:17,758 basehttp "GET /dashboard/comptable/ HTTP/1.1" 200 53684
INFO 2025-11-13 02:34:32,956 basehttp "GET /dashboard/comptable/rapports/ HTTP/1.1" 200 0
INFO 2025-11-13 02:36:17,230 autoreload E:\formis_app\_formis\apps\accounting\admin.py changed, reloading.
INFO 2025-11-13 02:36:18,929 autoreload Watching for file changes with StatReloader
ERROR 2025-11-13 02:42:51,511 log Internal Server Error: /dashboard/comptable/factures/
Traceback (most recent call last):
  File "E:\formis_app\.env\Lib\site-packages\django\core\handlers\exception.py", line 55, in inner
    response = get_response(request)
               ^^^^^^^^^^^^^^^^^^^^^
  File "E:\formis_app\.env\Lib\site-packages\django\core\handlers\base.py", line 220, in _get_response
    response = response.render()
               ^^^^^^^^^^^^^^^^^
  File "E:\formis_app\.env\Lib\site-packages\django\template\response.py", line 114, in render
    self.content = self.rendered_content
                   ^^^^^^^^^^^^^^^^^^^^^
  File "E:\formis_app\.env\Lib\site-packages\django\template\response.py", line 92, in rendered_content
    return template.render(context, self._request)
           ^^^^^^^^^^^^^^^^^^^^^^^^^^^^^^^^^^^^^^^
  File "E:\formis_app\.env\Lib\site-packages\django\template\backends\django.py", line 107, in render
    return self.template.render(context)
           ^^^^^^^^^^^^^^^^^^^^^^^^^^^^^
  File "E:\formis_app\.env\Lib\site-packages\django\template\base.py", line 171, in render
    return self._render(context)
           ^^^^^^^^^^^^^^^^^^^^^
  File "E:\formis_app\.env\Lib\site-packages\django\template\base.py", line 163, in _render
    return self.nodelist.render(context)
           ^^^^^^^^^^^^^^^^^^^^^^^^^^^^^
  File "E:\formis_app\.env\Lib\site-packages\django\template\base.py", line 1016, in render
    return SafeString("".join([node.render_annotated(context) for node in self]))
                               ^^^^^^^^^^^^^^^^^^^^^^^^^^^^^^
  File "E:\formis_app\.env\Lib\site-packages\django\template\base.py", line 977, in render_annotated
    return self.render(context)
           ^^^^^^^^^^^^^^^^^^^^
  File "E:\formis_app\.env\Lib\site-packages\django\template\loader_tags.py", line 159, in render
    return compiled_parent._render(context)
           ^^^^^^^^^^^^^^^^^^^^^^^^^^^^^^^^
  File "E:\formis_app\.env\Lib\site-packages\django\template\base.py", line 163, in _render
    return self.nodelist.render(context)
           ^^^^^^^^^^^^^^^^^^^^^^^^^^^^^
  File "E:\formis_app\.env\Lib\site-packages\django\template\base.py", line 1016, in render
    return SafeString("".join([node.render_annotated(context) for node in self]))
                               ^^^^^^^^^^^^^^^^^^^^^^^^^^^^^^
  File "E:\formis_app\.env\Lib\site-packages\django\template\base.py", line 977, in render_annotated
    return self.render(context)
           ^^^^^^^^^^^^^^^^^^^^
  File "E:\formis_app\.env\Lib\site-packages\django\template\loader_tags.py", line 65, in render
    result = block.nodelist.render(context)
             ^^^^^^^^^^^^^^^^^^^^^^^^^^^^^^
  File "E:\formis_app\.env\Lib\site-packages\django\template\base.py", line 1016, in render
    return SafeString("".join([node.render_annotated(context) for node in self]))
                               ^^^^^^^^^^^^^^^^^^^^^^^^^^^^^^
  File "E:\formis_app\.env\Lib\site-packages\django\template\base.py", line 977, in render_annotated
    return self.render(context)
           ^^^^^^^^^^^^^^^^^^^^
  File "E:\formis_app\.env\Lib\site-packages\django\template\defaulttags.py", line 480, in render
    url = reverse(view_name, args=args, kwargs=kwargs, current_app=current_app)
          ^^^^^^^^^^^^^^^^^^^^^^^^^^^^^^^^^^^^^^^^^^^^^^^^^^^^^^^^^^^^^^^^^^^^^
  File "E:\formis_app\.env\Lib\site-packages\django\urls\base.py", line 98, in reverse
    resolved_url = resolver._reverse_with_prefix(view, prefix, *args, **kwargs)
                   ^^^^^^^^^^^^^^^^^^^^^^^^^^^^^^^^^^^^^^^^^^^^^^^^^^^^^^^^^^^^
  File "E:\formis_app\.env\Lib\site-packages\django\urls\resolvers.py", line 831, in _reverse_with_prefix
    raise NoReverseMatch(msg)
django.urls.exceptions.NoReverseMatch: Reverse for 'comptable_facture_create' not found. 'comptable_facture_create' is not a valid view function or pattern name.
ERROR 2025-11-13 02:42:51,538 basehttp "GET /dashboard/comptable/factures/ HTTP/1.1" 500 166737
ERROR 2025-11-13 02:43:45,372 log Internal Server Error: /dashboard/comptable/factures/
Traceback (most recent call last):
  File "E:\formis_app\.env\Lib\site-packages\django\core\handlers\exception.py", line 55, in inner
    response = get_response(request)
               ^^^^^^^^^^^^^^^^^^^^^
  File "E:\formis_app\.env\Lib\site-packages\django\core\handlers\base.py", line 220, in _get_response
    response = response.render()
               ^^^^^^^^^^^^^^^^^
  File "E:\formis_app\.env\Lib\site-packages\django\template\response.py", line 114, in render
    self.content = self.rendered_content
                   ^^^^^^^^^^^^^^^^^^^^^
  File "E:\formis_app\.env\Lib\site-packages\django\template\response.py", line 92, in rendered_content
    return template.render(context, self._request)
           ^^^^^^^^^^^^^^^^^^^^^^^^^^^^^^^^^^^^^^^
  File "E:\formis_app\.env\Lib\site-packages\django\template\backends\django.py", line 107, in render
    return self.template.render(context)
           ^^^^^^^^^^^^^^^^^^^^^^^^^^^^^
  File "E:\formis_app\.env\Lib\site-packages\django\template\base.py", line 171, in render
    return self._render(context)
           ^^^^^^^^^^^^^^^^^^^^^
  File "E:\formis_app\.env\Lib\site-packages\django\template\base.py", line 163, in _render
    return self.nodelist.render(context)
           ^^^^^^^^^^^^^^^^^^^^^^^^^^^^^
  File "E:\formis_app\.env\Lib\site-packages\django\template\base.py", line 1016, in render
    return SafeString("".join([node.render_annotated(context) for node in self]))
                               ^^^^^^^^^^^^^^^^^^^^^^^^^^^^^^
  File "E:\formis_app\.env\Lib\site-packages\django\template\base.py", line 977, in render_annotated
    return self.render(context)
           ^^^^^^^^^^^^^^^^^^^^
  File "E:\formis_app\.env\Lib\site-packages\django\template\loader_tags.py", line 159, in render
    return compiled_parent._render(context)
           ^^^^^^^^^^^^^^^^^^^^^^^^^^^^^^^^
  File "E:\formis_app\.env\Lib\site-packages\django\template\base.py", line 163, in _render
    return self.nodelist.render(context)
           ^^^^^^^^^^^^^^^^^^^^^^^^^^^^^
  File "E:\formis_app\.env\Lib\site-packages\django\template\base.py", line 1016, in render
    return SafeString("".join([node.render_annotated(context) for node in self]))
                               ^^^^^^^^^^^^^^^^^^^^^^^^^^^^^^
  File "E:\formis_app\.env\Lib\site-packages\django\template\base.py", line 977, in render_annotated
    return self.render(context)
           ^^^^^^^^^^^^^^^^^^^^
  File "E:\formis_app\.env\Lib\site-packages\django\template\loader_tags.py", line 65, in render
    result = block.nodelist.render(context)
             ^^^^^^^^^^^^^^^^^^^^^^^^^^^^^^
  File "E:\formis_app\.env\Lib\site-packages\django\template\base.py", line 1016, in render
    return SafeString("".join([node.render_annotated(context) for node in self]))
                               ^^^^^^^^^^^^^^^^^^^^^^^^^^^^^^
  File "E:\formis_app\.env\Lib\site-packages\django\template\base.py", line 977, in render_annotated
    return self.render(context)
           ^^^^^^^^^^^^^^^^^^^^
  File "E:\formis_app\.env\Lib\site-packages\django\template\defaulttags.py", line 201, in render
    return self.nodelist_empty.render(context)
           ^^^^^^^^^^^^^^^^^^^^^^^^^^^^^^^^^^^
  File "E:\formis_app\.env\Lib\site-packages\django\template\base.py", line 1016, in render
    return SafeString("".join([node.render_annotated(context) for node in self]))
                               ^^^^^^^^^^^^^^^^^^^^^^^^^^^^^^
  File "E:\formis_app\.env\Lib\site-packages\django\template\base.py", line 977, in render_annotated
    return self.render(context)
           ^^^^^^^^^^^^^^^^^^^^
  File "E:\formis_app\.env\Lib\site-packages\django\template\defaulttags.py", line 480, in render
    url = reverse(view_name, args=args, kwargs=kwargs, current_app=current_app)
          ^^^^^^^^^^^^^^^^^^^^^^^^^^^^^^^^^^^^^^^^^^^^^^^^^^^^^^^^^^^^^^^^^^^^^
  File "E:\formis_app\.env\Lib\site-packages\django\urls\base.py", line 98, in reverse
    resolved_url = resolver._reverse_with_prefix(view, prefix, *args, **kwargs)
                   ^^^^^^^^^^^^^^^^^^^^^^^^^^^^^^^^^^^^^^^^^^^^^^^^^^^^^^^^^^^^
  File "E:\formis_app\.env\Lib\site-packages\django\urls\resolvers.py", line 831, in _reverse_with_prefix
    raise NoReverseMatch(msg)
django.urls.exceptions.NoReverseMatch: Reverse for 'comptable_facture_create' not found. 'comptable_facture_create' is not a valid view function or pattern name.
ERROR 2025-11-13 02:43:45,378 basehttp "GET /dashboard/comptable/factures/ HTTP/1.1" 500 180534
INFO 2025-11-13 02:44:32,237 basehttp "GET /dashboard/comptable/factures/ HTTP/1.1" 200 47540
INFO 2025-11-13 02:45:49,019 basehttp "GET /dashboard/comptable/paiements/ HTTP/1.1" 200 48792
ERROR 2025-11-13 02:46:54,050 log Internal Server Error: /dashboard/comptable/depenses/
Traceback (most recent call last):
  File "E:\formis_app\.env\Lib\site-packages\django\core\handlers\exception.py", line 55, in inner
    response = get_response(request)
               ^^^^^^^^^^^^^^^^^^^^^
  File "E:\formis_app\.env\Lib\site-packages\django\core\handlers\base.py", line 220, in _get_response
    response = response.render()
               ^^^^^^^^^^^^^^^^^
  File "E:\formis_app\.env\Lib\site-packages\django\template\response.py", line 114, in render
    self.content = self.rendered_content
                   ^^^^^^^^^^^^^^^^^^^^^
  File "E:\formis_app\.env\Lib\site-packages\django\template\response.py", line 92, in rendered_content
    return template.render(context, self._request)
           ^^^^^^^^^^^^^^^^^^^^^^^^^^^^^^^^^^^^^^^
  File "E:\formis_app\.env\Lib\site-packages\django\template\backends\django.py", line 107, in render
    return self.template.render(context)
           ^^^^^^^^^^^^^^^^^^^^^^^^^^^^^
  File "E:\formis_app\.env\Lib\site-packages\django\template\base.py", line 171, in render
    return self._render(context)
           ^^^^^^^^^^^^^^^^^^^^^
  File "E:\formis_app\.env\Lib\site-packages\django\template\base.py", line 163, in _render
    return self.nodelist.render(context)
           ^^^^^^^^^^^^^^^^^^^^^^^^^^^^^
  File "E:\formis_app\.env\Lib\site-packages\django\template\base.py", line 1016, in render
    return SafeString("".join([node.render_annotated(context) for node in self]))
                               ^^^^^^^^^^^^^^^^^^^^^^^^^^^^^^
  File "E:\formis_app\.env\Lib\site-packages\django\template\base.py", line 977, in render_annotated
    return self.render(context)
           ^^^^^^^^^^^^^^^^^^^^
  File "E:\formis_app\.env\Lib\site-packages\django\template\loader_tags.py", line 159, in render
    return compiled_parent._render(context)
           ^^^^^^^^^^^^^^^^^^^^^^^^^^^^^^^^
  File "E:\formis_app\.env\Lib\site-packages\django\template\base.py", line 163, in _render
    return self.nodelist.render(context)
           ^^^^^^^^^^^^^^^^^^^^^^^^^^^^^
  File "E:\formis_app\.env\Lib\site-packages\django\template\base.py", line 1016, in render
    return SafeString("".join([node.render_annotated(context) for node in self]))
                               ^^^^^^^^^^^^^^^^^^^^^^^^^^^^^^
  File "E:\formis_app\.env\Lib\site-packages\django\template\base.py", line 977, in render_annotated
    return self.render(context)
           ^^^^^^^^^^^^^^^^^^^^
  File "E:\formis_app\.env\Lib\site-packages\django\template\loader_tags.py", line 65, in render
    result = block.nodelist.render(context)
             ^^^^^^^^^^^^^^^^^^^^^^^^^^^^^^
  File "E:\formis_app\.env\Lib\site-packages\django\template\base.py", line 1016, in render
    return SafeString("".join([node.render_annotated(context) for node in self]))
                               ^^^^^^^^^^^^^^^^^^^^^^^^^^^^^^
  File "E:\formis_app\.env\Lib\site-packages\django\template\base.py", line 977, in render_annotated
    return self.render(context)
           ^^^^^^^^^^^^^^^^^^^^
  File "E:\formis_app\.env\Lib\site-packages\django\template\defaulttags.py", line 480, in render
    url = reverse(view_name, args=args, kwargs=kwargs, current_app=current_app)
          ^^^^^^^^^^^^^^^^^^^^^^^^^^^^^^^^^^^^^^^^^^^^^^^^^^^^^^^^^^^^^^^^^^^^^
  File "E:\formis_app\.env\Lib\site-packages\django\urls\base.py", line 98, in reverse
    resolved_url = resolver._reverse_with_prefix(view, prefix, *args, **kwargs)
                   ^^^^^^^^^^^^^^^^^^^^^^^^^^^^^^^^^^^^^^^^^^^^^^^^^^^^^^^^^^^^
  File "E:\formis_app\.env\Lib\site-packages\django\urls\resolvers.py", line 831, in _reverse_with_prefix
    raise NoReverseMatch(msg)
django.urls.exceptions.NoReverseMatch: Reverse for 'comptable_depense_create' not found. 'comptable_depense_create' is not a valid view function or pattern name.
ERROR 2025-11-13 02:46:54,072 basehttp "GET /dashboard/comptable/depenses/ HTTP/1.1" 500 168938
ERROR 2025-11-13 02:47:46,714 log Internal Server Error: /dashboard/comptable/depenses/
Traceback (most recent call last):
  File "E:\formis_app\.env\Lib\site-packages\django\core\handlers\exception.py", line 55, in inner
    response = get_response(request)
               ^^^^^^^^^^^^^^^^^^^^^
  File "E:\formis_app\.env\Lib\site-packages\django\core\handlers\base.py", line 220, in _get_response
    response = response.render()
               ^^^^^^^^^^^^^^^^^
  File "E:\formis_app\.env\Lib\site-packages\django\template\response.py", line 114, in render
    self.content = self.rendered_content
                   ^^^^^^^^^^^^^^^^^^^^^
  File "E:\formis_app\.env\Lib\site-packages\django\template\response.py", line 92, in rendered_content
    return template.render(context, self._request)
           ^^^^^^^^^^^^^^^^^^^^^^^^^^^^^^^^^^^^^^^
  File "E:\formis_app\.env\Lib\site-packages\django\template\backends\django.py", line 107, in render
    return self.template.render(context)
           ^^^^^^^^^^^^^^^^^^^^^^^^^^^^^
  File "E:\formis_app\.env\Lib\site-packages\django\template\base.py", line 171, in render
    return self._render(context)
           ^^^^^^^^^^^^^^^^^^^^^
  File "E:\formis_app\.env\Lib\site-packages\django\template\base.py", line 163, in _render
    return self.nodelist.render(context)
           ^^^^^^^^^^^^^^^^^^^^^^^^^^^^^
  File "E:\formis_app\.env\Lib\site-packages\django\template\base.py", line 1016, in render
    return SafeString("".join([node.render_annotated(context) for node in self]))
                               ^^^^^^^^^^^^^^^^^^^^^^^^^^^^^^
  File "E:\formis_app\.env\Lib\site-packages\django\template\base.py", line 977, in render_annotated
    return self.render(context)
           ^^^^^^^^^^^^^^^^^^^^
  File "E:\formis_app\.env\Lib\site-packages\django\template\loader_tags.py", line 159, in render
    return compiled_parent._render(context)
           ^^^^^^^^^^^^^^^^^^^^^^^^^^^^^^^^
  File "E:\formis_app\.env\Lib\site-packages\django\template\base.py", line 163, in _render
    return self.nodelist.render(context)
           ^^^^^^^^^^^^^^^^^^^^^^^^^^^^^
  File "E:\formis_app\.env\Lib\site-packages\django\template\base.py", line 1016, in render
    return SafeString("".join([node.render_annotated(context) for node in self]))
                               ^^^^^^^^^^^^^^^^^^^^^^^^^^^^^^
  File "E:\formis_app\.env\Lib\site-packages\django\template\base.py", line 977, in render_annotated
    return self.render(context)
           ^^^^^^^^^^^^^^^^^^^^
  File "E:\formis_app\.env\Lib\site-packages\django\template\loader_tags.py", line 65, in render
    result = block.nodelist.render(context)
             ^^^^^^^^^^^^^^^^^^^^^^^^^^^^^^
  File "E:\formis_app\.env\Lib\site-packages\django\template\base.py", line 1016, in render
    return SafeString("".join([node.render_annotated(context) for node in self]))
                               ^^^^^^^^^^^^^^^^^^^^^^^^^^^^^^
  File "E:\formis_app\.env\Lib\site-packages\django\template\base.py", line 977, in render_annotated
    return self.render(context)
           ^^^^^^^^^^^^^^^^^^^^
  File "E:\formis_app\.env\Lib\site-packages\django\template\defaulttags.py", line 201, in render
    return self.nodelist_empty.render(context)
           ^^^^^^^^^^^^^^^^^^^^^^^^^^^^^^^^^^^
  File "E:\formis_app\.env\Lib\site-packages\django\template\base.py", line 1016, in render
    return SafeString("".join([node.render_annotated(context) for node in self]))
                               ^^^^^^^^^^^^^^^^^^^^^^^^^^^^^^
  File "E:\formis_app\.env\Lib\site-packages\django\template\base.py", line 977, in render_annotated
    return self.render(context)
           ^^^^^^^^^^^^^^^^^^^^
  File "E:\formis_app\.env\Lib\site-packages\django\template\defaulttags.py", line 480, in render
    url = reverse(view_name, args=args, kwargs=kwargs, current_app=current_app)
          ^^^^^^^^^^^^^^^^^^^^^^^^^^^^^^^^^^^^^^^^^^^^^^^^^^^^^^^^^^^^^^^^^^^^^
  File "E:\formis_app\.env\Lib\site-packages\django\urls\base.py", line 98, in reverse
    resolved_url = resolver._reverse_with_prefix(view, prefix, *args, **kwargs)
                   ^^^^^^^^^^^^^^^^^^^^^^^^^^^^^^^^^^^^^^^^^^^^^^^^^^^^^^^^^^^^
  File "E:\formis_app\.env\Lib\site-packages\django\urls\resolvers.py", line 831, in _reverse_with_prefix
    raise NoReverseMatch(msg)
django.urls.exceptions.NoReverseMatch: Reverse for 'comptable_depense_create' not found. 'comptable_depense_create' is not a valid view function or pattern name.
ERROR 2025-11-13 02:47:46,720 basehttp "GET /dashboard/comptable/depenses/ HTTP/1.1" 500 182737
ERROR 2025-11-13 02:48:15,123 log Internal Server Error: /dashboard/comptable/depenses/
Traceback (most recent call last):
  File "E:\formis_app\.env\Lib\site-packages\django\core\handlers\exception.py", line 55, in inner
    response = get_response(request)
               ^^^^^^^^^^^^^^^^^^^^^
  File "E:\formis_app\.env\Lib\site-packages\django\core\handlers\base.py", line 220, in _get_response
    response = response.render()
               ^^^^^^^^^^^^^^^^^
  File "E:\formis_app\.env\Lib\site-packages\django\template\response.py", line 114, in render
    self.content = self.rendered_content
                   ^^^^^^^^^^^^^^^^^^^^^
  File "E:\formis_app\.env\Lib\site-packages\django\template\response.py", line 92, in rendered_content
    return template.render(context, self._request)
           ^^^^^^^^^^^^^^^^^^^^^^^^^^^^^^^^^^^^^^^
  File "E:\formis_app\.env\Lib\site-packages\django\template\backends\django.py", line 107, in render
    return self.template.render(context)
           ^^^^^^^^^^^^^^^^^^^^^^^^^^^^^
  File "E:\formis_app\.env\Lib\site-packages\django\template\base.py", line 171, in render
    return self._render(context)
           ^^^^^^^^^^^^^^^^^^^^^
  File "E:\formis_app\.env\Lib\site-packages\django\template\base.py", line 163, in _render
    return self.nodelist.render(context)
           ^^^^^^^^^^^^^^^^^^^^^^^^^^^^^
  File "E:\formis_app\.env\Lib\site-packages\django\template\base.py", line 1016, in render
    return SafeString("".join([node.render_annotated(context) for node in self]))
                               ^^^^^^^^^^^^^^^^^^^^^^^^^^^^^^
  File "E:\formis_app\.env\Lib\site-packages\django\template\base.py", line 977, in render_annotated
    return self.render(context)
           ^^^^^^^^^^^^^^^^^^^^
  File "E:\formis_app\.env\Lib\site-packages\django\template\loader_tags.py", line 159, in render
    return compiled_parent._render(context)
           ^^^^^^^^^^^^^^^^^^^^^^^^^^^^^^^^
  File "E:\formis_app\.env\Lib\site-packages\django\template\base.py", line 163, in _render
    return self.nodelist.render(context)
           ^^^^^^^^^^^^^^^^^^^^^^^^^^^^^
  File "E:\formis_app\.env\Lib\site-packages\django\template\base.py", line 1016, in render
    return SafeString("".join([node.render_annotated(context) for node in self]))
                               ^^^^^^^^^^^^^^^^^^^^^^^^^^^^^^
  File "E:\formis_app\.env\Lib\site-packages\django\template\base.py", line 977, in render_annotated
    return self.render(context)
           ^^^^^^^^^^^^^^^^^^^^
  File "E:\formis_app\.env\Lib\site-packages\django\template\loader_tags.py", line 65, in render
    result = block.nodelist.render(context)
             ^^^^^^^^^^^^^^^^^^^^^^^^^^^^^^
  File "E:\formis_app\.env\Lib\site-packages\django\template\base.py", line 1016, in render
    return SafeString("".join([node.render_annotated(context) for node in self]))
                               ^^^^^^^^^^^^^^^^^^^^^^^^^^^^^^
  File "E:\formis_app\.env\Lib\site-packages\django\template\base.py", line 977, in render_annotated
    return self.render(context)
           ^^^^^^^^^^^^^^^^^^^^
  File "E:\formis_app\.env\Lib\site-packages\django\template\defaulttags.py", line 480, in render
    url = reverse(view_name, args=args, kwargs=kwargs, current_app=current_app)
          ^^^^^^^^^^^^^^^^^^^^^^^^^^^^^^^^^^^^^^^^^^^^^^^^^^^^^^^^^^^^^^^^^^^^^
  File "E:\formis_app\.env\Lib\site-packages\django\urls\base.py", line 98, in reverse
    resolved_url = resolver._reverse_with_prefix(view, prefix, *args, **kwargs)
                   ^^^^^^^^^^^^^^^^^^^^^^^^^^^^^^^^^^^^^^^^^^^^^^^^^^^^^^^^^^^^
  File "E:\formis_app\.env\Lib\site-packages\django\urls\resolvers.py", line 831, in _reverse_with_prefix
    raise NoReverseMatch(msg)
django.urls.exceptions.NoReverseMatch: Reverse for 'comptable_depense_approuver' not found. 'comptable_depense_approuver' is not a valid view function or pattern name.
ERROR 2025-11-13 02:48:15,130 basehttp "GET /dashboard/comptable/depenses/ HTTP/1.1" 500 167091
INFO 2025-11-13 02:49:25,776 basehttp "GET /dashboard/comptable/depenses/ HTTP/1.1" 200 46908
ERROR 2025-11-13 02:50:58,298 log Internal Server Error: /dashboard/comptable/rapports/
Traceback (most recent call last):
  File "E:\formis_app\.env\Lib\site-packages\django\core\handlers\exception.py", line 55, in inner
    response = get_response(request)
               ^^^^^^^^^^^^^^^^^^^^^
  File "E:\formis_app\.env\Lib\site-packages\django\core\handlers\base.py", line 220, in _get_response
    response = response.render()
               ^^^^^^^^^^^^^^^^^
  File "E:\formis_app\.env\Lib\site-packages\django\template\response.py", line 114, in render
    self.content = self.rendered_content
                   ^^^^^^^^^^^^^^^^^^^^^
  File "E:\formis_app\.env\Lib\site-packages\django\template\response.py", line 92, in rendered_content
    return template.render(context, self._request)
           ^^^^^^^^^^^^^^^^^^^^^^^^^^^^^^^^^^^^^^^
  File "E:\formis_app\.env\Lib\site-packages\django\template\backends\django.py", line 107, in render
    return self.template.render(context)
           ^^^^^^^^^^^^^^^^^^^^^^^^^^^^^
  File "E:\formis_app\.env\Lib\site-packages\django\template\base.py", line 171, in render
    return self._render(context)
           ^^^^^^^^^^^^^^^^^^^^^
  File "E:\formis_app\.env\Lib\site-packages\django\template\base.py", line 163, in _render
    return self.nodelist.render(context)
           ^^^^^^^^^^^^^^^^^^^^^^^^^^^^^
  File "E:\formis_app\.env\Lib\site-packages\django\template\base.py", line 1016, in render
    return SafeString("".join([node.render_annotated(context) for node in self]))
                               ^^^^^^^^^^^^^^^^^^^^^^^^^^^^^^
  File "E:\formis_app\.env\Lib\site-packages\django\template\base.py", line 977, in render_annotated
    return self.render(context)
           ^^^^^^^^^^^^^^^^^^^^
  File "E:\formis_app\.env\Lib\site-packages\django\template\loader_tags.py", line 159, in render
    return compiled_parent._render(context)
           ^^^^^^^^^^^^^^^^^^^^^^^^^^^^^^^^
  File "E:\formis_app\.env\Lib\site-packages\django\template\base.py", line 163, in _render
    return self.nodelist.render(context)
           ^^^^^^^^^^^^^^^^^^^^^^^^^^^^^
  File "E:\formis_app\.env\Lib\site-packages\django\template\base.py", line 1016, in render
    return SafeString("".join([node.render_annotated(context) for node in self]))
                               ^^^^^^^^^^^^^^^^^^^^^^^^^^^^^^
  File "E:\formis_app\.env\Lib\site-packages\django\template\base.py", line 977, in render_annotated
    return self.render(context)
           ^^^^^^^^^^^^^^^^^^^^
  File "E:\formis_app\.env\Lib\site-packages\django\template\loader_tags.py", line 65, in render
    result = block.nodelist.render(context)
             ^^^^^^^^^^^^^^^^^^^^^^^^^^^^^^
  File "E:\formis_app\.env\Lib\site-packages\django\template\base.py", line 1016, in render
    return SafeString("".join([node.render_annotated(context) for node in self]))
                               ^^^^^^^^^^^^^^^^^^^^^^^^^^^^^^
  File "E:\formis_app\.env\Lib\site-packages\django\template\base.py", line 977, in render_annotated
    return self.render(context)
           ^^^^^^^^^^^^^^^^^^^^
  File "E:\formis_app\.env\Lib\site-packages\django\template\defaulttags.py", line 480, in render
    url = reverse(view_name, args=args, kwargs=kwargs, current_app=current_app)
          ^^^^^^^^^^^^^^^^^^^^^^^^^^^^^^^^^^^^^^^^^^^^^^^^^^^^^^^^^^^^^^^^^^^^^
  File "E:\formis_app\.env\Lib\site-packages\django\urls\base.py", line 98, in reverse
    resolved_url = resolver._reverse_with_prefix(view, prefix, *args, **kwargs)
                   ^^^^^^^^^^^^^^^^^^^^^^^^^^^^^^^^^^^^^^^^^^^^^^^^^^^^^^^^^^^^
  File "E:\formis_app\.env\Lib\site-packages\django\urls\resolvers.py", line 831, in _reverse_with_prefix
    raise NoReverseMatch(msg)
django.urls.exceptions.NoReverseMatch: Reverse for 'comptable_rapport_balance' not found. 'comptable_rapport_balance' is not a valid view function or pattern name.
ERROR 2025-11-13 02:50:58,332 basehttp "GET /dashboard/comptable/rapports/ HTTP/1.1" 500 172788
INFO 2025-11-13 02:52:14,512 basehttp "GET /dashboard/comptable/rapports/ HTTP/1.1" 200 52029
INFO 2025-11-13 03:52:52,816 basehttp "GET /dashboard/comptable/paiements/ HTTP/1.1" 200 48792
INFO 2025-11-13 03:53:32,700 basehttp "GET /dashboard/comptable/rapports/ HTTP/1.1" 200 52029
INFO 2025-11-14 14:58:57,231 basehttp "GET /dashboard/comptable/ HTTP/1.1" 200 53684
INFO 2025-11-14 14:58:57,328 basehttp "GET /static/js/dashboard/dashboard.js HTTP/1.1" 304 0
INFO 2025-11-14 14:58:57,339 basehttp "GET /static/css/dashboard/dashboard.css HTTP/1.1" 304 0
INFO 2025-11-14 14:58:57,431 basehttp "GET /static/js/dashboard/components.js HTTP/1.1" 304 0
INFO 2025-11-14 17:04:50,412 autoreload E:\formis_app\_formis\apps\core\dashboard_views.py changed, reloading.
INFO 2025-11-14 17:05:05,071 autoreload Watching for file changes with StatReloader
INFO 2025-11-14 17:05:47,968 autoreload E:\formis_app\_formis\apps\core\dashboard_views.py changed, reloading.
INFO 2025-11-14 17:05:54,978 autoreload Watching for file changes with StatReloader
INFO 2025-11-14 17:06:33,503 autoreload E:\formis_app\_formis\apps\core\dashboard_views.py changed, reloading.
INFO 2025-11-14 17:06:36,438 autoreload Watching for file changes with StatReloader
INFO 2025-11-14 17:07:31,991 autoreload E:\formis_app\_formis\apps\core\dashboard_urls.py changed, reloading.
INFO 2025-11-14 17:07:33,361 autoreload Watching for file changes with StatReloader
INFO 2025-11-14 17:08:16,755 basehttp "GET /dashboard/comptable/ HTTP/1.1" 200 53651
INFO 2025-11-14 17:08:21,958 basehttp "GET /dashboard/comptable/budget/ HTTP/1.1" 200 0
INFO 2025-11-14 17:08:31,732 basehttp "GET /dashboard/comptable/ HTTP/1.1" 200 53651
INFO 2025-11-14 17:08:36,301 basehttp "GET /dashboard/comptable/paiements/ HTTP/1.1" 200 48759
INFO 2025-11-14 17:08:39,161 basehttp "GET /dashboard/comptable/budget/ HTTP/1.1" 200 0
INFO 2025-11-14 17:08:48,437 basehttp "GET /dashboard/comptable/paiements/ HTTP/1.1" 200 48759
INFO 2025-11-14 17:10:19,782 autoreload E:\formis_app\_formis\apps\core\dashboard_views.py changed, reloading.
INFO 2025-11-14 17:10:27,009 autoreload Watching for file changes with StatReloader
INFO 2025-11-14 17:11:15,474 autoreload E:\formis_app\_formis\apps\core\dashboard_views.py changed, reloading.
INFO 2025-11-14 17:11:21,684 autoreload Watching for file changes with StatReloader
INFO 2025-11-14 17:11:29,419 autoreload E:\formis_app\_formis\apps\core\dashboard_views.py changed, reloading.
INFO 2025-11-14 17:11:33,311 autoreload Watching for file changes with StatReloader
INFO 2025-11-14 17:11:57,025 autoreload E:\formis_app\_formis\apps\core\dashboard_urls.py changed, reloading.
INFO 2025-11-14 17:11:58,575 autoreload Watching for file changes with StatReloader
INFO 2025-11-14 17:12:26,055 autoreload E:\formis_app\_formis\apps\core\dashboard_urls.py changed, reloading.
INFO 2025-11-14 17:12:28,371 autoreload Watching for file changes with StatReloader
INFO 2025-11-14 17:14:06,189 basehttp "GET /dashboard/comptable/paiements/ HTTP/1.1" 200 48760
INFO 2025-11-14 17:17:59,068 basehttp "GET /dashboard/comptable/ HTTP/1.1" 200 53652
INFO 2025-11-15 00:19:36,020 basehttp "GET /dashboard/comptable/ HTTP/1.1" 200 53652
INFO 2025-11-15 00:19:48,877 basehttp "GET /dashboard/comptable/paiements/ HTTP/1.1" 200 48760
INFO 2025-11-15 00:19:51,139 basehttp "GET /dashboard/comptable/ HTTP/1.1" 200 53652
INFO 2025-11-15 00:40:50,492 autoreload E:\formis_app\_formis\apps\core\dashboard_views.py changed, reloading.
INFO 2025-11-15 00:41:00,171 autoreload Watching for file changes with StatReloader
INFO 2025-11-15 00:44:38,663 basehttp "GET /dashboard/comptable/depenses/ HTTP/1.1" 200 46876
ERROR 2025-11-15 00:47:01,857 log Internal Server Error: /dashboard/comptable/depenses/
Traceback (most recent call last):
  File "E:\formis_app\.env\Lib\site-packages\django\urls\base.py", line 81, in reverse
    extra, resolver = resolver.namespace_dict[ns]
                      ~~~~~~~~~~~~~~~~~~~~~~~^^^^
KeyError: 'accounting'

During handling of the above exception, another exception occurred:

Traceback (most recent call last):
  File "E:\formis_app\.env\Lib\site-packages\django\core\handlers\exception.py", line 55, in inner
    response = get_response(request)
               ^^^^^^^^^^^^^^^^^^^^^
  File "E:\formis_app\.env\Lib\site-packages\django\core\handlers\base.py", line 220, in _get_response
    response = response.render()
               ^^^^^^^^^^^^^^^^^
  File "E:\formis_app\.env\Lib\site-packages\django\template\response.py", line 114, in render
    self.content = self.rendered_content
                   ^^^^^^^^^^^^^^^^^^^^^
  File "E:\formis_app\.env\Lib\site-packages\django\template\response.py", line 92, in rendered_content
    return template.render(context, self._request)
           ^^^^^^^^^^^^^^^^^^^^^^^^^^^^^^^^^^^^^^^
  File "E:\formis_app\.env\Lib\site-packages\django\template\backends\django.py", line 107, in render
    return self.template.render(context)
           ^^^^^^^^^^^^^^^^^^^^^^^^^^^^^
  File "E:\formis_app\.env\Lib\site-packages\django\template\base.py", line 171, in render
    return self._render(context)
           ^^^^^^^^^^^^^^^^^^^^^
  File "E:\formis_app\.env\Lib\site-packages\django\template\base.py", line 163, in _render
    return self.nodelist.render(context)
           ^^^^^^^^^^^^^^^^^^^^^^^^^^^^^
  File "E:\formis_app\.env\Lib\site-packages\django\template\base.py", line 1016, in render
    return SafeString("".join([node.render_annotated(context) for node in self]))
                               ^^^^^^^^^^^^^^^^^^^^^^^^^^^^^^
  File "E:\formis_app\.env\Lib\site-packages\django\template\base.py", line 977, in render_annotated
    return self.render(context)
           ^^^^^^^^^^^^^^^^^^^^
  File "E:\formis_app\.env\Lib\site-packages\django\template\loader_tags.py", line 159, in render
    return compiled_parent._render(context)
           ^^^^^^^^^^^^^^^^^^^^^^^^^^^^^^^^
  File "E:\formis_app\.env\Lib\site-packages\django\template\base.py", line 163, in _render
    return self.nodelist.render(context)
           ^^^^^^^^^^^^^^^^^^^^^^^^^^^^^
  File "E:\formis_app\.env\Lib\site-packages\django\template\base.py", line 1016, in render
    return SafeString("".join([node.render_annotated(context) for node in self]))
                               ^^^^^^^^^^^^^^^^^^^^^^^^^^^^^^
  File "E:\formis_app\.env\Lib\site-packages\django\template\base.py", line 977, in render_annotated
    return self.render(context)
           ^^^^^^^^^^^^^^^^^^^^
  File "E:\formis_app\.env\Lib\site-packages\django\template\loader_tags.py", line 65, in render
    result = block.nodelist.render(context)
             ^^^^^^^^^^^^^^^^^^^^^^^^^^^^^^
  File "E:\formis_app\.env\Lib\site-packages\django\template\base.py", line 1016, in render
    return SafeString("".join([node.render_annotated(context) for node in self]))
                               ^^^^^^^^^^^^^^^^^^^^^^^^^^^^^^
  File "E:\formis_app\.env\Lib\site-packages\django\template\base.py", line 977, in render_annotated
    return self.render(context)
           ^^^^^^^^^^^^^^^^^^^^
  File "E:\formis_app\.env\Lib\site-packages\django\template\defaulttags.py", line 480, in render
    url = reverse(view_name, args=args, kwargs=kwargs, current_app=current_app)
          ^^^^^^^^^^^^^^^^^^^^^^^^^^^^^^^^^^^^^^^^^^^^^^^^^^^^^^^^^^^^^^^^^^^^^
  File "E:\formis_app\.env\Lib\site-packages\django\urls\base.py", line 92, in reverse
    raise NoReverseMatch("%s is not a registered namespace" % key)
django.urls.exceptions.NoReverseMatch: 'accounting' is not a registered namespace
ERROR 2025-11-15 00:47:01,907 basehttp "GET /dashboard/comptable/depenses/ HTTP/1.1" 500 170383
INFO 2025-11-15 00:48:19,980 autoreload E:\formis_app\_formis\_formis\urls.py changed, reloading.
INFO 2025-11-15 00:48:21,786 autoreload Watching for file changes with StatReloader
INFO 2025-11-15 00:49:06,704 autoreload E:\formis_app\_formis\apps\accounting\urls.py changed, reloading.
INFO 2025-11-15 00:49:08,606 autoreload Watching for file changes with StatReloader
INFO 2025-11-15 01:12:46,122 autoreload E:\formis_app\_formis\apps\accounting\utils.py changed, reloading.
INFO 2025-11-15 01:12:47,592 autoreload Watching for file changes with StatReloader
INFO 2025-11-15 01:13:54,062 autoreload E:\formis_app\_formis\apps\accounting\urls.py changed, reloading.
INFO 2025-11-15 01:13:55,317 autoreload Watching for file changes with StatReloader
INFO 2025-11-15 01:14:21,632 autoreload E:\formis_app\_formis\apps\accounting\urls.py changed, reloading.
INFO 2025-11-15 01:14:23,871 autoreload Watching for file changes with StatReloader
INFO 2025-11-15 01:14:42,607 autoreload E:\formis_app\_formis\apps\accounting\urls.py changed, reloading.
INFO 2025-11-15 01:14:43,959 autoreload Watching for file changes with StatReloader
INFO 2025-11-15 01:14:51,058 basehttp "GET /dashboard/comptable/depenses/ HTTP/1.1" 200 46846
INFO 2025-11-15 01:14:57,369 basehttp "GET /accounting/depenses/creer/ HTTP/1.1" 200 42321
INFO 2025-11-15 01:15:09,747 basehttp "GET /dashboard/comptable/depenses/ HTTP/1.1" 200 46846
INFO 2025-11-15 01:16:24,056 autoreload E:\formis_app\_formis\apps\accounting\views.py changed, reloading.
INFO 2025-11-15 01:16:26,345 autoreload Watching for file changes with StatReloader
INFO 2025-11-15 01:16:48,601 autoreload E:\formis_app\_formis\apps\accounting\urls.py changed, reloading.
INFO 2025-11-15 01:16:50,293 autoreload Watching for file changes with StatReloader
INFO 2025-11-15 01:17:26,454 autoreload E:\formis_app\_formis\apps\core\dashboard_views.py changed, reloading.
INFO 2025-11-15 01:17:31,085 autoreload Watching for file changes with StatReloader
INFO 2025-11-15 01:17:46,688 autoreload E:\formis_app\_formis\apps\core\dashboard_views.py changed, reloading.
INFO 2025-11-15 01:17:50,284 autoreload Watching for file changes with StatReloader
INFO 2025-11-15 01:19:00,054 autoreload E:\formis_app\_formis\apps\core\dashboard_views.py changed, reloading.
INFO 2025-11-15 01:19:03,967 autoreload Watching for file changes with StatReloader
INFO 2025-11-15 01:20:14,332 autoreload E:\formis_app\_formis\apps\core\dashboard_views.py changed, reloading.
INFO 2025-11-15 01:20:17,649 autoreload Watching for file changes with StatReloader
INFO 2025-11-15 01:21:33,848 autoreload E:\formis_app\_formis\apps\core\dashboard_views.py changed, reloading.
INFO 2025-11-15 01:21:43,284 autoreload Watching for file changes with StatReloader
INFO 2025-11-15 01:22:12,914 autoreload E:\formis_app\_formis\apps\core\dashboard_views.py changed, reloading.
INFO 2025-11-15 01:22:16,547 autoreload Watching for file changes with StatReloader
INFO 2025-11-15 01:22:52,109 autoreload E:\formis_app\_formis\apps\core\dashboard_views.py changed, reloading.
INFO 2025-11-15 01:22:53,810 autoreload Watching for file changes with StatReloader
INFO 2025-11-15 01:24:01,485 autoreload E:\formis_app\_formis\apps\core\dashboard_urls.py changed, reloading.
INFO 2025-11-15 01:24:04,207 autoreload Watching for file changes with StatReloader
INFO 2025-11-15 01:24:14,992 basehttp "GET /dashboard/comptable/depenses/ HTTP/1.1" 200 46846
INFO 2025-11-15 01:25:18,678 basehttp "GET /dashboard/comptable/depenses/ HTTP/1.1" 200 46779
INFO 2025-11-15 01:26:19,237 basehttp "GET /dashboard/comptable/depenses/ HTTP/1.1" 200 46746
INFO 2025-11-15 01:26:29,617 basehttp "GET /dashboard/comptable/ HTTP/1.1" 200 53552
INFO 2025-11-15 01:31:11,467 autoreload E:\formis_app\_formis\apps\accounting\views.py changed, reloading.
INFO 2025-11-15 01:31:12,881 autoreload Watching for file changes with StatReloader
ERROR 2025-11-15 01:33:07,691 log Internal Server Error: /dashboard/comptable/paiements/
Traceback (most recent call last):
  File "E:\formis_app\.env\Lib\site-packages\django\core\handlers\exception.py", line 55, in inner
    response = get_response(request)
               ^^^^^^^^^^^^^^^^^^^^^
  File "E:\formis_app\.env\Lib\site-packages\django\core\handlers\base.py", line 220, in _get_response
    response = response.render()
               ^^^^^^^^^^^^^^^^^
  File "E:\formis_app\.env\Lib\site-packages\django\template\response.py", line 114, in render
    self.content = self.rendered_content
                   ^^^^^^^^^^^^^^^^^^^^^
  File "E:\formis_app\.env\Lib\site-packages\django\template\response.py", line 92, in rendered_content
    return template.render(context, self._request)
           ^^^^^^^^^^^^^^^^^^^^^^^^^^^^^^^^^^^^^^^
  File "E:\formis_app\.env\Lib\site-packages\django\template\backends\django.py", line 107, in render
    return self.template.render(context)
           ^^^^^^^^^^^^^^^^^^^^^^^^^^^^^
  File "E:\formis_app\.env\Lib\site-packages\django\template\base.py", line 171, in render
    return self._render(context)
           ^^^^^^^^^^^^^^^^^^^^^
  File "E:\formis_app\.env\Lib\site-packages\django\template\base.py", line 163, in _render
    return self.nodelist.render(context)
           ^^^^^^^^^^^^^^^^^^^^^^^^^^^^^
  File "E:\formis_app\.env\Lib\site-packages\django\template\base.py", line 1016, in render
    return SafeString("".join([node.render_annotated(context) for node in self]))
                               ^^^^^^^^^^^^^^^^^^^^^^^^^^^^^^
  File "E:\formis_app\.env\Lib\site-packages\django\template\base.py", line 977, in render_annotated
    return self.render(context)
           ^^^^^^^^^^^^^^^^^^^^
  File "E:\formis_app\.env\Lib\site-packages\django\template\loader_tags.py", line 159, in render
    return compiled_parent._render(context)
           ^^^^^^^^^^^^^^^^^^^^^^^^^^^^^^^^
  File "E:\formis_app\.env\Lib\site-packages\django\template\base.py", line 163, in _render
    return self.nodelist.render(context)
           ^^^^^^^^^^^^^^^^^^^^^^^^^^^^^
  File "E:\formis_app\.env\Lib\site-packages\django\template\base.py", line 1016, in render
    return SafeString("".join([node.render_annotated(context) for node in self]))
                               ^^^^^^^^^^^^^^^^^^^^^^^^^^^^^^
  File "E:\formis_app\.env\Lib\site-packages\django\template\base.py", line 977, in render_annotated
    return self.render(context)
           ^^^^^^^^^^^^^^^^^^^^
  File "E:\formis_app\.env\Lib\site-packages\django\template\loader_tags.py", line 65, in render
    result = block.nodelist.render(context)
             ^^^^^^^^^^^^^^^^^^^^^^^^^^^^^^
  File "E:\formis_app\.env\Lib\site-packages\django\template\base.py", line 1016, in render
    return SafeString("".join([node.render_annotated(context) for node in self]))
                               ^^^^^^^^^^^^^^^^^^^^^^^^^^^^^^
  File "E:\formis_app\.env\Lib\site-packages\django\template\base.py", line 977, in render_annotated
    return self.render(context)
           ^^^^^^^^^^^^^^^^^^^^
  File "E:\formis_app\.env\Lib\site-packages\django\template\defaulttags.py", line 480, in render
    url = reverse(view_name, args=args, kwargs=kwargs, current_app=current_app)
          ^^^^^^^^^^^^^^^^^^^^^^^^^^^^^^^^^^^^^^^^^^^^^^^^^^^^^^^^^^^^^^^^^^^^^
  File "E:\formis_app\.env\Lib\site-packages\django\urls\base.py", line 98, in reverse
    resolved_url = resolver._reverse_with_prefix(view, prefix, *args, **kwargs)
                   ^^^^^^^^^^^^^^^^^^^^^^^^^^^^^^^^^^^^^^^^^^^^^^^^^^^^^^^^^^^^
  File "E:\formis_app\.env\Lib\site-packages\django\urls\resolvers.py", line 831, in _reverse_with_prefix
    raise NoReverseMatch(msg)
django.urls.exceptions.NoReverseMatch: Reverse for 'comptable_paiement_valider' not found. 'comptable_paiement_valider' is not a valid view function or pattern name.
ERROR 2025-11-15 01:33:07,709 basehttp "GET /dashboard/comptable/paiements/ HTTP/1.1" 500 168171
INFO 2025-11-15 01:35:06,157 autoreload E:\formis_app\_formis\apps\accounting\views.py changed, reloading.
INFO 2025-11-15 01:35:07,829 autoreload Watching for file changes with StatReloader
INFO 2025-11-15 01:36:07,393 basehttp "GET /dashboard/comptable/paiements/ HTTP/1.1" 200 48642
INFO 2025-11-15 01:36:15,373 basehttp "GET /dashboard/comptable/factures/ HTTP/1.1" 200 47408
INFO 2025-11-15 01:36:33,707 basehttp "GET /dashboard/comptable/paiements/ HTTP/1.1" 200 48642
INFO 2025-11-15 01:36:35,764 basehttp "GET /dashboard/comptable/factures/ HTTP/1.1" 200 47408
INFO 2025-11-15 01:37:52,142 basehttp "GET /dashboard/comptable/depenses/ HTTP/1.1" 200 46746
INFO 2025-11-15 01:37:57,686 basehttp "GET /accounting/depenses/creer/ HTTP/1.1" 200 42221
INFO 2025-11-15 01:38:01,872 basehttp "GET /dashboard/comptable/depenses/ HTTP/1.1" 200 46746
INFO 2025-11-15 01:38:09,275 basehttp "GET /dashboard/comptable/ecritures/ HTTP/1.1" 200 0
INFO 2025-11-15 01:39:17,901 basehttp "GET /dashboard/comptable/ecritures/ HTTP/1.1" 200 0
INFO 2025-11-15 01:39:23,879 basehttp "GET /dashboard/comptable/comptes/ HTTP/1.1" 200 0
INFO 2025-11-15 01:40:24,057 basehttp "GET /dashboard/comptable/rapports/ HTTP/1.1" 200 51888
INFO 2025-11-15 01:40:35,589 basehttp "GET /dashboard/comptable/budget/ HTTP/1.1" 200 0
INFO 2025-11-15 01:40:57,462 basehttp "GET /dashboard/comptable/rapports/ HTTP/1.1" 200 51888
INFO 2025-11-15 01:41:04,398 basehttp "GET /dashboard/comptable/exercices/ HTTP/1.1" 200 0
INFO 2025-11-15 01:43:29,827 basehttp "GET /dashboard/comptable/rapports/ HTTP/1.1" 200 51888
INFO 2025-11-15 02:07:27,677 basehttp "GET /dashboard/comptable/factures/ HTTP/1.1" 200 47408
INFO 2025-11-15 02:09:24,208 basehttp "GET /dashboard/comptable/factures/ HTTP/1.1" 200 47392
ERROR 2025-11-15 02:09:26,393 log Internal Server Error: /accounting/factures/creer/
Traceback (most recent call last):
  File "E:\formis_app\.env\Lib\site-packages\django\template\defaulttags.py", line 1035, in find_library
    return parser.libraries[name]
           ~~~~~~~~~~~~~~~~^^^^^^
KeyError: 'widget_tweaks'

During handling of the above exception, another exception occurred:

Traceback (most recent call last):
  File "E:\formis_app\.env\Lib\site-packages\django\core\handlers\exception.py", line 55, in inner
    response = get_response(request)
               ^^^^^^^^^^^^^^^^^^^^^
  File "E:\formis_app\.env\Lib\site-packages\django\core\handlers\base.py", line 220, in _get_response
    response = response.render()
               ^^^^^^^^^^^^^^^^^
  File "E:\formis_app\.env\Lib\site-packages\django\template\response.py", line 114, in render
    self.content = self.rendered_content
                   ^^^^^^^^^^^^^^^^^^^^^
  File "E:\formis_app\.env\Lib\site-packages\django\template\response.py", line 90, in rendered_content
    template = self.resolve_template(self.template_name)
               ^^^^^^^^^^^^^^^^^^^^^^^^^^^^^^^^^^^^^^^^^
  File "E:\formis_app\.env\Lib\site-packages\django\template\response.py", line 72, in resolve_template
    return select_template(template, using=self.using)
           ^^^^^^^^^^^^^^^^^^^^^^^^^^^^^^^^^^^^^^^^^^^
  File "E:\formis_app\.env\Lib\site-packages\django\template\loader.py", line 42, in select_template
    return engine.get_template(template_name)
           ^^^^^^^^^^^^^^^^^^^^^^^^^^^^^^^^^^
  File "E:\formis_app\.env\Lib\site-packages\django\template\backends\django.py", line 79, in get_template
    return Template(self.engine.get_template(template_name), self)
                    ^^^^^^^^^^^^^^^^^^^^^^^^^^^^^^^^^^^^^^^
  File "E:\formis_app\.env\Lib\site-packages\django\template\engine.py", line 177, in get_template
    template, origin = self.find_template(template_name)
                       ^^^^^^^^^^^^^^^^^^^^^^^^^^^^^^^^^
  File "E:\formis_app\.env\Lib\site-packages\django\template\engine.py", line 159, in find_template
    template = loader.get_template(name, skip=skip)
               ^^^^^^^^^^^^^^^^^^^^^^^^^^^^^^^^^^^^
  File "E:\formis_app\.env\Lib\site-packages\django\template\loaders\cached.py", line 57, in get_template
    template = super().get_template(template_name, skip)
               ^^^^^^^^^^^^^^^^^^^^^^^^^^^^^^^^^^^^^^^^^
  File "E:\formis_app\.env\Lib\site-packages\django\template\loaders\base.py", line 28, in get_template
    return Template(
           ^^^^^^^^^
  File "E:\formis_app\.env\Lib\site-packages\django\template\base.py", line 154, in __init__
    self.nodelist = self.compile_nodelist()
                    ^^^^^^^^^^^^^^^^^^^^^^^
  File "E:\formis_app\.env\Lib\site-packages\django\template\base.py", line 196, in compile_nodelist
    nodelist = parser.parse()
               ^^^^^^^^^^^^^^
  File "E:\formis_app\.env\Lib\site-packages\django\template\base.py", line 518, in parse
    raise self.error(token, e)
  File "E:\formis_app\.env\Lib\site-packages\django\template\base.py", line 516, in parse
    compiled_result = compile_func(self, token)
                      ^^^^^^^^^^^^^^^^^^^^^^^^^
  File "E:\formis_app\.env\Lib\site-packages\django\template\loader_tags.py", line 299, in do_extends
    nodelist = parser.parse()
               ^^^^^^^^^^^^^^
  File "E:\formis_app\.env\Lib\site-packages\django\template\base.py", line 518, in parse
    raise self.error(token, e)
  File "E:\formis_app\.env\Lib\site-packages\django\template\base.py", line 516, in parse
    compiled_result = compile_func(self, token)
                      ^^^^^^^^^^^^^^^^^^^^^^^^^
  File "E:\formis_app\.env\Lib\site-packages\django\template\defaulttags.py", line 1097, in load
    lib = find_library(parser, name)
          ^^^^^^^^^^^^^^^^^^^^^^^^^^
  File "E:\formis_app\.env\Lib\site-packages\django\template\defaulttags.py", line 1037, in find_library
    raise TemplateSyntaxError(
django.template.exceptions.TemplateSyntaxError: 'widget_tweaks' is not a registered tag library. Must be one of:
admin_list
admin_modify
admin_urls
cache
humanize
i18n
l10n
log
payment_tags
rest_framework
static
tz
ERROR 2025-11-15 02:09:26,415 basehttp "GET /accounting/factures/creer/ HTTP/1.1" 500 230564
INFO 2025-11-15 02:09:57,897 basehttp "GET /accounting/factures/creer/ HTTP/1.1" 200 49149
INFO 2025-11-15 02:15:44,145 basehttp "GET /dashboard/comptable/ HTTP/1.1" 200 53552
INFO 2025-11-15 02:15:50,422 basehttp "GET /dashboard/comptable/paiements/ HTTP/1.1" 200 48642
INFO 2025-11-15 02:15:52,497 basehttp "GET /dashboard/comptable/factures/ HTTP/1.1" 200 47392
INFO 2025-11-15 02:15:55,328 basehttp "GET /dashboard/comptable/depenses/ HTTP/1.1" 200 46746
INFO 2025-11-15 02:15:57,577 basehttp "GET /dashboard/comptable/ecritures/ HTTP/1.1" 200 0
INFO 2025-11-15 02:16:04,057 basehttp "GET /dashboard/comptable/depenses/ HTTP/1.1" 200 46746
INFO 2025-11-15 02:16:09,897 basehttp "GET /dashboard/comptable/comptes/ HTTP/1.1" 200 0
INFO 2025-11-15 02:17:14,703 basehttp "GET /dashboard/comptable/factures/ HTTP/1.1" 200 47392
INFO 2025-11-15 02:17:37,696 basehttp "GET /dashboard/comptable/rapports/ HTTP/1.1" 200 51888
ERROR 2025-11-15 02:19:51,774 log Internal Server Error: /dashboard/comptable/rapports/
Traceback (most recent call last):
  File "E:\formis_app\.env\Lib\site-packages\django\core\handlers\exception.py", line 55, in inner
    response = get_response(request)
               ^^^^^^^^^^^^^^^^^^^^^
  File "E:\formis_app\.env\Lib\site-packages\django\core\handlers\base.py", line 220, in _get_response
    response = response.render()
               ^^^^^^^^^^^^^^^^^
  File "E:\formis_app\.env\Lib\site-packages\django\template\response.py", line 114, in render
    self.content = self.rendered_content
                   ^^^^^^^^^^^^^^^^^^^^^
  File "E:\formis_app\.env\Lib\site-packages\django\template\response.py", line 92, in rendered_content
    return template.render(context, self._request)
           ^^^^^^^^^^^^^^^^^^^^^^^^^^^^^^^^^^^^^^^
  File "E:\formis_app\.env\Lib\site-packages\django\template\backends\django.py", line 107, in render
    return self.template.render(context)
           ^^^^^^^^^^^^^^^^^^^^^^^^^^^^^
  File "E:\formis_app\.env\Lib\site-packages\django\template\base.py", line 171, in render
    return self._render(context)
           ^^^^^^^^^^^^^^^^^^^^^
  File "E:\formis_app\.env\Lib\site-packages\django\template\base.py", line 163, in _render
    return self.nodelist.render(context)
           ^^^^^^^^^^^^^^^^^^^^^^^^^^^^^
  File "E:\formis_app\.env\Lib\site-packages\django\template\base.py", line 1016, in render
    return SafeString("".join([node.render_annotated(context) for node in self]))
                               ^^^^^^^^^^^^^^^^^^^^^^^^^^^^^^
  File "E:\formis_app\.env\Lib\site-packages\django\template\base.py", line 977, in render_annotated
    return self.render(context)
           ^^^^^^^^^^^^^^^^^^^^
  File "E:\formis_app\.env\Lib\site-packages\django\template\loader_tags.py", line 159, in render
    return compiled_parent._render(context)
           ^^^^^^^^^^^^^^^^^^^^^^^^^^^^^^^^
  File "E:\formis_app\.env\Lib\site-packages\django\template\base.py", line 163, in _render
    return self.nodelist.render(context)
           ^^^^^^^^^^^^^^^^^^^^^^^^^^^^^
  File "E:\formis_app\.env\Lib\site-packages\django\template\base.py", line 1016, in render
    return SafeString("".join([node.render_annotated(context) for node in self]))
                               ^^^^^^^^^^^^^^^^^^^^^^^^^^^^^^
  File "E:\formis_app\.env\Lib\site-packages\django\template\base.py", line 977, in render_annotated
    return self.render(context)
           ^^^^^^^^^^^^^^^^^^^^
  File "E:\formis_app\.env\Lib\site-packages\django\template\loader_tags.py", line 65, in render
    result = block.nodelist.render(context)
             ^^^^^^^^^^^^^^^^^^^^^^^^^^^^^^
  File "E:\formis_app\.env\Lib\site-packages\django\template\base.py", line 1016, in render
    return SafeString("".join([node.render_annotated(context) for node in self]))
                               ^^^^^^^^^^^^^^^^^^^^^^^^^^^^^^
  File "E:\formis_app\.env\Lib\site-packages\django\template\base.py", line 977, in render_annotated
    return self.render(context)
           ^^^^^^^^^^^^^^^^^^^^
  File "E:\formis_app\.env\Lib\site-packages\django\template\defaulttags.py", line 480, in render
    url = reverse(view_name, args=args, kwargs=kwargs, current_app=current_app)
          ^^^^^^^^^^^^^^^^^^^^^^^^^^^^^^^^^^^^^^^^^^^^^^^^^^^^^^^^^^^^^^^^^^^^^
  File "E:\formis_app\.env\Lib\site-packages\django\urls\base.py", line 98, in reverse
    resolved_url = resolver._reverse_with_prefix(view, prefix, *args, **kwargs)
                   ^^^^^^^^^^^^^^^^^^^^^^^^^^^^^^^^^^^^^^^^^^^^^^^^^^^^^^^^^^^^
  File "E:\formis_app\.env\Lib\site-packages\django\urls\resolvers.py", line 831, in _reverse_with_prefix
    raise NoReverseMatch(msg)
django.urls.exceptions.NoReverseMatch: Reverse for 'comptable_rapport_balance' not found. 'comptable_rapport_balance' is not a valid view function or pattern name.
ERROR 2025-11-15 02:19:51,789 basehttp "GET /dashboard/comptable/rapports/ HTTP/1.1" 500 179315
INFO 2025-11-15 02:20:27,066 basehttp "GET /dashboard/comptable/rapports/ HTTP/1.1" 200 51887
ERROR 2025-11-15 02:20:30,666 log Internal Server Error: /dashboard/comptable/rapports/bilan/
Traceback (most recent call last):
  File "E:\formis_app\.env\Lib\site-packages\django\core\handlers\exception.py", line 55, in inner
    response = get_response(request)
               ^^^^^^^^^^^^^^^^^^^^^
  File "E:\formis_app\.env\Lib\site-packages\django\core\handlers\base.py", line 197, in _get_response
    response = wrapped_callback(request, *callback_args, **callback_kwargs)
               ^^^^^^^^^^^^^^^^^^^^^^^^^^^^^^^^^^^^^^^^^^^^^^^^^^^^^^^^^^^^
  File "E:\formis_app\.env\Lib\site-packages\django\contrib\auth\decorators.py", line 59, in _view_wrapper
    return view_func(request, *args, **kwargs)
           ^^^^^^^^^^^^^^^^^^^^^^^^^^^^^^^^^^^
  File "E:\formis_app\_formis\apps\core\dashboard_views.py", line 2479, in comptable_rapport_bilan
    return render(request, 'dashboard/comptable/bilan.html', context)
           ^^^^^^^^^^^^^^^^^^^^^^^^^^^^^^^^^^^^^^^^^^^^^^^^^^^^^^^^^^
  File "E:\formis_app\.env\Lib\site-packages\django\shortcuts.py", line 25, in render
    content = loader.render_to_string(template_name, context, request, using=using)
              ^^^^^^^^^^^^^^^^^^^^^^^^^^^^^^^^^^^^^^^^^^^^^^^^^^^^^^^^^^^^^^^^^^^^^
  File "E:\formis_app\.env\Lib\site-packages\django\template\loader.py", line 61, in render_to_string
    template = get_template(template_name, using=using)
               ^^^^^^^^^^^^^^^^^^^^^^^^^^^^^^^^^^^^^^^^
  File "E:\formis_app\.env\Lib\site-packages\django\template\loader.py", line 15, in get_template
    return engine.get_template(template_name)
           ^^^^^^^^^^^^^^^^^^^^^^^^^^^^^^^^^^
  File "E:\formis_app\.env\Lib\site-packages\django\template\backends\django.py", line 79, in get_template
    return Template(self.engine.get_template(template_name), self)
                    ^^^^^^^^^^^^^^^^^^^^^^^^^^^^^^^^^^^^^^^
  File "E:\formis_app\.env\Lib\site-packages\django\template\engine.py", line 177, in get_template
    template, origin = self.find_template(template_name)
                       ^^^^^^^^^^^^^^^^^^^^^^^^^^^^^^^^^
  File "E:\formis_app\.env\Lib\site-packages\django\template\engine.py", line 159, in find_template
    template = loader.get_template(name, skip=skip)
               ^^^^^^^^^^^^^^^^^^^^^^^^^^^^^^^^^^^^
  File "E:\formis_app\.env\Lib\site-packages\django\template\loaders\cached.py", line 57, in get_template
    template = super().get_template(template_name, skip)
               ^^^^^^^^^^^^^^^^^^^^^^^^^^^^^^^^^^^^^^^^^
  File "E:\formis_app\.env\Lib\site-packages\django\template\loaders\base.py", line 28, in get_template
    return Template(
           ^^^^^^^^^
  File "E:\formis_app\.env\Lib\site-packages\django\template\base.py", line 154, in __init__
    self.nodelist = self.compile_nodelist()
                    ^^^^^^^^^^^^^^^^^^^^^^^
  File "E:\formis_app\.env\Lib\site-packages\django\template\base.py", line 196, in compile_nodelist
    nodelist = parser.parse()
               ^^^^^^^^^^^^^^
  File "E:\formis_app\.env\Lib\site-packages\django\template\base.py", line 518, in parse
    raise self.error(token, e)
  File "E:\formis_app\.env\Lib\site-packages\django\template\base.py", line 516, in parse
    compiled_result = compile_func(self, token)
                      ^^^^^^^^^^^^^^^^^^^^^^^^^
  File "E:\formis_app\.env\Lib\site-packages\django\template\loader_tags.py", line 299, in do_extends
    nodelist = parser.parse()
               ^^^^^^^^^^^^^^
  File "E:\formis_app\.env\Lib\site-packages\django\template\base.py", line 518, in parse
    raise self.error(token, e)
  File "E:\formis_app\.env\Lib\site-packages\django\template\base.py", line 516, in parse
    compiled_result = compile_func(self, token)
                      ^^^^^^^^^^^^^^^^^^^^^^^^^
  File "E:\formis_app\.env\Lib\site-packages\django\template\loader_tags.py", line 234, in do_block
    nodelist = parser.parse(("endblock",))
               ^^^^^^^^^^^^^^^^^^^^^^^^^^^
  File "E:\formis_app\.env\Lib\site-packages\django\template\base.py", line 518, in parse
    raise self.error(token, e)
  File "E:\formis_app\.env\Lib\site-packages\django\template\base.py", line 516, in parse
    compiled_result = compile_func(self, token)
                      ^^^^^^^^^^^^^^^^^^^^^^^^^
  File "E:\formis_app\.env\Lib\site-packages\django\template\defaulttags.py", line 976, in do_if
    nodelist = parser.parse(("endif",))
               ^^^^^^^^^^^^^^^^^^^^^^^^
  File "E:\formis_app\.env\Lib\site-packages\django\template\base.py", line 489, in parse
    raise self.error(token, e)
  File "E:\formis_app\.env\Lib\site-packages\django\template\base.py", line 487, in parse
    filter_expression = self.compile_filter(token.contents)
                        ^^^^^^^^^^^^^^^^^^^^^^^^^^^^^^^^^^^
  File "E:\formis_app\.env\Lib\site-packages\django\template\base.py", line 609, in compile_filter
    return FilterExpression(token, self)
           ^^^^^^^^^^^^^^^^^^^^^^^^^^^^^
  File "E:\formis_app\.env\Lib\site-packages\django\template\base.py", line 705, in __init__
    filter_func = parser.find_filter(filter_name)
                  ^^^^^^^^^^^^^^^^^^^^^^^^^^^^^^^
  File "E:\formis_app\.env\Lib\site-packages\django\template\base.py", line 615, in find_filter
    raise TemplateSyntaxError("Invalid filter: '%s'" % filter_name)
django.template.exceptions.TemplateSyntaxError: Invalid filter: 'abs'
ERROR 2025-11-15 02:20:30,703 basehttp "GET /dashboard/comptable/rapports/bilan/?date_debut=2025-11-01&date_fin=2025-11-15&format=view HTTP/1.1" 500 232918
INFO 2025-11-15 02:24:04,622 autoreload E:\formis_app\_formis\apps\core\dashboard_views.py changed, reloading.
INFO 2025-11-15 02:24:10,703 autoreload Watching for file changes with StatReloader
INFO 2025-11-15 02:25:05,553 autoreload E:\formis_app\_formis\apps\core\dashboard_views.py changed, reloading.
INFO 2025-11-15 02:25:09,241 autoreload Watching for file changes with StatReloader
ERROR 2025-11-15 02:25:16,765 log Internal Server Error: /dashboard/comptable/rapports/bilan/
Traceback (most recent call last):
  File "E:\formis_app\.env\Lib\site-packages\django\core\handlers\exception.py", line 55, in inner
    response = get_response(request)
               ^^^^^^^^^^^^^^^^^^^^^
  File "E:\formis_app\.env\Lib\site-packages\django\core\handlers\base.py", line 197, in _get_response
    response = wrapped_callback(request, *callback_args, **callback_kwargs)
               ^^^^^^^^^^^^^^^^^^^^^^^^^^^^^^^^^^^^^^^^^^^^^^^^^^^^^^^^^^^^
  File "E:\formis_app\.env\Lib\site-packages\django\contrib\auth\decorators.py", line 59, in _view_wrapper
    return view_func(request, *args, **kwargs)
           ^^^^^^^^^^^^^^^^^^^^^^^^^^^^^^^^^^^
  File "E:\formis_app\_formis\apps\core\dashboard_views.py", line 2426, in comptable_rapport_bilan
    date_debut = datetime.datetime.strptime(date_debut, '%Y-%m-%d').date()
                 ^^^^^^^^^^^^^^^^^
AttributeError: type object 'datetime.datetime' has no attribute 'datetime'
ERROR 2025-11-15 02:25:16,790 basehttp "GET /dashboard/comptable/rapports/bilan/?date_debut=2025-11-01&date_fin=2025-11-15&format=view HTTP/1.1" 500 84536
INFO 2025-11-15 02:25:54,651 autoreload E:\formis_app\_formis\apps\core\dashboard_views.py changed, reloading.
INFO 2025-11-15 02:25:58,274 autoreload Watching for file changes with StatReloader
ERROR 2025-11-15 02:26:04,915 log Internal Server Error: /dashboard/comptable/rapports/bilan/
Traceback (most recent call last):
  File "E:\formis_app\.env\Lib\site-packages\django\core\handlers\exception.py", line 55, in inner
    response = get_response(request)
               ^^^^^^^^^^^^^^^^^^^^^
  File "E:\formis_app\.env\Lib\site-packages\django\core\handlers\base.py", line 197, in _get_response
    response = wrapped_callback(request, *callback_args, **callback_kwargs)
               ^^^^^^^^^^^^^^^^^^^^^^^^^^^^^^^^^^^^^^^^^^^^^^^^^^^^^^^^^^^^
  File "E:\formis_app\.env\Lib\site-packages\django\contrib\auth\decorators.py", line 59, in _view_wrapper
    return view_func(request, *args, **kwargs)
           ^^^^^^^^^^^^^^^^^^^^^^^^^^^^^^^^^^^
  File "E:\formis_app\_formis\apps\core\dashboard_views.py", line 2427, in comptable_rapport_bilan
    date_debut = datetime.datetime.strptime(date_debut, '%Y-%m-%d').date()
                 ^^^^^^^^^^^^^^^^^
AttributeError: type object 'datetime.datetime' has no attribute 'datetime'
ERROR 2025-11-15 02:26:04,942 basehttp "GET /dashboard/comptable/rapports/bilan/?date_debut=2025-11-01&date_fin=2025-11-15&format=view HTTP/1.1" 500 84536
INFO 2025-11-15 02:26:20,235 autoreload E:\formis_app\_formis\apps\core\dashboard_views.py changed, reloading.
INFO 2025-11-15 02:26:23,834 autoreload Watching for file changes with StatReloader
ERROR 2025-11-15 02:26:34,289 log Internal Server Error: /dashboard/comptable/rapports/bilan/
Traceback (most recent call last):
  File "E:\formis_app\.env\Lib\site-packages\django\core\handlers\exception.py", line 55, in inner
    response = get_response(request)
               ^^^^^^^^^^^^^^^^^^^^^
  File "E:\formis_app\.env\Lib\site-packages\django\core\handlers\base.py", line 197, in _get_response
    response = wrapped_callback(request, *callback_args, **callback_kwargs)
               ^^^^^^^^^^^^^^^^^^^^^^^^^^^^^^^^^^^^^^^^^^^^^^^^^^^^^^^^^^^^
  File "E:\formis_app\.env\Lib\site-packages\django\contrib\auth\decorators.py", line 59, in _view_wrapper
    return view_func(request, *args, **kwargs)
           ^^^^^^^^^^^^^^^^^^^^^^^^^^^^^^^^^^^
  File "E:\formis_app\_formis\apps\core\dashboard_views.py", line 2428, in comptable_rapport_bilan
    date_debut = datetime.datetime.strptime(date_debut, '%Y-%m-%d').date()
                 ^^^^^^^^^^^^^^^^^
AttributeError: type object 'datetime.datetime' has no attribute 'datetime'
ERROR 2025-11-15 02:26:34,313 basehttp "GET /dashboard/comptable/rapports/bilan/?date_debut=2025-11-01&date_fin=2025-11-15&format=view HTTP/1.1" 500 84536
ERROR 2025-11-15 02:27:54,394 log Internal Server Error: /dashboard/comptable/rapports/bilan/
Traceback (most recent call last):
  File "E:\formis_app\.env\Lib\site-packages\django\core\handlers\exception.py", line 55, in inner
    response = get_response(request)
               ^^^^^^^^^^^^^^^^^^^^^
  File "E:\formis_app\.env\Lib\site-packages\django\core\handlers\base.py", line 197, in _get_response
    response = wrapped_callback(request, *callback_args, **callback_kwargs)
               ^^^^^^^^^^^^^^^^^^^^^^^^^^^^^^^^^^^^^^^^^^^^^^^^^^^^^^^^^^^^
  File "E:\formis_app\.env\Lib\site-packages\django\contrib\auth\decorators.py", line 59, in _view_wrapper
    return view_func(request, *args, **kwargs)
           ^^^^^^^^^^^^^^^^^^^^^^^^^^^^^^^^^^^
  File "E:\formis_app\_formis\apps\core\dashboard_views.py", line 2428, in comptable_rapport_bilan
    date_debut = datetime.datetime.strptime(date_debut, '%Y-%m-%d').date()
                 ^^^^^^^^^^^^^^^^^
AttributeError: type object 'datetime.datetime' has no attribute 'datetime'
ERROR 2025-11-15 02:27:54,414 basehttp "GET /dashboard/comptable/rapports/bilan/?date_debut=2025-11-01&date_fin=2025-11-15&format=view HTTP/1.1" 500 84536
ERROR 2025-11-15 02:27:58,011 log Internal Server Error: /dashboard/comptable/rapports/bilan/
Traceback (most recent call last):
  File "E:\formis_app\.env\Lib\site-packages\django\core\handlers\exception.py", line 55, in inner
    response = get_response(request)
               ^^^^^^^^^^^^^^^^^^^^^
  File "E:\formis_app\.env\Lib\site-packages\django\core\handlers\base.py", line 197, in _get_response
    response = wrapped_callback(request, *callback_args, **callback_kwargs)
               ^^^^^^^^^^^^^^^^^^^^^^^^^^^^^^^^^^^^^^^^^^^^^^^^^^^^^^^^^^^^
  File "E:\formis_app\.env\Lib\site-packages\django\contrib\auth\decorators.py", line 59, in _view_wrapper
    return view_func(request, *args, **kwargs)
           ^^^^^^^^^^^^^^^^^^^^^^^^^^^^^^^^^^^
  File "E:\formis_app\_formis\apps\core\dashboard_views.py", line 2428, in comptable_rapport_bilan
    date_debut = datetime.datetime.strptime(date_debut, '%Y-%m-%d').date()
                 ^^^^^^^^^^^^^^^^^
AttributeError: type object 'datetime.datetime' has no attribute 'datetime'
ERROR 2025-11-15 02:27:58,022 basehttp "GET /dashboard/comptable/rapports/bilan/?date_debut=2025-11-01&date_fin=2025-11-15&format=view HTTP/1.1" 500 84536
INFO 2025-11-15 02:28:54,784 autoreload E:\formis_app\_formis\apps\core\dashboard_views.py changed, reloading.
INFO 2025-11-15 02:28:58,819 autoreload Watching for file changes with StatReloader
INFO 2025-11-15 02:29:16,518 basehttp "GET /dashboard/comptable/rapports/bilan/?date_debut=2025-11-01&date_fin=2025-11-15&format=view HTTP/1.1" 200 40875
INFO 2025-11-15 02:30:01,161 basehttp "GET /dashboard/comptable/rapports/ HTTP/1.1" 200 51887
ERROR 2025-11-15 02:30:52,522 log Internal Server Error: /dashboard/comptable/rapports/compte-resultat/
Traceback (most recent call last):
  File "E:\formis_app\.env\Lib\site-packages\django\core\handlers\exception.py", line 55, in inner
    response = get_response(request)
               ^^^^^^^^^^^^^^^^^^^^^
  File "E:\formis_app\.env\Lib\site-packages\django\core\handlers\base.py", line 197, in _get_response
    response = wrapped_callback(request, *callback_args, **callback_kwargs)
               ^^^^^^^^^^^^^^^^^^^^^^^^^^^^^^^^^^^^^^^^^^^^^^^^^^^^^^^^^^^^
  File "E:\formis_app\.env\Lib\site-packages\django\contrib\auth\decorators.py", line 59, in _view_wrapper
    return view_func(request, *args, **kwargs)
           ^^^^^^^^^^^^^^^^^^^^^^^^^^^^^^^^^^^
  File "E:\formis_app\_formis\apps\core\dashboard_views.py", line 2506, in comptable_rapport_resultat
    date_debut = datetime.datetime.strptime(date_debut, '%Y-%m-%d').date()
                 ^^^^^^^^^^^^^^^^^
AttributeError: type object 'datetime.datetime' has no attribute 'datetime'
ERROR 2025-11-15 02:30:52,539 basehttp "GET /dashboard/comptable/rapports/compte-resultat/?date_debut=2025-11-01&date_fin=2025-11-15&format=view HTTP/1.1" 500 84403
INFO 2025-11-15 02:32:02,096 autoreload E:\formis_app\_formis\apps\core\dashboard_views.py changed, reloading.
INFO 2025-11-15 02:32:04,828 autoreload Watching for file changes with StatReloader
ERROR 2025-11-15 02:32:13,606 log Internal Server Error: /dashboard/comptable/rapports/compte-resultat/
Traceback (most recent call last):
  File "E:\formis_app\.env\Lib\site-packages\django\core\handlers\exception.py", line 55, in inner
    response = get_response(request)
               ^^^^^^^^^^^^^^^^^^^^^
  File "E:\formis_app\.env\Lib\site-packages\django\core\handlers\base.py", line 197, in _get_response
    response = wrapped_callback(request, *callback_args, **callback_kwargs)
               ^^^^^^^^^^^^^^^^^^^^^^^^^^^^^^^^^^^^^^^^^^^^^^^^^^^^^^^^^^^^
  File "E:\formis_app\.env\Lib\site-packages\django\contrib\auth\decorators.py", line 59, in _view_wrapper
    return view_func(request, *args, **kwargs)
           ^^^^^^^^^^^^^^^^^^^^^^^^^^^^^^^^^^^
  File "E:\formis_app\_formis\apps\core\dashboard_views.py", line 2560, in comptable_rapport_resultat
    return render(request, 'dashboard/comptable/resultat.html', context)
           ^^^^^^^^^^^^^^^^^^^^^^^^^^^^^^^^^^^^^^^^^^^^^^^^^^^^^^^^^^^^^
  File "E:\formis_app\.env\Lib\site-packages\django\shortcuts.py", line 25, in render
    content = loader.render_to_string(template_name, context, request, using=using)
              ^^^^^^^^^^^^^^^^^^^^^^^^^^^^^^^^^^^^^^^^^^^^^^^^^^^^^^^^^^^^^^^^^^^^^
  File "E:\formis_app\.env\Lib\site-packages\django\template\loader.py", line 61, in render_to_string
    template = get_template(template_name, using=using)
               ^^^^^^^^^^^^^^^^^^^^^^^^^^^^^^^^^^^^^^^^
  File "E:\formis_app\.env\Lib\site-packages\django\template\loader.py", line 15, in get_template
    return engine.get_template(template_name)
           ^^^^^^^^^^^^^^^^^^^^^^^^^^^^^^^^^^
  File "E:\formis_app\.env\Lib\site-packages\django\template\backends\django.py", line 79, in get_template
    return Template(self.engine.get_template(template_name), self)
                    ^^^^^^^^^^^^^^^^^^^^^^^^^^^^^^^^^^^^^^^
  File "E:\formis_app\.env\Lib\site-packages\django\template\engine.py", line 177, in get_template
    template, origin = self.find_template(template_name)
                       ^^^^^^^^^^^^^^^^^^^^^^^^^^^^^^^^^
  File "E:\formis_app\.env\Lib\site-packages\django\template\engine.py", line 159, in find_template
    template = loader.get_template(name, skip=skip)
               ^^^^^^^^^^^^^^^^^^^^^^^^^^^^^^^^^^^^
  File "E:\formis_app\.env\Lib\site-packages\django\template\loaders\cached.py", line 57, in get_template
    template = super().get_template(template_name, skip)
               ^^^^^^^^^^^^^^^^^^^^^^^^^^^^^^^^^^^^^^^^^
  File "E:\formis_app\.env\Lib\site-packages\django\template\loaders\base.py", line 28, in get_template
    return Template(
           ^^^^^^^^^
  File "E:\formis_app\.env\Lib\site-packages\django\template\base.py", line 154, in __init__
    self.nodelist = self.compile_nodelist()
                    ^^^^^^^^^^^^^^^^^^^^^^^
  File "E:\formis_app\.env\Lib\site-packages\django\template\base.py", line 196, in compile_nodelist
    nodelist = parser.parse()
               ^^^^^^^^^^^^^^
  File "E:\formis_app\.env\Lib\site-packages\django\template\base.py", line 518, in parse
    raise self.error(token, e)
  File "E:\formis_app\.env\Lib\site-packages\django\template\base.py", line 516, in parse
    compiled_result = compile_func(self, token)
                      ^^^^^^^^^^^^^^^^^^^^^^^^^
  File "E:\formis_app\.env\Lib\site-packages\django\template\loader_tags.py", line 299, in do_extends
    nodelist = parser.parse()
               ^^^^^^^^^^^^^^
  File "E:\formis_app\.env\Lib\site-packages\django\template\base.py", line 518, in parse
    raise self.error(token, e)
  File "E:\formis_app\.env\Lib\site-packages\django\template\base.py", line 516, in parse
    compiled_result = compile_func(self, token)
                      ^^^^^^^^^^^^^^^^^^^^^^^^^
  File "E:\formis_app\.env\Lib\site-packages\django\template\loader_tags.py", line 234, in do_block
    nodelist = parser.parse(("endblock",))
               ^^^^^^^^^^^^^^^^^^^^^^^^^^^
  File "E:\formis_app\.env\Lib\site-packages\django\template\base.py", line 489, in parse
    raise self.error(token, e)
  File "E:\formis_app\.env\Lib\site-packages\django\template\base.py", line 487, in parse
    filter_expression = self.compile_filter(token.contents)
                        ^^^^^^^^^^^^^^^^^^^^^^^^^^^^^^^^^^^
  File "E:\formis_app\.env\Lib\site-packages\django\template\base.py", line 609, in compile_filter
    return FilterExpression(token, self)
           ^^^^^^^^^^^^^^^^^^^^^^^^^^^^^
  File "E:\formis_app\.env\Lib\site-packages\django\template\base.py", line 705, in __init__
    filter_func = parser.find_filter(filter_name)
                  ^^^^^^^^^^^^^^^^^^^^^^^^^^^^^^^
  File "E:\formis_app\.env\Lib\site-packages\django\template\base.py", line 615, in find_filter
    raise TemplateSyntaxError("Invalid filter: '%s'" % filter_name)
django.template.exceptions.TemplateSyntaxError: Invalid filter: 'abs'
ERROR 2025-11-15 02:32:13,650 basehttp "GET /dashboard/comptable/rapports/compte-resultat/?date_debut=2025-11-01&date_fin=2025-11-15&format=view HTTP/1.1" 500 217044
INFO 2025-11-15 02:33:02,930 autoreload E:\formis_app\_formis\apps\core\dashboard_views.py changed, reloading.
INFO 2025-11-15 02:33:05,819 autoreload Watching for file changes with StatReloader
ERROR 2025-11-15 02:33:10,802 log Internal Server Error: /dashboard/comptable/rapports/compte-resultat/
Traceback (most recent call last):
  File "E:\formis_app\.env\Lib\site-packages\django\core\handlers\exception.py", line 55, in inner
    response = get_response(request)
               ^^^^^^^^^^^^^^^^^^^^^
  File "E:\formis_app\.env\Lib\site-packages\django\core\handlers\base.py", line 197, in _get_response
    response = wrapped_callback(request, *callback_args, **callback_kwargs)
               ^^^^^^^^^^^^^^^^^^^^^^^^^^^^^^^^^^^^^^^^^^^^^^^^^^^^^^^^^^^^
  File "E:\formis_app\.env\Lib\site-packages\django\contrib\auth\decorators.py", line 59, in _view_wrapper
    return view_func(request, *args, **kwargs)
           ^^^^^^^^^^^^^^^^^^^^^^^^^^^^^^^^^^^
  File "E:\formis_app\_formis\apps\core\dashboard_views.py", line 2562, in comptable_rapport_resultat
    return render(request, 'dashboard/comptable/resultat.html', context)
           ^^^^^^^^^^^^^^^^^^^^^^^^^^^^^^^^^^^^^^^^^^^^^^^^^^^^^^^^^^^^^
  File "E:\formis_app\.env\Lib\site-packages\django\shortcuts.py", line 25, in render
    content = loader.render_to_string(template_name, context, request, using=using)
              ^^^^^^^^^^^^^^^^^^^^^^^^^^^^^^^^^^^^^^^^^^^^^^^^^^^^^^^^^^^^^^^^^^^^^
  File "E:\formis_app\.env\Lib\site-packages\django\template\loader.py", line 61, in render_to_string
    template = get_template(template_name, using=using)
               ^^^^^^^^^^^^^^^^^^^^^^^^^^^^^^^^^^^^^^^^
  File "E:\formis_app\.env\Lib\site-packages\django\template\loader.py", line 15, in get_template
    return engine.get_template(template_name)
           ^^^^^^^^^^^^^^^^^^^^^^^^^^^^^^^^^^
  File "E:\formis_app\.env\Lib\site-packages\django\template\backends\django.py", line 79, in get_template
    return Template(self.engine.get_template(template_name), self)
                    ^^^^^^^^^^^^^^^^^^^^^^^^^^^^^^^^^^^^^^^
  File "E:\formis_app\.env\Lib\site-packages\django\template\engine.py", line 177, in get_template
    template, origin = self.find_template(template_name)
                       ^^^^^^^^^^^^^^^^^^^^^^^^^^^^^^^^^
  File "E:\formis_app\.env\Lib\site-packages\django\template\engine.py", line 159, in find_template
    template = loader.get_template(name, skip=skip)
               ^^^^^^^^^^^^^^^^^^^^^^^^^^^^^^^^^^^^
  File "E:\formis_app\.env\Lib\site-packages\django\template\loaders\cached.py", line 57, in get_template
    template = super().get_template(template_name, skip)
               ^^^^^^^^^^^^^^^^^^^^^^^^^^^^^^^^^^^^^^^^^
  File "E:\formis_app\.env\Lib\site-packages\django\template\loaders\base.py", line 28, in get_template
    return Template(
           ^^^^^^^^^
  File "E:\formis_app\.env\Lib\site-packages\django\template\base.py", line 154, in __init__
    self.nodelist = self.compile_nodelist()
                    ^^^^^^^^^^^^^^^^^^^^^^^
  File "E:\formis_app\.env\Lib\site-packages\django\template\base.py", line 196, in compile_nodelist
    nodelist = parser.parse()
               ^^^^^^^^^^^^^^
  File "E:\formis_app\.env\Lib\site-packages\django\template\base.py", line 518, in parse
    raise self.error(token, e)
  File "E:\formis_app\.env\Lib\site-packages\django\template\base.py", line 516, in parse
    compiled_result = compile_func(self, token)
                      ^^^^^^^^^^^^^^^^^^^^^^^^^
  File "E:\formis_app\.env\Lib\site-packages\django\template\loader_tags.py", line 299, in do_extends
    nodelist = parser.parse()
               ^^^^^^^^^^^^^^
  File "E:\formis_app\.env\Lib\site-packages\django\template\base.py", line 518, in parse
    raise self.error(token, e)
  File "E:\formis_app\.env\Lib\site-packages\django\template\base.py", line 516, in parse
    compiled_result = compile_func(self, token)
                      ^^^^^^^^^^^^^^^^^^^^^^^^^
  File "E:\formis_app\.env\Lib\site-packages\django\template\loader_tags.py", line 234, in do_block
    nodelist = parser.parse(("endblock",))
               ^^^^^^^^^^^^^^^^^^^^^^^^^^^
  File "E:\formis_app\.env\Lib\site-packages\django\template\base.py", line 489, in parse
    raise self.error(token, e)
  File "E:\formis_app\.env\Lib\site-packages\django\template\base.py", line 487, in parse
    filter_expression = self.compile_filter(token.contents)
                        ^^^^^^^^^^^^^^^^^^^^^^^^^^^^^^^^^^^
  File "E:\formis_app\.env\Lib\site-packages\django\template\base.py", line 609, in compile_filter
    return FilterExpression(token, self)
           ^^^^^^^^^^^^^^^^^^^^^^^^^^^^^
  File "E:\formis_app\.env\Lib\site-packages\django\template\base.py", line 705, in __init__
    filter_func = parser.find_filter(filter_name)
                  ^^^^^^^^^^^^^^^^^^^^^^^^^^^^^^^
  File "E:\formis_app\.env\Lib\site-packages\django\template\base.py", line 615, in find_filter
    raise TemplateSyntaxError("Invalid filter: '%s'" % filter_name)
django.template.exceptions.TemplateSyntaxError: Invalid filter: 'abs'
ERROR 2025-11-15 02:33:10,858 basehttp "GET /dashboard/comptable/rapports/compte-resultat/?date_debut=2025-11-01&date_fin=2025-11-15&format=view HTTP/1.1" 500 217339
INFO 2025-11-15 02:34:36,535 basehttp "GET /dashboard/comptable/rapports/compte-resultat/?date_debut=2025-11-01&date_fin=2025-11-15&format=view HTTP/1.1" 200 40548
INFO 2025-11-15 02:34:54,106 basehttp "GET /dashboard/comptable/rapports/ HTTP/1.1" 200 51887
ERROR 2025-11-15 02:35:45,570 log Internal Server Error: /dashboard/comptable/rapports/tresorerie/
Traceback (most recent call last):
  File "E:\formis_app\.env\Lib\site-packages\django\core\handlers\exception.py", line 55, in inner
    response = get_response(request)
               ^^^^^^^^^^^^^^^^^^^^^
  File "E:\formis_app\.env\Lib\site-packages\django\core\handlers\base.py", line 197, in _get_response
    response = wrapped_callback(request, *callback_args, **callback_kwargs)
               ^^^^^^^^^^^^^^^^^^^^^^^^^^^^^^^^^^^^^^^^^^^^^^^^^^^^^^^^^^^^
  File "E:\formis_app\.env\Lib\site-packages\django\contrib\auth\decorators.py", line 59, in _view_wrapper
    return view_func(request, *args, **kwargs)
           ^^^^^^^^^^^^^^^^^^^^^^^^^^^^^^^^^^^
  File "E:\formis_app\_formis\apps\core\dashboard_views.py", line 2577, in comptable_rapport_tresorerie
    date_debut = datetime.datetime.strptime(date_debut, '%Y-%m-%d').date()
                 ^^^^^^^^^^^^^^^^^
AttributeError: type object 'datetime.datetime' has no attribute 'datetime'
ERROR 2025-11-15 02:35:45,590 basehttp "GET /dashboard/comptable/rapports/tresorerie/?date_debut=2025-11-01&date_fin=2025-11-15&format=view HTTP/1.1" 500 84377
INFO 2025-11-15 02:36:14,243 autoreload E:\formis_app\_formis\apps\core\dashboard_views.py changed, reloading.
INFO 2025-11-15 02:36:18,308 autoreload Watching for file changes with StatReloader
INFO 2025-11-15 02:36:23,259 basehttp "GET /dashboard/comptable/rapports/tresorerie/?date_debut=2025-11-01&date_fin=2025-11-15&format=view HTTP/1.1" 200 40317
INFO 2025-11-15 02:36:51,707 basehttp "GET /dashboard/comptable/rapports/ HTTP/1.1" 200 51887
INFO 2025-11-15 02:36:57,474 basehttp "GET /dashboard/comptable/ HTTP/1.1" 200 53552
INFO 2025-11-15 02:37:07,909 basehttp "GET /dashboard/comptable/ HTTP/1.1" 200 53552
INFO 2025-11-15 02:37:15,900 basehttp "GET /dashboard/comptable/paiements/ HTTP/1.1" 200 48642
INFO 2025-11-15 10:29:32,780 basehttp "GET /dashboard/comptable/factures/ HTTP/1.1" 200 47392
INFO 2025-11-15 10:29:37,081 basehttp "GET /dashboard/comptable/depenses/ HTTP/1.1" 200 46746
INFO 2025-11-15 10:29:40,067 basehttp "GET /dashboard/comptable/ecritures/ HTTP/1.1" 200 0
INFO 2025-11-15 10:30:04,916 basehttp "GET /dashboard/comptable/depenses/ HTTP/1.1" 200 46746
INFO 2025-11-15 10:31:21,742 autoreload E:\formis_app\_formis\apps\core\dashboard_views.py changed, reloading.
INFO 2025-11-15 10:31:31,250 autoreload Watching for file changes with StatReloader
INFO 2025-11-15 10:31:47,462 autoreload E:\formis_app\_formis\apps\core\dashboard_views.py changed, reloading.
INFO 2025-11-15 10:31:52,701 autoreload Watching for file changes with StatReloader
INFO 2025-11-15 10:58:21,120 basehttp "GET /dashboard/comptable/rapports/ HTTP/1.1" 200 51887
ERROR 2025-11-15 10:58:27,296 log Internal Server Error: /dashboard/comptable/rapports/bilan/
Traceback (most recent call last):
  File "E:\formis_app\.env\Lib\site-packages\django\core\handlers\exception.py", line 55, in inner
    response = get_response(request)
               ^^^^^^^^^^^^^^^^^^^^^
  File "E:\formis_app\.env\Lib\site-packages\django\core\handlers\base.py", line 197, in _get_response
    response = wrapped_callback(request, *callback_args, **callback_kwargs)
               ^^^^^^^^^^^^^^^^^^^^^^^^^^^^^^^^^^^^^^^^^^^^^^^^^^^^^^^^^^^^
  File "E:\formis_app\.env\Lib\site-packages\django\contrib\auth\decorators.py", line 59, in _view_wrapper
    return view_func(request, *args, **kwargs)
           ^^^^^^^^^^^^^^^^^^^^^^^^^^^^^^^^^^^
  File "E:\formis_app\_formis\apps\core\dashboard_views.py", line 2491, in comptable_rapport_bilan
    return render(request, 'dashboard/comptable/bilan.html', context)
           ^^^^^^^^^^^^^^^^^^^^^^^^^^^^^^^^^^^^^^^^^^^^^^^^^^^^^^^^^^
  File "E:\formis_app\.env\Lib\site-packages\django\shortcuts.py", line 25, in render
    content = loader.render_to_string(template_name, context, request, using=using)
              ^^^^^^^^^^^^^^^^^^^^^^^^^^^^^^^^^^^^^^^^^^^^^^^^^^^^^^^^^^^^^^^^^^^^^
  File "E:\formis_app\.env\Lib\site-packages\django\template\loader.py", line 62, in render_to_string
    return template.render(context, request)
           ^^^^^^^^^^^^^^^^^^^^^^^^^^^^^^^^^
  File "E:\formis_app\.env\Lib\site-packages\django\template\backends\django.py", line 107, in render
    return self.template.render(context)
           ^^^^^^^^^^^^^^^^^^^^^^^^^^^^^
  File "E:\formis_app\.env\Lib\site-packages\django\template\base.py", line 171, in render
    return self._render(context)
           ^^^^^^^^^^^^^^^^^^^^^
  File "E:\formis_app\.env\Lib\site-packages\django\template\base.py", line 163, in _render
    return self.nodelist.render(context)
           ^^^^^^^^^^^^^^^^^^^^^^^^^^^^^
  File "E:\formis_app\.env\Lib\site-packages\django\template\base.py", line 1016, in render
    return SafeString("".join([node.render_annotated(context) for node in self]))
                               ^^^^^^^^^^^^^^^^^^^^^^^^^^^^^^
  File "E:\formis_app\.env\Lib\site-packages\django\template\base.py", line 977, in render_annotated
    return self.render(context)
           ^^^^^^^^^^^^^^^^^^^^
  File "E:\formis_app\.env\Lib\site-packages\django\template\loader_tags.py", line 159, in render
    return compiled_parent._render(context)
           ^^^^^^^^^^^^^^^^^^^^^^^^^^^^^^^^
  File "E:\formis_app\.env\Lib\site-packages\django\template\base.py", line 163, in _render
    return self.nodelist.render(context)
           ^^^^^^^^^^^^^^^^^^^^^^^^^^^^^
  File "E:\formis_app\.env\Lib\site-packages\django\template\base.py", line 1016, in render
    return SafeString("".join([node.render_annotated(context) for node in self]))
                               ^^^^^^^^^^^^^^^^^^^^^^^^^^^^^^
  File "E:\formis_app\.env\Lib\site-packages\django\template\base.py", line 977, in render_annotated
    return self.render(context)
           ^^^^^^^^^^^^^^^^^^^^
  File "E:\formis_app\.env\Lib\site-packages\django\template\loader_tags.py", line 65, in render
    result = block.nodelist.render(context)
             ^^^^^^^^^^^^^^^^^^^^^^^^^^^^^^
  File "E:\formis_app\.env\Lib\site-packages\django\template\base.py", line 1016, in render
    return SafeString("".join([node.render_annotated(context) for node in self]))
                               ^^^^^^^^^^^^^^^^^^^^^^^^^^^^^^
  File "E:\formis_app\.env\Lib\site-packages\django\template\base.py", line 977, in render_annotated
    return self.render(context)
           ^^^^^^^^^^^^^^^^^^^^
  File "E:\formis_app\.env\Lib\site-packages\django\template\defaulttags.py", line 480, in render
    url = reverse(view_name, args=args, kwargs=kwargs, current_app=current_app)
          ^^^^^^^^^^^^^^^^^^^^^^^^^^^^^^^^^^^^^^^^^^^^^^^^^^^^^^^^^^^^^^^^^^^^^
  File "E:\formis_app\.env\Lib\site-packages\django\urls\base.py", line 98, in reverse
    resolved_url = resolver._reverse_with_prefix(view, prefix, *args, **kwargs)
                   ^^^^^^^^^^^^^^^^^^^^^^^^^^^^^^^^^^^^^^^^^^^^^^^^^^^^^^^^^^^^
  File "E:\formis_app\.env\Lib\site-packages\django\urls\resolvers.py", line 831, in _reverse_with_prefix
    raise NoReverseMatch(msg)
django.urls.exceptions.NoReverseMatch: Reverse for 'comptable_rapport_bilan' not found. 'comptable_rapport_bilan' is not a valid view function or pattern name.
ERROR 2025-11-15 10:58:27,330 basehttp "GET /dashboard/comptable/rapports/bilan/?date_debut=2025-11-01&date_fin=2025-11-15&format=view HTTP/1.1" 500 177848
ERROR 2025-11-15 10:58:59,048 log Internal Server Error: /dashboard/comptable/rapports/bilan/
Traceback (most recent call last):
  File "E:\formis_app\.env\Lib\site-packages\django\urls\base.py", line 81, in reverse
    extra, resolver = resolver.namespace_dict[ns]
                      ~~~~~~~~~~~~~~~~~~~~~~~^^^^
KeyError: 'dashbord'

During handling of the above exception, another exception occurred:

Traceback (most recent call last):
  File "E:\formis_app\.env\Lib\site-packages\django\core\handlers\exception.py", line 55, in inner
    response = get_response(request)
               ^^^^^^^^^^^^^^^^^^^^^
  File "E:\formis_app\.env\Lib\site-packages\django\core\handlers\base.py", line 197, in _get_response
    response = wrapped_callback(request, *callback_args, **callback_kwargs)
               ^^^^^^^^^^^^^^^^^^^^^^^^^^^^^^^^^^^^^^^^^^^^^^^^^^^^^^^^^^^^
  File "E:\formis_app\.env\Lib\site-packages\django\contrib\auth\decorators.py", line 59, in _view_wrapper
    return view_func(request, *args, **kwargs)
           ^^^^^^^^^^^^^^^^^^^^^^^^^^^^^^^^^^^
  File "E:\formis_app\_formis\apps\core\dashboard_views.py", line 2491, in comptable_rapport_bilan
    return render(request, 'dashboard/comptable/bilan.html', context)
           ^^^^^^^^^^^^^^^^^^^^^^^^^^^^^^^^^^^^^^^^^^^^^^^^^^^^^^^^^^
  File "E:\formis_app\.env\Lib\site-packages\django\shortcuts.py", line 25, in render
    content = loader.render_to_string(template_name, context, request, using=using)
              ^^^^^^^^^^^^^^^^^^^^^^^^^^^^^^^^^^^^^^^^^^^^^^^^^^^^^^^^^^^^^^^^^^^^^
  File "E:\formis_app\.env\Lib\site-packages\django\template\loader.py", line 62, in render_to_string
    return template.render(context, request)
           ^^^^^^^^^^^^^^^^^^^^^^^^^^^^^^^^^
  File "E:\formis_app\.env\Lib\site-packages\django\template\backends\django.py", line 107, in render
    return self.template.render(context)
           ^^^^^^^^^^^^^^^^^^^^^^^^^^^^^
  File "E:\formis_app\.env\Lib\site-packages\django\template\base.py", line 171, in render
    return self._render(context)
           ^^^^^^^^^^^^^^^^^^^^^
  File "E:\formis_app\.env\Lib\site-packages\django\template\base.py", line 163, in _render
    return self.nodelist.render(context)
           ^^^^^^^^^^^^^^^^^^^^^^^^^^^^^
  File "E:\formis_app\.env\Lib\site-packages\django\template\base.py", line 1016, in render
    return SafeString("".join([node.render_annotated(context) for node in self]))
                               ^^^^^^^^^^^^^^^^^^^^^^^^^^^^^^
  File "E:\formis_app\.env\Lib\site-packages\django\template\base.py", line 977, in render_annotated
    return self.render(context)
           ^^^^^^^^^^^^^^^^^^^^
  File "E:\formis_app\.env\Lib\site-packages\django\template\loader_tags.py", line 159, in render
    return compiled_parent._render(context)
           ^^^^^^^^^^^^^^^^^^^^^^^^^^^^^^^^
  File "E:\formis_app\.env\Lib\site-packages\django\template\base.py", line 163, in _render
    return self.nodelist.render(context)
           ^^^^^^^^^^^^^^^^^^^^^^^^^^^^^
  File "E:\formis_app\.env\Lib\site-packages\django\template\base.py", line 1016, in render
    return SafeString("".join([node.render_annotated(context) for node in self]))
                               ^^^^^^^^^^^^^^^^^^^^^^^^^^^^^^
  File "E:\formis_app\.env\Lib\site-packages\django\template\base.py", line 977, in render_annotated
    return self.render(context)
           ^^^^^^^^^^^^^^^^^^^^
  File "E:\formis_app\.env\Lib\site-packages\django\template\loader_tags.py", line 65, in render
    result = block.nodelist.render(context)
             ^^^^^^^^^^^^^^^^^^^^^^^^^^^^^^
  File "E:\formis_app\.env\Lib\site-packages\django\template\base.py", line 1016, in render
    return SafeString("".join([node.render_annotated(context) for node in self]))
                               ^^^^^^^^^^^^^^^^^^^^^^^^^^^^^^
  File "E:\formis_app\.env\Lib\site-packages\django\template\base.py", line 977, in render_annotated
    return self.render(context)
           ^^^^^^^^^^^^^^^^^^^^
  File "E:\formis_app\.env\Lib\site-packages\django\template\defaulttags.py", line 480, in render
    url = reverse(view_name, args=args, kwargs=kwargs, current_app=current_app)
          ^^^^^^^^^^^^^^^^^^^^^^^^^^^^^^^^^^^^^^^^^^^^^^^^^^^^^^^^^^^^^^^^^^^^^
  File "E:\formis_app\.env\Lib\site-packages\django\urls\base.py", line 92, in reverse
    raise NoReverseMatch("%s is not a registered namespace" % key)
django.urls.exceptions.NoReverseMatch: 'dashbord' is not a registered namespace
ERROR 2025-11-15 10:58:59,058 basehttp "GET /dashboard/comptable/rapports/bilan/?date_debut=2025-11-01&date_fin=2025-11-15&format=view HTTP/1.1" 500 179254
INFO 2025-11-15 10:59:22,340 basehttp "GET /dashboard/comptable/rapports/bilan/?date_debut=2025-11-01&date_fin=2025-11-15&format=view HTTP/1.1" 200 38612
INFO 2025-11-15 10:59:42,524 basehttp "GET /dashboard/comptable/rapports/bilan/?date_debut=2025-11-01&date_fin=2025-11-15&format=view HTTP/1.1" 200 40875
INFO 2025-11-15 11:00:07,933 basehttp "GET /dashboard/comptable/rapports/ HTTP/1.1" 200 51887
INFO 2025-11-15 11:00:11,572 basehttp "GET /dashboard/comptable/rapports/compte-resultat/?date_debut=2025-11-01&date_fin=2025-11-15&format=view HTTP/1.1" 200 40548
INFO 2025-11-15 11:00:28,892 basehttp "GET /dashboard/comptable/rapports/ HTTP/1.1" 200 51887
INFO 2025-11-15 11:00:34,301 basehttp "GET /dashboard/comptable/rapports/?type=grand-livre&date_debut=2025-11-01&date_fin=2025-11-15&format=view HTTP/1.1" 200 51887
INFO 2025-11-15 11:59:16,321 basehttp "GET /dashboard/comptable/factures/ HTTP/1.1" 200 47392
INFO 2025-11-15 11:59:19,384 basehttp "GET /dashboard/comptable/depenses/ HTTP/1.1" 200 46746
INFO 2025-11-15 11:59:21,780 basehttp "GET /accounting/depenses/creer/ HTTP/1.1" 200 42221
INFO 2025-11-15 11:59:28,104 basehttp "GET /dashboard/comptable/depenses/ HTTP/1.1" 200 46746
INFO 2025-11-15 12:46:13,599 basehttp "GET /dashboard/comptable/depenses/ HTTP/1.1" 200 46746
INFO 2025-11-15 12:46:18,364 basehttp "GET /dashboard/comptable/paiements/ HTTP/1.1" 200 48642
INFO 2025-11-15 12:46:20,831 basehttp "GET /dashboard/comptable/factures/ HTTP/1.1" 200 47392
INFO 2025-11-15 12:46:22,706 basehttp "GET /dashboard/comptable/depenses/ HTTP/1.1" 200 46746
INFO 2025-11-15 12:46:24,738 basehttp "GET /dashboard/comptable/ecritures/ HTTP/1.1" 200 46341
INFO 2025-11-15 12:46:35,586 basehttp "GET /accounting/ecritures/creer/ HTTP/1.1" 200 0
INFO 2025-11-15 12:46:40,890 basehttp "GET /dashboard/comptable/ecritures/ HTTP/1.1" 200 46341
INFO 2025-11-15 12:47:43,786 basehttp "GET /dashboard/comptable/depenses/ HTTP/1.1" 200 46746
INFO 2025-11-15 12:47:46,588 basehttp "GET /dashboard/comptable/comptes/ HTTP/1.1" 200 82081
INFO 2025-11-15 12:48:06,139 basehttp "GET /dashboard/comptable/comptes/?categorie=PASSIF HTTP/1.1" 200 52949
INFO 2025-11-15 12:48:10,089 basehttp "GET /dashboard/comptable/comptes/?categorie=CHARGES HTTP/1.1" 200 53878
INFO 2025-11-15 12:48:13,301 basehttp "GET /dashboard/comptable/comptes/?categorie=PRODUITS HTTP/1.1" 200 54793
INFO 2025-11-15 12:48:16,948 basehttp "GET /dashboard/comptable/comptes/?categorie=TRESORERIE HTTP/1.1" 200 47479
INFO 2025-11-15 12:54:29,383 basehttp "GET /dashboard/comptable/rapports/ HTTP/1.1" 200 51887
INFO 2025-11-15 12:54:44,386 basehttp "GET /dashboard/comptable/budget/ HTTP/1.1" 200 0
INFO 2025-11-15 12:54:54,819 basehttp "GET /dashboard/comptable/rapports/ HTTP/1.1" 200 51887
INFO 2025-11-15 12:56:42,349 basehttp "GET /dashboard/comptable/rapports/tresorerie/?date_debut=2025-11-01&date_fin=2025-11-15&format=view HTTP/1.1" 200 40317
INFO 2025-11-15 13:11:51,002 basehttp "GET /dashboard/comptable/ecritures/ HTTP/1.1" 200 46341
INFO 2025-11-15 13:12:18,030 basehttp "GET /dashboard/comptable/ecritures/ HTTP/1.1" 200 47829
INFO 2025-11-15 13:12:44,773 basehttp "GET /dashboard/comptable/ecritures/ HTTP/1.1" 200 46341
INFO 2025-11-15 13:13:10,387 basehttp "GET /dashboard/comptable/exercices/ HTTP/1.1" 200 0
INFO 2025-11-15 13:13:41,564 basehttp "GET /dashboard/comptable/exercices/ HTTP/1.1" 200 48049
INFO 2025-11-15 13:14:13,389 basehttp "GET /dashboard/comptable/budget/ HTTP/1.1" 200 0
INFO 2025-11-15 13:14:59,595 basehttp "GET /dashboard/comptable/budget/ HTTP/1.1" 200 35712
INFO 2025-11-15 13:15:50,722 basehttp "GET /accounts/logout/ HTTP/1.1" 302 0
INFO 2025-11-15 13:15:50,808 basehttp "GET /accounts/login/ HTTP/1.1" 200 16689
INFO 2025-11-15 13:16:00,610 basehttp "POST /accounts/login/ HTTP/1.1" 302 0
INFO 2025-11-15 13:16:01,096 basehttp "GET /dashboard/admin/ HTTP/1.1" 200 64206
WARNING 2025-11-15 13:16:01,304 basehttp "GET /static/css/dashboard/admin.css HTTP/1.1" 404 1996
INFO 2025-11-15 13:16:01,390 basehttp "GET /media/profils/IMG-20220507-WA0018.jpg HTTP/1.1" 200 35474
INFO 2025-11-15 13:16:05,724 basehttp "GET /dashboard/admin/users/ HTTP/1.1" 200 109719
INFO 2025-11-15 13:16:06,129 basehttp "GET /media/profils/IMG-20220507-WA0015.jpg HTTP/1.1" 200 25481
INFO 2025-11-15 13:16:06,159 basehttp "GET /media/profils/IMG-20220507-WA0030_qeI1OYS.jpg HTTP/1.1" 200 47619
INFO 2025-11-15 13:16:06,732 basehttp "GET /media/profils/IMG_20211223_151546_741.jpg HTTP/1.1" 200 2749121
INFO 2025-11-15 13:16:12,688 basehttp "GET /dashboard/admin/comptables/ HTTP/1.1" 200 88548
INFO 2025-11-15 13:16:27,089 basehttp "GET /dashboard/admin/department_heads/ HTTP/1.1" 200 86045
INFO 2025-11-15 13:16:31,285 basehttp "GET /dashboard/admin/teachers/ HTTP/1.1" 200 75352
INFO 2025-11-15 13:16:34,152 basehttp "GET /dashboard/admin/students/ HTTP/1.1" 200 86658
INFO 2025-11-15 13:16:41,294 basehttp "GET /dashboard/admin/candidatures/ HTTP/1.1" 200 75566
INFO 2025-11-15 13:16:55,919 basehttp "GET /dashboard/admin/inscriptions/ HTTP/1.1" 200 69381
INFO 2025-11-15 13:17:05,823 basehttp "GET /dashboard/admin/users/ HTTP/1.1" 200 109297
INFO 2025-11-15 13:17:08,852 basehttp "GET /dashboard/admin/comptables/ HTTP/1.1" 200 88548
INFO 2025-11-15 13:17:12,228 basehttp "GET /dashboard/admin/users/ HTTP/1.1" 200 109297
INFO 2025-11-15 13:17:48,956 basehttp "GET /dashboard/admin/ HTTP/1.1" 200 64206
WARNING 2025-11-15 13:17:49,133 basehttp "GET /static/css/dashboard/admin.css HTTP/1.1" 404 1996
INFO 2025-11-15 13:18:00,548 basehttp "GET /dashboard/admin/users/ HTTP/1.1" 200 109297
INFO 2025-11-15 14:08:48,737 basehttp "GET / HTTP/1.1" 302 0
INFO 2025-11-15 14:08:48,994 basehttp "GET /dashboard/admin/ HTTP/1.1" 200 64206
INFO 2025-11-15 14:08:49,397 basehttp "GET /media/profils/IMG-20220507-WA0018.jpg HTTP/1.1" 200 35474
WARNING 2025-11-15 14:08:49,446 basehttp "GET /static/css/dashboard/admin.css HTTP/1.1" 404 1996
INFO 2025-11-15 14:08:49,452 basehttp "GET /static/css/dashboard/dashboard.css HTTP/1.1" 200 19647
INFO 2025-11-15 14:08:49,463 basehttp "GET /static/js/dashboard/components.js HTTP/1.1" 200 28077
INFO 2025-11-15 14:08:49,563 basehttp "GET /static/js/dashboard/dashboard.js HTTP/1.1" 200 22935
WARNING 2025-11-15 14:08:53,333 log Not Found: /favicon.ico
WARNING 2025-11-15 14:08:53,354 basehttp "GET /favicon.ico HTTP/1.1" 404 4175
INFO 2025-11-15 18:22:53,871 basehttp "GET /dashboard/admin/ HTTP/1.1" 200 64206
INFO 2025-11-15 18:22:54,539 basehttp "GET /static/css/dashboard/dashboard.css HTTP/1.1" 200 19647
WARNING 2025-11-15 18:22:54,555 basehttp "GET /static/css/dashboard/admin.css HTTP/1.1" 404 1996
INFO 2025-11-15 18:22:54,568 basehttp "GET /media/profils/IMG-20220507-WA0018.jpg HTTP/1.1" 200 35474
INFO 2025-11-15 18:22:54,579 basehttp "GET /static/js/dashboard/dashboard.js HTTP/1.1" 200 22935
INFO 2025-11-15 18:22:54,867 basehttp "GET /static/js/dashboard/components.js HTTP/1.1" 200 28077
INFO 2025-11-15 18:23:04,355 basehttp "GET /accounts/logout/ HTTP/1.1" 302 0
INFO 2025-11-15 18:23:04,392 basehttp "GET /accounts/login/ HTTP/1.1" 200 16586
INFO 2025-11-15 18:23:54,960 basehttp "POST /accounts/login/ HTTP/1.1" 302 0
INFO 2025-11-15 18:23:55,280 basehttp "GET /dashboard/comptable/ HTTP/1.1" 200 53552
INFO 2025-11-15 18:23:55,669 basehttp "GET /static/images/default-avatar.jpg HTTP/1.1" 200 99373
INFO 2025-11-15 18:24:01,709 basehttp "GET /dashboard/comptable/exercices/ HTTP/1.1" 200 48049
INFO 2025-11-15 18:24:05,160 basehttp "GET /dashboard/comptable/budget/ HTTP/1.1" 200 35712
INFO 2025-11-15 18:24:14,365 basehttp "GET /dashboard/comptable/exercices/ HTTP/1.1" 200 48049
INFO 2025-11-15 18:37:38,700 basehttp "GET /dashboard/comptable/rapports/ HTTP/1.1" 200 51887
INFO 2025-11-15 22:26:16,751 basehttp "GET /dashboard/comptable/budget/ HTTP/1.1" 200 35712
INFO 2025-11-15 22:26:44,146 basehttp "GET /dashboard/comptable/rapports/ HTTP/1.1" 200 51887
ERROR 2025-11-15 22:28:10,662 log Internal Server Error: /dashboard/comptable/rapports/
Traceback (most recent call last):
  File "E:\formis_app\.env\Lib\site-packages\django\core\handlers\exception.py", line 55, in inner
    response = get_response(request)
               ^^^^^^^^^^^^^^^^^^^^^
  File "E:\formis_app\.env\Lib\site-packages\django\core\handlers\base.py", line 220, in _get_response
    response = response.render()
               ^^^^^^^^^^^^^^^^^
  File "E:\formis_app\.env\Lib\site-packages\django\template\response.py", line 114, in render
    self.content = self.rendered_content
                   ^^^^^^^^^^^^^^^^^^^^^
  File "E:\formis_app\.env\Lib\site-packages\django\template\response.py", line 92, in rendered_content
    return template.render(context, self._request)
           ^^^^^^^^^^^^^^^^^^^^^^^^^^^^^^^^^^^^^^^
  File "E:\formis_app\.env\Lib\site-packages\django\template\backends\django.py", line 107, in render
    return self.template.render(context)
           ^^^^^^^^^^^^^^^^^^^^^^^^^^^^^
  File "E:\formis_app\.env\Lib\site-packages\django\template\base.py", line 171, in render
    return self._render(context)
           ^^^^^^^^^^^^^^^^^^^^^
  File "E:\formis_app\.env\Lib\site-packages\django\template\base.py", line 163, in _render
    return self.nodelist.render(context)
           ^^^^^^^^^^^^^^^^^^^^^^^^^^^^^
  File "E:\formis_app\.env\Lib\site-packages\django\template\base.py", line 1016, in render
    return SafeString("".join([node.render_annotated(context) for node in self]))
                               ^^^^^^^^^^^^^^^^^^^^^^^^^^^^^^
  File "E:\formis_app\.env\Lib\site-packages\django\template\base.py", line 977, in render_annotated
    return self.render(context)
           ^^^^^^^^^^^^^^^^^^^^
  File "E:\formis_app\.env\Lib\site-packages\django\template\loader_tags.py", line 159, in render
    return compiled_parent._render(context)
           ^^^^^^^^^^^^^^^^^^^^^^^^^^^^^^^^
  File "E:\formis_app\.env\Lib\site-packages\django\template\base.py", line 163, in _render
    return self.nodelist.render(context)
           ^^^^^^^^^^^^^^^^^^^^^^^^^^^^^
  File "E:\formis_app\.env\Lib\site-packages\django\template\base.py", line 1016, in render
    return SafeString("".join([node.render_annotated(context) for node in self]))
                               ^^^^^^^^^^^^^^^^^^^^^^^^^^^^^^
  File "E:\formis_app\.env\Lib\site-packages\django\template\base.py", line 977, in render_annotated
    return self.render(context)
           ^^^^^^^^^^^^^^^^^^^^
  File "E:\formis_app\.env\Lib\site-packages\django\template\loader_tags.py", line 65, in render
    result = block.nodelist.render(context)
             ^^^^^^^^^^^^^^^^^^^^^^^^^^^^^^
  File "E:\formis_app\.env\Lib\site-packages\django\template\base.py", line 1016, in render
    return SafeString("".join([node.render_annotated(context) for node in self]))
                               ^^^^^^^^^^^^^^^^^^^^^^^^^^^^^^
  File "E:\formis_app\.env\Lib\site-packages\django\template\base.py", line 977, in render_annotated
    return self.render(context)
           ^^^^^^^^^^^^^^^^^^^^
  File "E:\formis_app\.env\Lib\site-packages\django\template\defaulttags.py", line 480, in render
    url = reverse(view_name, args=args, kwargs=kwargs, current_app=current_app)
          ^^^^^^^^^^^^^^^^^^^^^^^^^^^^^^^^^^^^^^^^^^^^^^^^^^^^^^^^^^^^^^^^^^^^^
  File "E:\formis_app\.env\Lib\site-packages\django\urls\base.py", line 98, in reverse
    resolved_url = resolver._reverse_with_prefix(view, prefix, *args, **kwargs)
                   ^^^^^^^^^^^^^^^^^^^^^^^^^^^^^^^^^^^^^^^^^^^^^^^^^^^^^^^^^^^^
  File "E:\formis_app\.env\Lib\site-packages\django\urls\resolvers.py", line 831, in _reverse_with_prefix
    raise NoReverseMatch(msg)
django.urls.exceptions.NoReverseMatch: Reverse for 'comptable_rapport_balance' not found. 'comptable_rapport_balance' is not a valid view function or pattern name.
ERROR 2025-11-15 22:28:10,676 basehttp "GET /dashboard/comptable/rapports/ HTTP/1.1" 500 179313
ERROR 2025-11-15 22:28:18,935 log Internal Server Error: /dashboard/comptable/rapports/
Traceback (most recent call last):
  File "E:\formis_app\.env\Lib\site-packages\django\core\handlers\exception.py", line 55, in inner
    response = get_response(request)
               ^^^^^^^^^^^^^^^^^^^^^
  File "E:\formis_app\.env\Lib\site-packages\django\core\handlers\base.py", line 220, in _get_response
    response = response.render()
               ^^^^^^^^^^^^^^^^^
  File "E:\formis_app\.env\Lib\site-packages\django\template\response.py", line 114, in render
    self.content = self.rendered_content
                   ^^^^^^^^^^^^^^^^^^^^^
  File "E:\formis_app\.env\Lib\site-packages\django\template\response.py", line 92, in rendered_content
    return template.render(context, self._request)
           ^^^^^^^^^^^^^^^^^^^^^^^^^^^^^^^^^^^^^^^
  File "E:\formis_app\.env\Lib\site-packages\django\template\backends\django.py", line 107, in render
    return self.template.render(context)
           ^^^^^^^^^^^^^^^^^^^^^^^^^^^^^
  File "E:\formis_app\.env\Lib\site-packages\django\template\base.py", line 171, in render
    return self._render(context)
           ^^^^^^^^^^^^^^^^^^^^^
  File "E:\formis_app\.env\Lib\site-packages\django\template\base.py", line 163, in _render
    return self.nodelist.render(context)
           ^^^^^^^^^^^^^^^^^^^^^^^^^^^^^
  File "E:\formis_app\.env\Lib\site-packages\django\template\base.py", line 1016, in render
    return SafeString("".join([node.render_annotated(context) for node in self]))
                               ^^^^^^^^^^^^^^^^^^^^^^^^^^^^^^
  File "E:\formis_app\.env\Lib\site-packages\django\template\base.py", line 977, in render_annotated
    return self.render(context)
           ^^^^^^^^^^^^^^^^^^^^
  File "E:\formis_app\.env\Lib\site-packages\django\template\loader_tags.py", line 159, in render
    return compiled_parent._render(context)
           ^^^^^^^^^^^^^^^^^^^^^^^^^^^^^^^^
  File "E:\formis_app\.env\Lib\site-packages\django\template\base.py", line 163, in _render
    return self.nodelist.render(context)
           ^^^^^^^^^^^^^^^^^^^^^^^^^^^^^
  File "E:\formis_app\.env\Lib\site-packages\django\template\base.py", line 1016, in render
    return SafeString("".join([node.render_annotated(context) for node in self]))
                               ^^^^^^^^^^^^^^^^^^^^^^^^^^^^^^
  File "E:\formis_app\.env\Lib\site-packages\django\template\base.py", line 977, in render_annotated
    return self.render(context)
           ^^^^^^^^^^^^^^^^^^^^
  File "E:\formis_app\.env\Lib\site-packages\django\template\loader_tags.py", line 65, in render
    result = block.nodelist.render(context)
             ^^^^^^^^^^^^^^^^^^^^^^^^^^^^^^
  File "E:\formis_app\.env\Lib\site-packages\django\template\base.py", line 1016, in render
    return SafeString("".join([node.render_annotated(context) for node in self]))
                               ^^^^^^^^^^^^^^^^^^^^^^^^^^^^^^
  File "E:\formis_app\.env\Lib\site-packages\django\template\base.py", line 977, in render_annotated
    return self.render(context)
           ^^^^^^^^^^^^^^^^^^^^
  File "E:\formis_app\.env\Lib\site-packages\django\template\defaulttags.py", line 480, in render
    url = reverse(view_name, args=args, kwargs=kwargs, current_app=current_app)
          ^^^^^^^^^^^^^^^^^^^^^^^^^^^^^^^^^^^^^^^^^^^^^^^^^^^^^^^^^^^^^^^^^^^^^
  File "E:\formis_app\.env\Lib\site-packages\django\urls\base.py", line 98, in reverse
    resolved_url = resolver._reverse_with_prefix(view, prefix, *args, **kwargs)
                   ^^^^^^^^^^^^^^^^^^^^^^^^^^^^^^^^^^^^^^^^^^^^^^^^^^^^^^^^^^^^
  File "E:\formis_app\.env\Lib\site-packages\django\urls\resolvers.py", line 831, in _reverse_with_prefix
    raise NoReverseMatch(msg)
django.urls.exceptions.NoReverseMatch: Reverse for 'comptable_rapport_balance' not found. 'comptable_rapport_balance' is not a valid view function or pattern name.
ERROR 2025-11-15 22:28:18,946 basehttp "GET /dashboard/comptable/rapports/ HTTP/1.1" 500 179313
INFO 2025-11-15 22:29:48,147 autoreload E:\formis_app\_formis\apps\core\dashboard_views.py changed, reloading.
INFO 2025-11-15 22:29:58,710 autoreload Watching for file changes with StatReloader
INFO 2025-11-15 22:30:17,521 autoreload E:\formis_app\_formis\apps\core\dashboard_views.py changed, reloading.
INFO 2025-11-15 22:30:19,895 autoreload Watching for file changes with StatReloader
INFO 2025-11-15 22:31:01,348 autoreload E:\formis_app\_formis\apps\core\dashboard_urls.py changed, reloading.
INFO 2025-11-15 22:31:02,516 autoreload Watching for file changes with StatReloader
INFO 2025-11-15 22:31:07,879 basehttp "GET /dashboard/comptable/rapports/ HTTP/1.1" 200 51885
INFO 2025-11-15 22:31:12,492 basehttp "GET /dashboard/comptable/rapports/balance/?date_debut=2025-11-01&date_fin=2025-11-15&format=view HTTP/1.1" 200 46226
INFO 2025-11-15 22:31:31,518 basehttp "GET /dashboard/comptable/rapports/ HTTP/1.1" 200 51885
INFO 2025-11-15 22:31:44,654 basehttp "GET /dashboard/comptable/factures/ HTTP/1.1" 200 47392
INFO 2025-11-15 22:31:46,555 basehttp "GET /accounting/factures/creer/ HTTP/1.1" 200 49149
ERROR 2025-11-15 22:32:42,034 log Internal Server Error: /accounting/factures/creer/
Traceback (most recent call last):
  File "E:\formis_app\.env\Lib\site-packages\django\template\defaulttags.py", line 1035, in find_library
    return parser.libraries[name]
           ~~~~~~~~~~~~~~~~^^^^^^
KeyError: 'widget_tweaks'

During handling of the above exception, another exception occurred:

Traceback (most recent call last):
  File "E:\formis_app\.env\Lib\site-packages\django\core\handlers\exception.py", line 55, in inner
    response = get_response(request)
               ^^^^^^^^^^^^^^^^^^^^^
  File "E:\formis_app\.env\Lib\site-packages\django\core\handlers\base.py", line 220, in _get_response
    response = response.render()
               ^^^^^^^^^^^^^^^^^
  File "E:\formis_app\.env\Lib\site-packages\django\template\response.py", line 114, in render
    self.content = self.rendered_content
                   ^^^^^^^^^^^^^^^^^^^^^
  File "E:\formis_app\.env\Lib\site-packages\django\template\response.py", line 90, in rendered_content
    template = self.resolve_template(self.template_name)
               ^^^^^^^^^^^^^^^^^^^^^^^^^^^^^^^^^^^^^^^^^
  File "E:\formis_app\.env\Lib\site-packages\django\template\response.py", line 72, in resolve_template
    return select_template(template, using=self.using)
           ^^^^^^^^^^^^^^^^^^^^^^^^^^^^^^^^^^^^^^^^^^^
  File "E:\formis_app\.env\Lib\site-packages\django\template\loader.py", line 42, in select_template
    return engine.get_template(template_name)
           ^^^^^^^^^^^^^^^^^^^^^^^^^^^^^^^^^^
  File "E:\formis_app\.env\Lib\site-packages\django\template\backends\django.py", line 79, in get_template
    return Template(self.engine.get_template(template_name), self)
                    ^^^^^^^^^^^^^^^^^^^^^^^^^^^^^^^^^^^^^^^
  File "E:\formis_app\.env\Lib\site-packages\django\template\engine.py", line 177, in get_template
    template, origin = self.find_template(template_name)
                       ^^^^^^^^^^^^^^^^^^^^^^^^^^^^^^^^^
  File "E:\formis_app\.env\Lib\site-packages\django\template\engine.py", line 159, in find_template
    template = loader.get_template(name, skip=skip)
               ^^^^^^^^^^^^^^^^^^^^^^^^^^^^^^^^^^^^
  File "E:\formis_app\.env\Lib\site-packages\django\template\loaders\cached.py", line 57, in get_template
    template = super().get_template(template_name, skip)
               ^^^^^^^^^^^^^^^^^^^^^^^^^^^^^^^^^^^^^^^^^
  File "E:\formis_app\.env\Lib\site-packages\django\template\loaders\base.py", line 28, in get_template
    return Template(
           ^^^^^^^^^
  File "E:\formis_app\.env\Lib\site-packages\django\template\base.py", line 154, in __init__
    self.nodelist = self.compile_nodelist()
                    ^^^^^^^^^^^^^^^^^^^^^^^
  File "E:\formis_app\.env\Lib\site-packages\django\template\base.py", line 196, in compile_nodelist
    nodelist = parser.parse()
               ^^^^^^^^^^^^^^
  File "E:\formis_app\.env\Lib\site-packages\django\template\base.py", line 518, in parse
    raise self.error(token, e)
  File "E:\formis_app\.env\Lib\site-packages\django\template\base.py", line 516, in parse
    compiled_result = compile_func(self, token)
                      ^^^^^^^^^^^^^^^^^^^^^^^^^
  File "E:\formis_app\.env\Lib\site-packages\django\template\loader_tags.py", line 299, in do_extends
    nodelist = parser.parse()
               ^^^^^^^^^^^^^^
  File "E:\formis_app\.env\Lib\site-packages\django\template\base.py", line 518, in parse
    raise self.error(token, e)
  File "E:\formis_app\.env\Lib\site-packages\django\template\base.py", line 516, in parse
    compiled_result = compile_func(self, token)
                      ^^^^^^^^^^^^^^^^^^^^^^^^^
  File "E:\formis_app\.env\Lib\site-packages\django\template\defaulttags.py", line 1097, in load
    lib = find_library(parser, name)
          ^^^^^^^^^^^^^^^^^^^^^^^^^^
  File "E:\formis_app\.env\Lib\site-packages\django\template\defaulttags.py", line 1037, in find_library
    raise TemplateSyntaxError(
django.template.exceptions.TemplateSyntaxError: 'widget_tweaks' is not a registered tag library. Must be one of:
admin_list
admin_modify
admin_urls
cache
humanize
i18n
l10n
log
payment_tags
rest_framework
static
tz
ERROR 2025-11-15 22:32:42,062 basehttp "GET /accounting/factures/creer/ HTTP/1.1" 500 219764
INFO 2025-11-15 22:32:57,615 basehttp "GET /accounting/factures/creer/ HTTP/1.1" 200 49149
INFO 2025-11-15 22:33:15,807 basehttp "GET /dashboard/comptable/depenses/ HTTP/1.1" 200 46746
INFO 2025-11-15 22:33:18,075 basehttp "GET /accounting/depenses/creer/ HTTP/1.1" 200 42221
INFO 2025-11-15 22:33:25,062 basehttp "GET /dashboard/comptable/ecritures/ HTTP/1.1" 200 46341
INFO 2025-11-15 22:33:26,732 basehttp "GET /accounting/ecritures/creer/ HTTP/1.1" 200 0
INFO 2025-11-15 22:33:36,632 basehttp "GET /dashboard/comptable/comptes/ HTTP/1.1" 200 82081
INFO 2025-11-15 22:33:38,615 basehttp "GET /accounting/comptes/creer/ HTTP/1.1" 200 0
INFO 2025-11-15 22:33:46,177 basehttp "GET /dashboard/comptable/ecritures/ HTTP/1.1" 200 46341
INFO 2025-11-15 23:09:56,324 basehttp "GET /dashboard/comptable/ HTTP/1.1" 200 53552
INFO 2025-11-15 23:10:23,136 basehttp "GET /dashboard/comptable/exercices/ HTTP/1.1" 200 48049
INFO 2025-11-15 23:10:25,350 basehttp "GET /dashboard/comptable/rapports/ HTTP/1.1" 200 51885
INFO 2025-11-15 23:10:33,411 basehttp "GET /dashboard/comptable/rapports/?type=grand-livre&date_debut=2025-11-01&date_fin=2025-11-15&format=view HTTP/1.1" 200 51885
INFO 2025-11-15 23:10:47,676 basehttp "GET /dashboard/comptable/rapports/?type=journal&date_debut=2025-11-01&date_fin=2025-11-15&format=view HTTP/1.1" 200 51885
INFO 2025-11-15 23:11:07,972 basehttp "GET /dashboard/comptable/rapports/tresorerie/?date_debut=2025-11-01&date_fin=2025-11-15&format=view HTTP/1.1" 200 40317
INFO 2025-11-15 23:11:37,392 basehttp "GET /dashboard/comptable/rapports/?type=journal&date_debut=2025-11-01&date_fin=2025-11-15&format=view HTTP/1.1" 200 51885
INFO 2025-11-15 23:11:46,520 basehttp "GET /dashboard/comptable/exercices/ HTTP/1.1" 200 48049
INFO 2025-11-15 23:11:55,165 basehttp "GET /dashboard/comptable/budget/ HTTP/1.1" 200 35712
INFO 2025-11-15 23:20:01,751 basehttp "GET /dashboard/comptable/factures/ HTTP/1.1" 200 47392
INFO 2025-11-15 23:20:03,980 basehttp "GET /dashboard/comptable/depenses/ HTTP/1.1" 200 46746
INFO 2025-11-15 23:20:07,359 basehttp "GET /accounting/depenses/creer/ HTTP/1.1" 200 42221
INFO 2025-11-15 23:20:20,750 basehttp "GET /dashboard/comptable/ecritures/ HTTP/1.1" 200 46341
INFO 2025-11-15 23:20:22,298 basehttp "GET /accounting/ecritures/creer/ HTTP/1.1" 200 0
INFO 2025-11-15 23:20:39,194 basehttp "GET /dashboard/comptable/ecritures/ HTTP/1.1" 200 46341
INFO 2025-11-15 23:20:41,823 basehttp "GET /dashboard/comptable/comptes/ HTTP/1.1" 200 82081
INFO 2025-11-15 23:20:43,847 basehttp "GET /accounting/comptes/creer/ HTTP/1.1" 200 0
INFO 2025-11-16 01:09:52,750 basehttp "GET /dashboard/comptable/comptes/ HTTP/1.1" 200 82081
INFO 2025-11-16 01:10:00,203 basehttp "GET /dashboard/comptable/comptes/?categorie=PASSIF HTTP/1.1" 200 52949
INFO 2025-11-16 01:10:02,425 basehttp "GET /dashboard/comptable/comptes/?categorie=CHARGES HTTP/1.1" 200 53878
INFO 2025-11-16 01:10:04,310 basehttp "GET /dashboard/comptable/comptes/?categorie=PRODUITS HTTP/1.1" 200 54793
INFO 2025-11-16 01:10:05,802 basehttp "GET /dashboard/comptable/comptes/?categorie=TRESORERIE HTTP/1.1" 200 47479
INFO 2025-11-16 01:10:07,606 basehttp "GET /dashboard/comptable/comptes/?categorie=ACTIF HTTP/1.1" 200 52062
INFO 2025-11-16 01:20:40,388 basehttp "GET /dashboard/comptable/rapports/ HTTP/1.1" 200 51894
INFO 2025-11-16 01:20:45,548 basehttp "GET /dashboard/comptable/rapports/?type=journal&date_debut=2025-11-01&date_fin=2025-11-16&format=view HTTP/1.1" 200 51894
INFO 2025-11-16 01:21:19,331 basehttp "GET /dashboard/comptable/rapports/?type=journal&date_debut=2025-11-01&date_fin=2025-11-16&format=view HTTP/1.1" 200 51894
INFO 2025-11-16 16:12:09,936 autoreload Watching for file changes with StatReloader
INFO 2025-11-16 16:18:03,548 autoreload Watching for file changes with StatReloader
INFO 2025-11-16 16:19:08,704 autoreload Watching for file changes with StatReloader
INFO 2025-11-16 16:19:48,326 autoreload Watching for file changes with StatReloader
INFO 2025-11-16 16:20:17,120 autoreload Watching for file changes with StatReloader
INFO 2025-11-16 16:20:52,256 autoreload Watching for file changes with StatReloader
INFO 2025-11-16 16:22:03,676 autoreload Watching for file changes with StatReloader
INFO 2025-11-16 16:23:25,333 autoreload Watching for file changes with StatReloader
INFO 2025-11-16 16:24:21,643 autoreload Watching for file changes with StatReloader
INFO 2025-11-16 16:25:10,143 autoreload Watching for file changes with StatReloader
INFO 2025-11-16 16:25:55,854 autoreload Watching for file changes with StatReloader
INFO 2025-11-16 16:27:33,545 autoreload Watching for file changes with StatReloader
INFO 2025-11-16 16:30:10,649 basehttp "GET / HTTP/1.1" 200 16444
WARNING 2025-11-16 16:30:11,492 log Not Found: /favicon.ico
WARNING 2025-11-16 16:30:11,493 basehttp "GET /favicon.ico HTTP/1.1" 404 4175
INFO 2025-11-16 16:30:26,899 basehttp "GET / HTTP/1.1" 200 16444
WARNING 2025-11-16 16:30:28,405 log Not Found: /favicon.ico
WARNING 2025-11-16 16:30:28,406 basehttp "GET /favicon.ico HTTP/1.1" 404 4175
INFO 2025-11-16 16:30:37,453 basehttp "GET /admin/ HTTP/1.1" 302 0
INFO 2025-11-16 16:30:37,488 basehttp "GET /admin/login/?next=/admin/ HTTP/1.1" 200 4244
INFO 2025-11-16 16:30:37,579 basehttp "GET /static/admin/css/base.css HTTP/1.1" 200 22120
INFO 2025-11-16 16:30:37,587 basehttp "GET /static/admin/css/nav_sidebar.css HTTP/1.1" 200 2810
INFO 2025-11-16 16:30:37,590 basehttp "GET /static/admin/js/theme.js HTTP/1.1" 200 1653
INFO 2025-11-16 16:30:37,591 basehttp "GET /static/admin/css/dark_mode.css HTTP/1.1" 200 2808
INFO 2025-11-16 16:30:37,597 basehttp "GET /static/admin/css/login.css HTTP/1.1" 200 951
INFO 2025-11-16 16:30:37,597 basehttp "GET /static/admin/css/responsive.css HTTP/1.1" 200 16565
INFO 2025-11-16 16:30:37,611 basehttp "GET /static/admin/js/nav_sidebar.js HTTP/1.1" 200 3063
INFO 2025-11-16 16:30:37,619 basehttp "GET /static/admin/js/theme.js HTTP/1.1" 200 1653
INFO 2025-11-16 16:30:37,716 basehttp "GET /static/admin/js/nav_sidebar.js HTTP/1.1" 200 3063
INFO 2025-11-16 16:30:50,235 basehttp "POST /admin/login/?next=/admin/ HTTP/1.1" 302 0
INFO 2025-11-16 16:30:50,357 basehttp "GET /admin/ HTTP/1.1" 200 41596
INFO 2025-11-16 16:30:50,417 basehttp "GET /static/admin/css/dashboard.css HTTP/1.1" 200 441
INFO 2025-11-16 16:30:50,473 basehttp "GET /static/admin/img/icon-addlink.svg HTTP/1.1" 200 331
INFO 2025-11-16 16:30:50,473 basehttp "GET /static/admin/img/icon-changelink.svg HTTP/1.1" 200 380
INFO 2025-11-16 16:30:50,482 basehttp "GET /static/admin/img/icon-deletelink.svg HTTP/1.1" 200 392
INFO 2025-11-16 16:30:59,578 basehttp "GET /admin/accounts/utilisateur/ HTTP/1.1" 200 36368
INFO 2025-11-16 16:30:59,668 basehttp "GET /static/admin/css/changelists.css HTTP/1.1" 200 6878
INFO 2025-11-16 16:30:59,675 basehttp "GET /static/admin/js/jquery.init.js HTTP/1.1" 200 347
INFO 2025-11-16 16:30:59,676 basehttp "GET /static/admin/js/core.js HTTP/1.1" 200 6208
INFO 2025-11-16 16:30:59,677 basehttp "GET /static/admin/js/vendor/jquery/jquery.js HTTP/1.1" 200 285314
INFO 2025-11-16 16:30:59,685 basehttp "GET /static/admin/js/admin/RelatedObjectLookups.js HTTP/1.1" 200 9777
INFO 2025-11-16 16:30:59,689 basehttp "GET /static/admin/js/actions.js HTTP/1.1" 200 8076
INFO 2025-11-16 16:30:59,695 basehttp "GET /static/admin/js/prepopulate.js HTTP/1.1" 200 1531
INFO 2025-11-16 16:30:59,696 basehttp "GET /static/admin/js/urlify.js HTTP/1.1" 200 7887
INFO 2025-11-16 16:30:59,710 basehttp "GET /static/admin/img/search.svg HTTP/1.1" 200 458
INFO 2025-11-16 16:30:59,712 basehttp "GET /static/admin/js/vendor/xregexp/xregexp.js HTTP/1.1" 200 325171
INFO 2025-11-16 16:30:59,726 basehttp "GET /static/admin/img/icon-yes.svg HTTP/1.1" 200 436
INFO 2025-11-16 16:30:59,797 basehttp "GET /static/admin/js/filters.js HTTP/1.1" 200 978
INFO 2025-11-16 16:30:59,824 basehttp "GET /static/admin/js/jquery.init.js HTTP/1.1" 200 347
INFO 2025-11-16 16:30:59,828 basehttp "GET /static/admin/js/admin/RelatedObjectLookups.js HTTP/1.1" 200 9777
INFO 2025-11-16 16:30:59,828 basehttp "GET /static/admin/js/core.js HTTP/1.1" 200 6208
INFO 2025-11-16 16:30:59,840 basehttp "GET /static/admin/js/vendor/jquery/jquery.js HTTP/1.1" 200 285314
INFO 2025-11-16 16:30:59,849 basehttp "GET /admin/jsi18n/ HTTP/1.1" 200 8634
INFO 2025-11-16 16:30:59,911 basehttp "GET /static/admin/img/tooltag-add.svg HTTP/1.1" 200 331
INFO 2025-11-16 16:30:59,917 basehttp "GET /static/admin/img/sorting-icons.svg HTTP/1.1" 200 1097
INFO 2025-11-16 16:30:59,917 basehttp "GET /static/admin/img/icon-viewlink.svg HTTP/1.1" 200 581
INFO 2025-11-16 16:31:00,098 basehttp "GET /static/admin/js/actions.js HTTP/1.1" 200 8076
INFO 2025-11-16 16:31:00,172 basehttp "GET /static/admin/js/prepopulate.js HTTP/1.1" 200 1531
INFO 2025-11-16 16:31:00,551 basehttp "GET /static/admin/js/urlify.js HTTP/1.1" 200 7887
INFO 2025-11-16 16:31:00,553 basehttp "GET /static/admin/js/vendor/xregexp/xregexp.js HTTP/1.1" 200 325171
INFO 2025-11-16 16:31:01,296 basehttp "GET /static/admin/js/filters.js HTTP/1.1" 200 978
INFO 2025-11-16 16:31:01,374 basehttp "GET /admin/jsi18n/ HTTP/1.1" 200 8634
INFO 2025-11-16 16:31:06,554 basehttp "GET /admin/accounts/profilapprenant/ HTTP/1.1" 200 37600
INFO 2025-11-16 16:31:06,723 basehttp "GET /admin/jsi18n/ HTTP/1.1" 200 8634
INFO 2025-11-16 16:31:06,904 basehttp "GET /admin/jsi18n/ HTTP/1.1" 200 8634
INFO 2025-11-16 16:31:12,484 basehttp "GET /admin/accounts/profilenseignant/ HTTP/1.1" 200 36098
INFO 2025-11-16 16:31:12,567 basehttp "GET /static/admin/img/icon-no.svg HTTP/1.1" 200 560
INFO 2025-11-16 16:31:12,745 basehttp "GET /admin/jsi18n/ HTTP/1.1" 200 8634
INFO 2025-11-16 16:31:12,900 basehttp "GET /admin/jsi18n/ HTTP/1.1" 200 8634
INFO 2025-11-16 16:31:18,075 basehttp "GET /admin/accounts/profilutilisateur/ HTTP/1.1" 200 32744
INFO 2025-11-16 16:31:18,306 basehttp "GET /admin/jsi18n/ HTTP/1.1" 200 8634
INFO 2025-11-16 16:31:18,589 basehttp "GET /admin/jsi18n/ HTTP/1.1" 200 8634
INFO 2025-11-16 16:31:20,880 basehttp "GET /admin/accounts/utilisateur/ HTTP/1.1" 200 36368
INFO 2025-11-16 16:31:21,067 basehttp "GET /admin/jsi18n/ HTTP/1.1" 200 8634
INFO 2025-11-16 16:31:21,186 basehttp "GET /admin/jsi18n/ HTTP/1.1" 200 8634
INFO 2025-11-16 16:31:28,327 basehttp "GET /admin/accounts/profilapprenant/ HTTP/1.1" 200 37600
INFO 2025-11-16 16:31:28,490 basehttp "GET /admin/jsi18n/ HTTP/1.1" 200 8634
INFO 2025-11-16 16:31:28,601 basehttp "GET /admin/jsi18n/ HTTP/1.1" 200 8634
INFO 2025-11-16 16:31:53,354 basehttp "GET /admin/accounts/utilisateur/ HTTP/1.1" 200 36368
INFO 2025-11-16 16:31:53,544 basehttp "GET /admin/jsi18n/ HTTP/1.1" 200 8634
INFO 2025-11-16 16:31:53,693 basehttp "GET /admin/jsi18n/ HTTP/1.1" 200 8634
INFO 2025-11-16 16:32:11,873 basehttp "GET /admin/accounts/profilenseignant/ HTTP/1.1" 200 36098
INFO 2025-11-16 16:32:12,036 basehttp "GET /admin/jsi18n/ HTTP/1.1" 200 8634
INFO 2025-11-16 16:32:12,143 basehttp "GET /admin/jsi18n/ HTTP/1.1" 200 8634
INFO 2025-11-17 22:29:33,239 autoreload Watching for file changes with StatReloader
INFO 2025-11-17 22:29:40,593 basehttp "GET / HTTP/1.1" 200 16444
WARNING 2025-11-17 22:29:41,688 log Not Found: /favicon.ico
WARNING 2025-11-17 22:29:41,700 basehttp "GET /favicon.ico HTTP/1.1" 404 4175
INFO 2025-11-17 22:29:56,957 basehttp "GET / HTTP/1.1" 302 0
INFO 2025-11-17 22:29:57,335 basehttp "GET /dashboard/department_head/ HTTP/1.1" 200 51837
INFO 2025-11-17 22:29:57,415 basehttp "GET /static/css/dashboard/dashboard.css HTTP/1.1" 200 19647
INFO 2025-11-17 22:29:57,422 basehttp "GET /static/js/dashboard/dashboard.js HTTP/1.1" 200 22935
INFO 2025-11-17 22:29:57,630 basehttp "GET /media/profils/IMG_20211223_151546_741.jpg HTTP/1.1" 200 2749121
INFO 2025-11-17 22:29:57,701 basehttp "GET /static/js/dashboard/components.js HTTP/1.1" 200 28077
WARNING 2025-11-17 22:29:59,494 log Not Found: /favicon.ico
WARNING 2025-11-17 22:29:59,495 basehttp "GET /favicon.ico HTTP/1.1" 404 4175
INFO 2025-11-17 22:30:12,631 basehttp "GET / HTTP/1.1" 200 16444
WARNING 2025-11-17 22:30:12,747 log Not Found: /favicon.ico
WARNING 2025-11-17 22:30:12,753 basehttp "GET /favicon.ico HTTP/1.1" 404 4175
INFO 2025-11-17 22:30:30,063 basehttp "GET /dashboard/department_head/teachers/ HTTP/1.1" 200 61667
INFO 2025-11-17 22:30:32,434 basehttp "GET /dashboard/department_head/students/ HTTP/1.1" 200 68248
INFO 2025-11-17 22:30:45,490 basehttp "GET /admin/ HTTP/1.1" 200 41596
INFO 2025-11-17 22:30:45,550 basehttp "GET /static/admin/css/dark_mode.css HTTP/1.1" 200 2808
INFO 2025-11-17 22:30:45,550 basehttp "GET /static/admin/css/base.css HTTP/1.1" 200 22120
INFO 2025-11-17 22:30:45,553 basehttp "GET /static/admin/js/theme.js HTTP/1.1" 200 1653
INFO 2025-11-17 22:30:45,553 basehttp "GET /static/admin/css/nav_sidebar.css HTTP/1.1" 200 2810
INFO 2025-11-17 22:30:45,558 basehttp "GET /static/admin/css/dashboard.css HTTP/1.1" 200 441
INFO 2025-11-17 22:30:45,578 basehttp "GET /static/admin/css/responsive.css HTTP/1.1" 200 16565
INFO 2025-11-17 22:30:45,631 basehttp "GET /static/admin/js/nav_sidebar.js HTTP/1.1" 200 3063
INFO 2025-11-17 22:30:45,650 basehttp "GET /static/admin/img/icon-changelink.svg HTTP/1.1" 200 380
INFO 2025-11-17 22:30:45,651 basehttp "GET /static/admin/img/icon-addlink.svg HTTP/1.1" 200 331
INFO 2025-11-17 22:30:45,654 basehttp "GET /static/admin/img/icon-deletelink.svg HTTP/1.1" 200 392
INFO 2025-11-17 22:30:50,167 basehttp "GET /admin/accounts/utilisateur/ HTTP/1.1" 200 36368
INFO 2025-11-17 22:30:50,243 basehttp "GET /static/admin/css/changelists.css HTTP/1.1" 200 6878
INFO 2025-11-17 22:30:50,244 basehttp "GET /static/admin/js/jquery.init.js HTTP/1.1" 200 347
INFO 2025-11-17 22:30:50,247 basehttp "GET /static/admin/js/core.js HTTP/1.1" 200 6208
INFO 2025-11-17 22:30:50,248 basehttp "GET /static/admin/js/actions.js HTTP/1.1" 200 8076
INFO 2025-11-17 22:30:50,248 basehttp "GET /static/admin/js/admin/RelatedObjectLookups.js HTTP/1.1" 200 9777
INFO 2025-11-17 22:30:50,250 basehttp "GET /static/admin/js/vendor/jquery/jquery.js HTTP/1.1" 200 285314
INFO 2025-11-17 22:30:50,260 basehttp "GET /static/admin/js/urlify.js HTTP/1.1" 200 7887
INFO 2025-11-17 22:30:50,262 basehttp "GET /static/admin/js/prepopulate.js HTTP/1.1" 200 1531
INFO 2025-11-17 22:30:50,275 basehttp "GET /static/admin/js/vendor/xregexp/xregexp.js HTTP/1.1" 200 325171
INFO 2025-11-17 22:30:50,635 basehttp "GET /static/admin/img/search.svg HTTP/1.1" 200 458
INFO 2025-11-17 22:30:50,656 basehttp "GET /static/admin/img/icon-yes.svg HTTP/1.1" 304 0
INFO 2025-11-17 22:30:50,688 basehttp "GET /static/admin/js/filters.js HTTP/1.1" 200 978
INFO 2025-11-17 22:30:50,802 basehttp "GET /admin/jsi18n/ HTTP/1.1" 200 8634
INFO 2025-11-17 22:30:50,867 basehttp "GET /static/admin/img/tooltag-add.svg HTTP/1.1" 200 331
INFO 2025-11-17 22:30:50,872 basehttp "GET /static/admin/img/sorting-icons.svg HTTP/1.1" 200 1097
INFO 2025-11-17 22:30:50,875 basehttp "GET /static/admin/img/icon-viewlink.svg HTTP/1.1" 200 581
INFO 2025-11-17 22:31:46,597 basehttp "POST /accounts/login/ HTTP/1.1" 302 0
INFO 2025-11-17 22:31:47,610 basehttp "GET /dashboard/admin/ HTTP/1.1" 200 64218
INFO 2025-11-17 22:31:47,991 basehttp "GET /static/css/dashboard/dashboard.css HTTP/1.1" 200 19647
WARNING 2025-11-17 22:31:48,222 basehttp "GET /static/css/dashboard/admin.css HTTP/1.1" 404 1996
INFO 2025-11-17 22:31:48,537 basehttp "GET /static/js/dashboard/dashboard.js HTTP/1.1" 200 22935
INFO 2025-11-17 22:31:48,556 basehttp "GET /static/js/dashboard/components.js HTTP/1.1" 200 28077
WARNING 2025-11-17 22:31:49,617 log Not Found: /favicon.ico
WARNING 2025-11-17 22:31:49,798 basehttp "GET /favicon.ico HTTP/1.1" 404 4175
INFO 2025-11-17 22:31:49,877 basehttp "GET /media/profils/IMG-20220507-WA0018.jpg HTTP/1.1" 200 35474
INFO 2025-11-17 22:32:09,936 basehttp "GET /admin/ HTTP/1.1" 200 41596
INFO 2025-11-17 22:32:25,660 basehttp "POST /admin/logout/ HTTP/1.1" 200 3641
INFO 2025-11-17 22:32:56,099 basehttp "GET /admin/ HTTP/1.1" 302 0
INFO 2025-11-17 22:32:56,504 basehttp "GET /admin/login/?next=/admin/ HTTP/1.1" 200 4244
INFO 2025-11-17 22:32:56,619 basehttp "GET /static/admin/css/login.css HTTP/1.1" 200 951
INFO 2025-11-17 22:33:03,062 basehttp "GET / HTTP/1.1" 200 16444
INFO 2025-11-17 22:35:12,805 basehttp "GET / HTTP/1.1" 200 16444
INFO 2025-11-18 00:01:27,603 basehttp "GET /dashboard/admin/users/ HTTP/1.1" 200 109719
INFO 2025-11-18 00:01:28,315 basehttp "GET /media/profils/IMG_20211223_151546_741.jpg HTTP/1.1" 200 2749121
WARNING 2025-11-18 00:01:28,346 log Not Found: /favicon.ico
WARNING 2025-11-18 00:01:28,359 basehttp "GET /favicon.ico HTTP/1.1" 404 4175
INFO 2025-11-18 00:01:28,601 basehttp "GET /media/profils/IMG-20220507-WA0015.jpg HTTP/1.1" 200 25481
INFO 2025-11-18 00:01:28,609 basehttp "GET /media/profils/IMG-20220507-WA0030_qeI1OYS.jpg HTTP/1.1" 200 47619
INFO 2025-11-18 00:05:15,362 basehttp "POST /accounts/login/ HTTP/1.1" 302 0
INFO 2025-11-18 00:05:15,952 basehttp "GET /dashboard/comptable/ HTTP/1.1" 200 53564
INFO 2025-11-18 00:05:16,194 basehttp "GET /static/images/default-avatar.jpg HTTP/1.1" 200 99373
INFO 2025-11-18 00:06:56,783 basehttp "GET /dashboard/admin/ HTTP/1.1" 200 64218
WARNING 2025-11-18 00:06:56,980 basehttp "GET /static/css/dashboard/admin.css HTTP/1.1" 404 1996
WARNING 2025-11-18 00:06:58,213 log Not Found: /favicon.ico
INFO 2025-11-18 00:06:58,214 basehttp - Broken pipe from ('127.0.0.1', 57203)
INFO 2025-11-18 15:24:58,126 basehttp "GET /dashboard/admin/users/ HTTP/1.1" 200 109297
INFO 2025-11-18 15:25:01,371 basehttp - Broken pipe from ('127.0.0.1', 60644)
INFO 2025-11-18 15:25:53,782 basehttp "GET /dashboard/admin/comptables/ HTTP/1.1" 200 88548
INFO 2025-11-18 15:26:06,583 basehttp "GET /dashboard/admin/users/ HTTP/1.1" 200 109297
WARNING 2025-11-18 15:26:07,413 log Not Found: /favicon.ico
INFO 2025-11-18 15:26:07,413 basehttp - Broken pipe from ('127.0.0.1', 60670)
INFO 2025-11-18 15:26:15,040 basehttp "GET /dashboard/admin/comptables/ HTTP/1.1" 200 88548
INFO 2025-11-18 15:44:06,004 basehttp "GET /dashboard/admin/comptables/ HTTP/1.1" 200 88555
INFO 2025-11-18 15:46:16,554 basehttp "GET /dashboard/admin/candidatures/ HTTP/1.1" 200 75573
INFO 2025-11-18 15:46:54,769 basehttp "GET /dashboard/admin/users/ HTTP/1.1" 200 109304
INFO 2025-11-18 15:47:04,046 basehttp "GET /dashboard/admin/comptables/ HTTP/1.1" 200 88555
INFO 2025-11-18 15:48:44,453 basehttp "GET /dashboard/admin/comptables/ HTTP/1.1" 200 86568
INFO 2025-11-18 15:49:07,495 basehttp "GET /dashboard/admin/users/ HTTP/1.1" 200 109304
INFO 2025-11-18 15:49:11,053 basehttp "GET /dashboard/admin/comptables/ HTTP/1.1" 200 86515
INFO 2025-11-18 15:49:14,981 basehttp "GET /dashboard/admin/comptables/ HTTP/1.1" 200 86515
INFO 2025-11-18 15:49:32,761 basehttp "GET /dashboard/admin/comptables/ HTTP/1.1" 200 86568
INFO 2025-11-18 15:49:49,384 basehttp "GET /dashboard/admin/comptables/ HTTP/1.1" 200 86534
INFO 2025-11-18 15:50:50,819 basehttp "GET /dashboard/admin/department_heads/ HTTP/1.1" 200 86052
INFO 2025-11-18 15:51:05,024 basehttp "GET /dashboard/admin/users/ HTTP/1.1" 200 109304
INFO 2025-11-18 15:51:11,214 basehttp "GET /dashboard/admin/comptables/ HTTP/1.1" 200 86534
INFO 2025-11-18 15:51:32,536 basehttp "GET /dashboard/admin/comptables/ HTTP/1.1" 200 86526
INFO 2025-11-18 15:51:39,435 basehttp "GET /dashboard/admin/users/ HTTP/1.1" 200 109304
INFO 2025-11-18 15:51:57,882 basehttp "GET /dashboard/admin/users/ HTTP/1.1" 200 109296
INFO 2025-11-18 15:52:06,762 basehttp "GET /dashboard/admin/comptables/ HTTP/1.1" 200 86526
INFO 2025-11-18 15:52:11,767 basehttp "GET /dashboard/admin/department_heads/ HTTP/1.1" 200 86052
INFO 2025-11-18 15:53:09,727 basehttp "GET /dashboard/admin/department_heads/ HTTP/1.1" 200 86046
INFO 2025-11-18 15:53:16,008 basehttp "GET /dashboard/admin/teachers/ HTTP/1.1" 200 75359
WARNING 2025-11-18 15:53:36,380 log Not Found: /accounts/teachers/export/
WARNING 2025-11-18 15:53:36,412 basehttp "GET /accounts/teachers/export/? HTTP/1.1" 404 17581
INFO 2025-11-18 15:53:43,884 basehttp "GET /dashboard/admin/teachers/ HTTP/1.1" 200 75359
INFO 2025-11-18 15:53:48,299 basehttp "GET /dashboard/admin/users/ HTTP/1.1" 200 109296
INFO 2025-11-18 15:53:58,539 basehttp "GET /dashboard/admin/teachers/ HTTP/1.1" 200 75359
INFO 2025-11-18 15:54:06,734 basehttp "GET /dashboard/admin/users/ HTTP/1.1" 200 109296
INFO 2025-11-18 15:55:37,276 basehttp "GET /dashboard/admin/users/ HTTP/1.1" 200 109324
INFO 2025-11-18 15:55:59,791 basehttp "GET /dashboard/admin/comptables/ HTTP/1.1" 200 86526
INFO 2025-11-18 15:57:06,967 basehttp "GET /dashboard/admin/comptables/ HTTP/1.1" 200 86541
INFO 2025-11-18 15:57:32,196 basehttp "GET /dashboard/admin/department_heads/ HTTP/1.1" 200 85979
INFO 2025-11-18 15:57:36,441 basehttp "GET /dashboard/admin/teachers/ HTTP/1.1" 200 75359
INFO 2025-11-18 15:58:51,262 basehttp "GET /accounts/teachers/ HTTP/1.1" 200 0
INFO 2025-11-18 15:58:59,747 basehttp "GET /dashboard/admin/teachers/ HTTP/1.1" 200 75351
INFO 2025-11-18 15:59:36,914 basehttp "GET /accounts/teachers/ HTTP/1.1" 200 0
INFO 2025-11-18 15:59:40,452 basehttp "GET /accounts/teachers/ HTTP/1.1" 200 0
INFO 2025-11-18 16:00:45,181 basehttp "GET /accounts/teachers/ HTTP/1.1" 200 0
INFO 2025-11-18 16:00:46,720 basehttp "GET /accounts/teachers/ HTTP/1.1" 200 0
INFO 2025-11-18 16:00:47,546 basehttp "GET /accounts/teachers/ HTTP/1.1" 200 0
INFO 2025-11-18 16:00:53,976 basehttp "GET /dashboard/admin/teachers/ HTTP/1.1" 200 75358
INFO 2025-11-18 16:00:56,511 basehttp "GET /dashboard/admin/teachers/ HTTP/1.1" 200 75358
INFO 2025-11-18 16:15:07,101 basehttp "GET /dashboard/admin/teachers/ HTTP/1.1" 200 75369
INFO 2025-11-18 16:15:11,075 basehttp "GET /dashboard/admin/students/ HTTP/1.1" 200 86665
INFO 2025-11-18 16:15:12,055 basehttp - Broken pipe from ('127.0.0.1', 61278)
WARNING 2025-11-18 16:49:32,143 log Not Found: /dashboard/admin/students/c8650759-c373-467e-86c3-7a50585be1f6/payments/
WARNING 2025-11-18 16:49:32,144 basehttp "GET /dashboard/admin/students/c8650759-c373-467e-86c3-7a50585be1f6/payments/ HTTP/1.1" 404 14625
INFO 2025-11-18 16:49:45,308 basehttp "GET /dashboard/admin/students/ HTTP/1.1" 200 86665
INFO 2025-11-18 16:49:50,132 basehttp "GET /dashboard/admin/teachers/ HTTP/1.1" 200 75369
INFO 2025-11-18 16:50:01,720 basehttp "GET /dashboard/admin/students/ HTTP/1.1" 200 86665
INFO 2025-11-18 16:50:05,432 basehttp "GET /dashboard/admin/teachers/ HTTP/1.1" 200 75369
INFO 2025-11-18 16:50:07,897 basehttp "GET /dashboard/admin/department_heads/ HTTP/1.1" 200 85979
INFO 2025-11-18 16:50:10,079 basehttp "GET /dashboard/admin/teachers/ HTTP/1.1" 200 75369
INFO 2025-11-18 21:27:57,767 basehttp "GET /dashboard/admin/teachers/ HTTP/1.1" 200 75369
WARNING 2025-11-18 21:28:00,012 log Not Found: /favicon.ico
INFO 2025-11-18 21:28:00,014 basehttp - Broken pipe from ('127.0.0.1', 62985)
INFO 2025-11-18 21:28:03,592 basehttp "GET /dashboard/admin/students/ HTTP/1.1" 200 86665
INFO 2025-11-18 21:28:05,426 basehttp - Broken pipe from ('127.0.0.1', 62990)
INFO 2025-11-18 21:28:19,262 basehttp "GET /accounts/students/c8650759-c373-467e-86c3-7a50585be1f6/ HTTP/1.1" 200 63409
INFO 2025-11-18 21:28:35,704 basehttp "GET /dashboard/admin/candidatures/ HTTP/1.1" 200 75573
INFO 2025-11-18 21:28:57,524 basehttp "GET /dashboard/admin/students/ HTTP/1.1" 200 86665
WARNING 2025-11-18 21:45:46,076 log Not Found: /dashboard/admin/students/c8650759-c373-467e-86c3-7a50585be1f6/payments/
WARNING 2025-11-18 21:45:46,130 basehttp "GET /dashboard/admin/students/c8650759-c373-467e-86c3-7a50585be1f6/payments/ HTTP/1.1" 404 14625
INFO 2025-11-18 22:07:12,670 autoreload E:\formis_app\_formis\apps\core\dashboard_views.py changed, reloading.
INFO 2025-11-18 22:08:53,895 autoreload Watching for file changes with StatReloader
INFO 2025-11-18 22:16:34,347 basehttp "GET /dashboard/admin/students/ HTTP/1.1" 200 86665
INFO 2025-11-18 22:16:38,820 basehttp "GET /dashboard/admin/candidatures/ HTTP/1.1" 200 75399
INFO 2025-11-18 22:16:47,003 basehttp "GET /enrollment/candidature/ea896804-1119-406b-8a3d-08e5db1f7ff2/details-ajax/ HTTP/1.1" 200 755
WARNING 2025-11-18 22:16:47,797 log Not Found: /favicon.ico
WARNING 2025-11-18 22:16:47,819 basehttp "GET /favicon.ico HTTP/1.1" 404 4175
INFO 2025-11-18 22:17:22,123 basehttp "GET /dashboard/admin/candidatures/ HTTP/1.1" 200 75399
INFO 2025-11-18 22:17:29,639 basehttp "GET /enrollment/candidature/1155fd65-eb3a-4d6c-be78-19595fa192da/details-ajax/ HTTP/1.1" 200 709
WARNING 2025-11-18 22:17:29,785 log Not Found: /favicon.ico
WARNING 2025-11-18 22:17:29,936 basehttp "GET /favicon.ico HTTP/1.1" 404 4175
INFO 2025-11-18 22:18:08,834 basehttp "GET /dashboard/admin/candidatures/ HTTP/1.1" 200 75399
INFO 2025-11-18 22:18:27,091 basehttp "GET /dashboard/admin/users/ HTTP/1.1" 200 109324
INFO 2025-11-18 22:18:27,719 basehttp - Broken pipe from ('127.0.0.1', 63359)
INFO 2025-11-18 22:18:31,783 basehttp "GET /dashboard/admin/candidatures/ HTTP/1.1" 200 75399
INFO 2025-11-18 22:22:46,860 autoreload E:\formis_app\_formis\apps\enrollment\views.py changed, reloading.
INFO 2025-11-18 22:22:54,241 autoreload Watching for file changes with StatReloader
INFO 2025-11-18 22:24:40,581 autoreload E:\formis_app\_formis\apps\core\dashboard_views.py changed, reloading.
INFO 2025-11-18 22:24:58,392 autoreload Watching for file changes with StatReloader
INFO 2025-11-18 22:25:47,812 autoreload E:\formis_app\_formis\apps\core\dashboard_views.py changed, reloading.
INFO 2025-11-18 22:26:13,551 autoreload Watching for file changes with StatReloader
INFO 2025-11-18 22:26:26,233 autoreload E:\formis_app\_formis\apps\core\dashboard_views.py changed, reloading.
INFO 2025-11-18 22:26:39,644 autoreload Watching for file changes with StatReloader
INFO 2025-11-18 22:27:00,601 autoreload E:\formis_app\_formis\apps\core\dashboard_views.py changed, reloading.
INFO 2025-11-18 22:27:14,482 autoreload Watching for file changes with StatReloader
INFO 2025-11-18 22:27:49,063 basehttp "GET /enrollment/candidature/ea896804-1119-406b-8a3d-08e5db1f7ff2/details-ajax/ HTTP/1.1" 200 755
WARNING 2025-11-18 22:27:50,536 log Not Found: /favicon.ico
WARNING 2025-11-18 22:27:50,536 basehttp "GET /favicon.ico HTTP/1.1" 404 4175
INFO 2025-11-18 22:28:03,472 basehttp "GET /enrollment/candidature/ea896804-1119-406b-8a3d-08e5db1f7ff2/details-ajax/ HTTP/1.1" 200 755
WARNING 2025-11-18 22:28:03,589 log Not Found: /favicon.ico
WARNING 2025-11-18 22:28:03,589 basehttp "GET /favicon.ico HTTP/1.1" 404 4175
INFO 2025-11-18 22:47:15,474 autoreload E:\formis_app\_formis\apps\enrollment\views.py changed, reloading.
INFO 2025-11-18 22:47:21,661 autoreload Watching for file changes with StatReloader
INFO 2025-11-18 22:47:30,763 autoreload E:\formis_app\_formis\apps\enrollment\views.py changed, reloading.
INFO 2025-11-18 22:47:34,635 autoreload Watching for file changes with StatReloader
INFO 2025-11-18 22:51:18,109 autoreload E:\formis_app\_formis\apps\core\dashboard_views.py changed, reloading.
INFO 2025-11-18 22:51:19,570 autoreload Watching for file changes with StatReloader
INFO 2025-11-18 22:52:05,175 autoreload E:\formis_app\_formis\apps\core\dashboard_views.py changed, reloading.
INFO 2025-11-18 22:52:08,100 autoreload Watching for file changes with StatReloader
INFO 2025-11-18 22:53:37,889 autoreload E:\formis_app\_formis\apps\payments\views.py changed, reloading.
INFO 2025-11-18 22:53:42,536 autoreload Watching for file changes with StatReloader
INFO 2025-11-18 22:53:53,226 autoreload E:\formis_app\_formis\apps\payments\views.py changed, reloading.
INFO 2025-11-18 22:53:55,976 autoreload Watching for file changes with StatReloader
INFO 2025-11-18 22:54:33,321 autoreload E:\formis_app\_formis\apps\core\dashboard_views.py changed, reloading.
INFO 2025-11-18 22:54:37,461 autoreload Watching for file changes with StatReloader
INFO 2025-11-18 22:55:18,717 autoreload E:\formis_app\_formis\apps\payments\views.py changed, reloading.
INFO 2025-11-18 22:55:20,474 autoreload Watching for file changes with StatReloader
INFO 2025-11-18 23:01:14,193 autoreload E:\formis_app\_formis\apps\core\dashboard_views.py changed, reloading.
INFO 2025-11-18 23:01:22,572 autoreload Watching for file changes with StatReloader
INFO 2025-11-18 23:02:24,661 autoreload E:\formis_app\_formis\apps\payments\views.py changed, reloading.
INFO 2025-11-18 23:02:28,581 autoreload Watching for file changes with StatReloader
INFO 2025-11-18 23:03:26,055 autoreload E:\formis_app\_formis\apps\payments\views.py changed, reloading.
INFO 2025-11-18 23:03:29,934 autoreload Watching for file changes with StatReloader
INFO 2025-11-18 23:16:03,173 basehttp "GET /media/profils/IMG-20220507-WA0018.jpg HTTP/1.1" 200 35474
ERROR 2025-11-18 23:16:05,393 log Internal Server Error: /dashboard/admin/inscriptions/
Traceback (most recent call last):
  File "E:\formis_app\.venv\Lib\site-packages\django\core\handlers\exception.py", line 55, in inner
    response = get_response(request)
  File "E:\formis_app\.venv\Lib\site-packages\django\core\handlers\base.py", line 197, in _get_response
    response = wrapped_callback(request, *callback_args, **callback_kwargs)
  File "E:\formis_app\.venv\Lib\site-packages\django\views\generic\base.py", line 105, in view
    return self.dispatch(request, *args, **kwargs)
           ~~~~~~~~~~~~~^^^^^^^^^^^^^^^^^^^^^^^^^^
  File "E:\formis_app\_formis\apps\core\dashboard_views.py", line 1365, in dispatch
    return super().dispatch(request, *args, **kwargs)
           ~~~~~~~~~~~~~~~~^^^^^^^^^^^^^^^^^^^^^^^^^^
  File "E:\formis_app\.venv\Lib\site-packages\django\contrib\auth\mixins.py", line 73, in dispatch
    return super().dispatch(request, *args, **kwargs)
           ~~~~~~~~~~~~~~~~^^^^^^^^^^^^^^^^^^^^^^^^^^
  File "E:\formis_app\.venv\Lib\site-packages\django\views\generic\base.py", line 144, in dispatch
    return handler(request, *args, **kwargs)
  File "E:\formis_app\.venv\Lib\site-packages\django\views\generic\list.py", line 158, in get
    self.object_list = self.get_queryset()
                       ~~~~~~~~~~~~~~~~~^^
  File "E:\formis_app\_formis\apps\core\dashboard_views.py", line 1387, in get_queryset
    Prefetch(
    ^^^^^^^^
NameError: name 'Prefetch' is not defined. Did you mean: 'Presence'?
ERROR 2025-11-18 23:16:05,477 basehttp "GET /dashboard/admin/inscriptions/ HTTP/1.1" 500 93452
INFO 2025-11-18 23:17:10,890 autoreload E:\formis_app\_formis\apps\core\dashboard_views.py changed, reloading.
INFO 2025-11-18 23:17:25,032 autoreload Watching for file changes with StatReloader
INFO 2025-11-18 23:17:39,647 basehttp "GET /dashboard/admin/inscriptions/ HTTP/1.1" 200 69388
WARNING 2025-11-18 23:17:49,014 log Not Found: /dashboard/admin/inscriptions/59a9263b-22f1-4abe-a53e-b59a9543ad5c/
WARNING 2025-11-18 23:17:49,015 basehttp "GET /dashboard/admin/inscriptions/59a9263b-22f1-4abe-a53e-b59a9543ad5c/ HTTP/1.1" 404 14610
INFO 2025-11-19 02:17:00,577 autoreload Watching for file changes with StatReloader
ERROR 2025-11-19 02:17:46,673 log Internal Server Error: /dashboard/comptable/
Traceback (most recent call last):
  File "E:\formis_app\.venv\Lib\site-packages\django\core\handlers\exception.py", line 55, in inner
    response = get_response(request)
  File "E:\formis_app\.venv\Lib\site-packages\django\core\handlers\base.py", line 197, in _get_response
    response = wrapped_callback(request, *callback_args, **callback_kwargs)
  File "E:\formis_app\.venv\Lib\site-packages\django\views\generic\base.py", line 105, in view
    return self.dispatch(request, *args, **kwargs)
           ~~~~~~~~~~~~~^^^^^^^^^^^^^^^^^^^^^^^^^^
  File "E:\formis_app\_formis\apps\core\dashboard_views.py", line 2715, in dispatch
    if request.user.role != 'COMPTABLE':
       ^^^^^^^^^^^^^^^^^
  File "E:\formis_app\.venv\Lib\site-packages\django\utils\functional.py", line 253, in inner
    return func(_wrapped, *args)
AttributeError: 'AnonymousUser' object has no attribute 'role'
ERROR 2025-11-19 02:17:46,707 basehttp "GET /dashboard/comptable/ HTTP/1.1" 500 80496
INFO 2025-11-19 02:18:02,598 basehttp "GET / HTTP/1.1" 200 16444
WARNING 2025-11-19 02:18:03,063 log Not Found: /favicon.ico
WARNING 2025-11-19 02:18:03,182 basehttp "GET /favicon.ico HTTP/1.1" 404 4175
INFO 2025-11-19 02:18:21,507 basehttp "POST /accounts/login/ HTTP/1.1" 302 0
INFO 2025-11-19 02:18:21,956 basehttp "GET /dashboard/admin/ HTTP/1.1" 200 64216
WARNING 2025-11-19 02:18:40,815 basehttp "GET /static/css/dashboard/admin.css HTTP/1.1" 404 1996
INFO 2025-11-19 02:18:41,535 basehttp "GET / HTTP/1.1" 302 0
INFO 2025-11-19 02:18:41,766 basehttp "GET /media/profils/IMG-20220507-WA0018.jpg HTTP/1.1" 200 35474
INFO 2025-11-19 02:18:41,936 basehttp "GET /dashboard/admin/ HTTP/1.1" 200 64216
WARNING 2025-11-19 02:18:42,104 basehttp "GET /static/css/dashboard/admin.css HTTP/1.1" 404 1996
WARNING 2025-11-19 02:18:42,780 log Not Found: /favicon.ico
WARNING 2025-11-19 02:18:42,783 basehttp "GET /favicon.ico HTTP/1.1" 404 4175
WARNING 2025-11-19 02:18:50,417 log Forbidden (CSRF token missing.): /accounts/login/
WARNING 2025-11-19 02:18:50,418 basehttp "POST /accounts/login/ HTTP/1.1" 403 2514
WARNING 2025-11-19 02:18:51,451 log Not Found: /favicon.ico
WARNING 2025-11-19 02:18:51,452 basehttp "GET /favicon.ico HTTP/1.1" 404 4175
INFO 2025-11-19 02:19:06,004 basehttp "POST /accounts/login/ HTTP/1.1" 200 16454
INFO 2025-11-19 02:19:15,186 basehttp "POST /accounts/login/ HTTP/1.1" 200 16456
INFO 2025-11-19 02:19:27,527 basehttp "POST /accounts/login/ HTTP/1.1" 302 0
INFO 2025-11-19 02:19:27,804 basehttp "GET /dashboard/department_head/ HTTP/1.1" 200 51844
INFO 2025-11-19 02:19:27,893 basehttp "GET /static/css/dashboard/dashboard.css HTTP/1.1" 200 19647
INFO 2025-11-19 02:19:27,992 basehttp "GET /static/js/dashboard/components.js HTTP/1.1" 200 28077
INFO 2025-11-19 02:19:28,020 basehttp "GET /static/js/dashboard/dashboard.js HTTP/1.1" 200 22935
INFO 2025-11-19 02:19:28,424 basehttp "GET /media/profils/IMG_20211223_151546_741.jpg HTTP/1.1" 200 2749121
INFO 2025-11-19 02:19:35,778 basehttp "GET /static/js/dashboard/components.js HTTP/1.1" 200 28077
INFO 2025-11-19 02:19:36,042 basehttp "GET /static/js/dashboard/dashboard.js HTTP/1.1" 200 22935
INFO 2025-11-19 02:20:56,409 basehttp "GET /dashboard/admin/candidatures/ HTTP/1.1" 200 76159
WARNING 2025-11-19 02:20:57,211 log Not Found: /favicon.ico
INFO 2025-11-19 02:20:57,223 basehttp - Broken pipe from ('127.0.0.1', 50085)
INFO 2025-11-19 02:22:40,144 basehttp "GET /dashboard/admin/candidatures/ HTTP/1.1" 200 75399
INFO 2025-11-19 02:23:30,360 basehttp "GET /dashboard/department_head/candidatures/ HTTP/1.1" 200 93149
INFO 2025-11-19 02:23:38,425 basehttp "GET /dashboard/department_head/students/ HTTP/1.1" 200 68687
INFO 2025-11-19 02:23:38,785 basehttp "GET /media/profils/IMG_20211223_151546_741.jpg HTTP/1.1" 200 2749121
INFO 2025-11-19 02:23:42,695 basehttp "GET /dashboard/department_head/teachers/ HTTP/1.1" 200 61674
INFO 2025-11-19 02:23:56,381 basehttp "GET /dashboard/department_head/ressources/ HTTP/1.1" 200 58528
INFO 2025-11-19 02:23:59,231 basehttp "GET /dashboard/department_head/matieres/ HTTP/1.1" 200 60724
INFO 2025-11-19 02:24:01,617 basehttp "GET /dashboard/department_head/modules/ HTTP/1.1" 200 60670
INFO 2025-11-19 02:24:04,031 basehttp "GET /dashboard/department_head/niveaux/ HTTP/1.1" 200 87090
INFO 2025-11-19 02:24:14,099 basehttp "GET /dashboard/department_head/teachers/ HTTP/1.1" 200 61674
INFO 2025-11-19 02:24:16,851 basehttp "GET /dashboard/department_head/ HTTP/1.1" 200 51844
INFO 2025-11-19 12:48:05,064 basehttp "GET /dashboard/admin/candidatures/ HTTP/1.1" 200 75399
INFO 2025-11-19 12:48:09,663 basehttp "GET /enrollment/candidature/ea896804-1119-406b-8a3d-08e5db1f7ff2/details-ajax/ HTTP/1.1" 200 755
WARNING 2025-11-19 12:48:10,320 log Not Found: /favicon.ico
WARNING 2025-11-19 12:48:10,338 basehttp "GET /favicon.ico HTTP/1.1" 404 4175
WARNING 2025-11-19 12:48:19,170 log Not Found: /favicon.ico
INFO 2025-11-19 12:48:19,178 basehttp - Broken pipe from ('127.0.0.1', 51436)
INFO 2025-11-19 12:48:23,408 basehttp "GET /dashboard/admin/candidatures/ HTTP/1.1" 200 75399
WARNING 2025-11-19 12:48:24,341 log Not Found: /favicon.ico
INFO 2025-11-19 12:48:24,342 basehttp - Broken pipe from ('127.0.0.1', 51443)
INFO 2025-11-19 12:48:32,437 basehttp "GET /enrollment/candidature/ea896804-1119-406b-8a3d-08e5db1f7ff2/documents/ HTTP/1.1" 200 0
WARNING 2025-11-19 12:48:33,087 log Not Found: /favicon.ico
INFO 2025-11-19 12:48:33,088 basehttp - Broken pipe from ('127.0.0.1', 51448)
INFO 2025-11-19 12:48:46,848 basehttp - Broken pipe from ('127.0.0.1', 51451)
INFO 2025-11-19 22:11:07,793 autoreload E:\formis_app\_formis\apps\core\dashboard_views.py changed, reloading.
INFO 2025-11-19 22:12:42,343 autoreload Watching for file changes with StatReloader
INFO 2025-11-19 22:14:36,112 autoreload E:\formis_app\_formis\apps\core\dashboard_views.py changed, reloading.
INFO 2025-11-19 22:15:04,501 autoreload Watching for file changes with StatReloader
INFO 2025-11-19 22:16:24,973 basehttp "GET /dashboard/admin/students/ HTTP/1.1" 200 87087
INFO 2025-11-19 22:16:27,470 basehttp "GET /media/profils/IMG-20220507-WA0030_qeI1OYS.jpg HTTP/1.1" 200 47619
WARNING 2025-11-19 22:16:27,770 log Not Found: /favicon.ico
WARNING 2025-11-19 22:16:27,771 basehttp "GET /favicon.ico HTTP/1.1" 404 4175
INFO 2025-11-19 22:17:38,487 autoreload E:\formis_app\_formis\apps\core\dashboard_views.py changed, reloading.
INFO 2025-11-19 22:17:58,666 autoreload Watching for file changes with StatReloader
INFO 2025-11-19 23:04:08,017 autoreload E:\formis_app\_formis\apps\enrollment\views.py changed, reloading.
INFO 2025-11-19 23:04:12,429 autoreload Watching for file changes with StatReloader
INFO 2025-11-19 23:04:41,538 autoreload E:\formis_app\_formis\apps\enrollment\views.py changed, reloading.
INFO 2025-11-19 23:04:47,870 autoreload Watching for file changes with StatReloader
INFO 2025-11-19 23:06:37,898 autoreload E:\formis_app\_formis\apps\enrollment\views.py changed, reloading.
INFO 2025-11-19 23:06:43,369 autoreload Watching for file changes with StatReloader
INFO 2025-11-19 23:07:10,051 autoreload E:\formis_app\_formis\apps\enrollment\views.py changed, reloading.
INFO 2025-11-19 23:07:11,898 autoreload Watching for file changes with StatReloader
INFO 2025-11-19 23:08:32,191 autoreload E:\formis_app\_formis\apps\enrollment\urls.py changed, reloading.
INFO 2025-11-19 23:08:34,491 autoreload Watching for file changes with StatReloader
INFO 2025-11-19 23:09:05,511 autoreload E:\formis_app\_formis\apps\enrollment\urls.py changed, reloading.
INFO 2025-11-19 23:09:07,477 autoreload Watching for file changes with StatReloader
INFO 2025-11-19 23:09:32,202 autoreload E:\formis_app\_formis\apps\enrollment\urls.py changed, reloading.
INFO 2025-11-19 23:09:33,789 autoreload Watching for file changes with StatReloader
INFO 2025-11-19 23:09:45,043 autoreload E:\formis_app\_formis\apps\enrollment\urls.py changed, reloading.
INFO 2025-11-19 23:09:46,546 autoreload Watching for file changes with StatReloader
INFO 2025-11-19 23:13:09,199 autoreload E:\formis_app\_formis\apps\enrollment\urls.py changed, reloading.
INFO 2025-11-19 23:13:11,161 autoreload Watching for file changes with StatReloader
INFO 2025-11-19 23:14:03,028 basehttp "GET /dashboard/admin/candidatures/ HTTP/1.1" 200 75373
INFO 2025-11-19 23:14:08,469 basehttp "GET /enrollment/candidature/ea896804-1119-406b-8a3d-08e5db1f7ff2/ HTTP/1.1" 200 62464
INFO 2025-11-19 23:14:40,761 basehttp "GET /enrollment/inscriptions/create/?candidature=ea896804-1119-406b-8a3d-08e5db1f7ff2 HTTP/1.1" 200 0
INFO 2025-11-19 23:14:50,597 basehttp "GET /enrollment/candidature/ea896804-1119-406b-8a3d-08e5db1f7ff2/ HTTP/1.1" 200 62464
INFO 2025-11-19 23:15:03,494 basehttp "GET /dashboard/admin/candidatures/ HTTP/1.1" 200 75373
INFO 2025-11-19 23:31:34,465 autoreload E:\formis_app\_formis\apps\core\dashboard_views.py changed, reloading.
INFO 2025-11-19 23:31:36,324 autoreload Watching for file changes with StatReloader
INFO 2025-11-19 23:41:13,895 basehttp "GET /dashboard/admin/students/ HTTP/1.1" 200 86665
INFO 2025-11-20 00:15:27,765 autoreload E:\formis_app\_formis\apps\core\dashboard_urls.py changed, reloading.
INFO 2025-11-20 00:15:31,795 autoreload Watching for file changes with StatReloader
INFO 2025-11-20 00:15:49,112 autoreload E:\formis_app\_formis\apps\core\dashboard_urls.py changed, reloading.
INFO 2025-11-20 00:15:51,369 autoreload Watching for file changes with StatReloader
INFO 2025-11-20 00:16:10,565 autoreload E:\formis_app\_formis\apps\core\dashboard_urls.py changed, reloading.
INFO 2025-11-20 00:16:12,049 autoreload Watching for file changes with StatReloader
INFO 2025-11-20 00:16:33,287 autoreload E:\formis_app\_formis\apps\core\dashboard_views.py changed, reloading.
INFO 2025-11-20 00:16:45,185 autoreload Watching for file changes with StatReloader
INFO 2025-11-20 00:19:31,268 basehttp "GET /dashboard/admin/students/ HTTP/1.1" 200 87195
ERROR 2025-11-20 00:19:48,800 log Internal Server Error: /dashboard/admin/students/c8650759-c373-467e-86c3-7a50585be1f6/payments/
Traceback (most recent call last):
  File "E:\formis_app\.venv\Lib\site-packages\django\core\handlers\exception.py", line 55, in inner
    response = get_response(request)
  File "E:\formis_app\.venv\Lib\site-packages\django\core\handlers\base.py", line 220, in _get_response
    response = response.render()
  File "E:\formis_app\.venv\Lib\site-packages\django\template\response.py", line 114, in render
    self.content = self.rendered_content
                   ^^^^^^^^^^^^^^^^^^^^^
  File "E:\formis_app\.venv\Lib\site-packages\django\template\response.py", line 90, in rendered_content
    template = self.resolve_template(self.template_name)
  File "E:\formis_app\.venv\Lib\site-packages\django\template\response.py", line 72, in resolve_template
    return select_template(template, using=self.using)
  File "E:\formis_app\.venv\Lib\site-packages\django\template\loader.py", line 42, in select_template
    return engine.get_template(template_name)
           ~~~~~~~~~~~~~~~~~~~^^^^^^^^^^^^^^^
  File "E:\formis_app\.venv\Lib\site-packages\django\template\backends\django.py", line 79, in get_template
    return Template(self.engine.get_template(template_name), self)
                    ~~~~~~~~~~~~~~~~~~~~~~~~^^^^^^^^^^^^^^^
  File "E:\formis_app\.venv\Lib\site-packages\django\template\engine.py", line 177, in get_template
    template, origin = self.find_template(template_name)
                       ~~~~~~~~~~~~~~~~~~^^^^^^^^^^^^^^^
  File "E:\formis_app\.venv\Lib\site-packages\django\template\engine.py", line 159, in find_template
    template = loader.get_template(name, skip=skip)
  File "E:\formis_app\.venv\Lib\site-packages\django\template\loaders\cached.py", line 57, in get_template
    template = super().get_template(template_name, skip)
  File "E:\formis_app\.venv\Lib\site-packages\django\template\loaders\base.py", line 28, in get_template
    return Template(
        contents,
    ...<2 lines>...
        self.engine,
    )
  File "E:\formis_app\.venv\Lib\site-packages\django\template\base.py", line 154, in __init__
    self.nodelist = self.compile_nodelist()
                    ~~~~~~~~~~~~~~~~~~~~~^^
  File "E:\formis_app\.venv\Lib\site-packages\django\template\base.py", line 196, in compile_nodelist
    nodelist = parser.parse()
  File "E:\formis_app\.venv\Lib\site-packages\django\template\base.py", line 518, in parse
    raise self.error(token, e)
  File "E:\formis_app\.venv\Lib\site-packages\django\template\base.py", line 516, in parse
    compiled_result = compile_func(self, token)
  File "E:\formis_app\.venv\Lib\site-packages\django\template\loader_tags.py", line 299, in do_extends
    nodelist = parser.parse()
  File "E:\formis_app\.venv\Lib\site-packages\django\template\base.py", line 518, in parse
    raise self.error(token, e)
  File "E:\formis_app\.venv\Lib\site-packages\django\template\base.py", line 516, in parse
    compiled_result = compile_func(self, token)
  File "E:\formis_app\.venv\Lib\site-packages\django\template\loader_tags.py", line 234, in do_block
    nodelist = parser.parse(("endblock",))
  File "E:\formis_app\.venv\Lib\site-packages\django\template\base.py", line 518, in parse
    raise self.error(token, e)
  File "E:\formis_app\.venv\Lib\site-packages\django\template\base.py", line 516, in parse
    compiled_result = compile_func(self, token)
  File "E:\formis_app\.venv\Lib\site-packages\django\template\defaulttags.py", line 976, in do_if
    nodelist = parser.parse(("endif",))
  File "E:\formis_app\.venv\Lib\site-packages\django\template\base.py", line 518, in parse
    raise self.error(token, e)
  File "E:\formis_app\.venv\Lib\site-packages\django\template\base.py", line 516, in parse
    compiled_result = compile_func(self, token)
  File "E:\formis_app\.venv\Lib\site-packages\django\template\defaulttags.py", line 962, in do_if
    nodelist = parser.parse(("elif", "else", "endif"))
  File "E:\formis_app\.venv\Lib\site-packages\django\template\base.py", line 518, in parse
    raise self.error(token, e)
  File "E:\formis_app\.venv\Lib\site-packages\django\template\base.py", line 516, in parse
    compiled_result = compile_func(self, token)
  File "E:\formis_app\.venv\Lib\site-packages\django\template\defaulttags.py", line 862, in do_for
    nodelist_loop = parser.parse(
        (
    ...<2 lines>...
        )
    )
  File "E:\formis_app\.venv\Lib\site-packages\django\template\base.py", line 518, in parse
    raise self.error(token, e)
  File "E:\formis_app\.venv\Lib\site-packages\django\template\base.py", line 516, in parse
    compiled_result = compile_func(self, token)
  File "E:\formis_app\.venv\Lib\site-packages\django\template\defaulttags.py", line 1531, in do_with
    extra_context = token_kwargs(remaining_bits, parser, support_legacy=True)
  File "E:\formis_app\.venv\Lib\site-packages\django\template\base.py", line 1127, in token_kwargs
    kwargs[key] = parser.compile_filter(value)
                  ~~~~~~~~~~~~~~~~~~~~~^^^^^^^
  File "E:\formis_app\.venv\Lib\site-packages\django\template\base.py", line 609, in compile_filter
    return FilterExpression(token, self)
  File "E:\formis_app\.venv\Lib\site-packages\django\template\base.py", line 705, in __init__
    filter_func = parser.find_filter(filter_name)
  File "E:\formis_app\.venv\Lib\site-packages\django\template\base.py", line 615, in find_filter
    raise TemplateSyntaxError("Invalid filter: '%s'" % filter_name)
django.template.exceptions.TemplateSyntaxError: Invalid filter: 'selectattr'
ERROR 2025-11-20 00:19:48,875 basehttp "GET /dashboard/admin/students/c8650759-c373-467e-86c3-7a50585be1f6/payments/ HTTP/1.1" 500 395664
INFO 2025-11-20 00:24:51,864 autoreload E:\formis_app\_formis\apps\core\dashboard_urls.py changed, reloading.
INFO 2025-11-20 00:24:54,032 autoreload Watching for file changes with StatReloader
ERROR 2025-11-20 00:29:51,297 log Internal Server Error: /dashboard/admin/students/c8650759-c373-467e-86c3-7a50585be1f6/payments/
Traceback (most recent call last):
  File "E:\formis_app\.venv\Lib\site-packages\django\core\handlers\exception.py", line 55, in inner
    response = get_response(request)
  File "E:\formis_app\.venv\Lib\site-packages\django\core\handlers\base.py", line 220, in _get_response
    response = response.render()
  File "E:\formis_app\.venv\Lib\site-packages\django\template\response.py", line 114, in render
    self.content = self.rendered_content
                   ^^^^^^^^^^^^^^^^^^^^^
  File "E:\formis_app\.venv\Lib\site-packages\django\template\response.py", line 90, in rendered_content
    template = self.resolve_template(self.template_name)
  File "E:\formis_app\.venv\Lib\site-packages\django\template\response.py", line 72, in resolve_template
    return select_template(template, using=self.using)
  File "E:\formis_app\.venv\Lib\site-packages\django\template\loader.py", line 42, in select_template
    return engine.get_template(template_name)
           ~~~~~~~~~~~~~~~~~~~^^^^^^^^^^^^^^^
  File "E:\formis_app\.venv\Lib\site-packages\django\template\backends\django.py", line 79, in get_template
    return Template(self.engine.get_template(template_name), self)
                    ~~~~~~~~~~~~~~~~~~~~~~~~^^^^^^^^^^^^^^^
  File "E:\formis_app\.venv\Lib\site-packages\django\template\engine.py", line 177, in get_template
    template, origin = self.find_template(template_name)
                       ~~~~~~~~~~~~~~~~~~^^^^^^^^^^^^^^^
  File "E:\formis_app\.venv\Lib\site-packages\django\template\engine.py", line 159, in find_template
    template = loader.get_template(name, skip=skip)
  File "E:\formis_app\.venv\Lib\site-packages\django\template\loaders\cached.py", line 57, in get_template
    template = super().get_template(template_name, skip)
  File "E:\formis_app\.venv\Lib\site-packages\django\template\loaders\base.py", line 28, in get_template
    return Template(
        contents,
    ...<2 lines>...
        self.engine,
    )
  File "E:\formis_app\.venv\Lib\site-packages\django\template\base.py", line 154, in __init__
    self.nodelist = self.compile_nodelist()
                    ~~~~~~~~~~~~~~~~~~~~~^^
  File "E:\formis_app\.venv\Lib\site-packages\django\template\base.py", line 196, in compile_nodelist
    nodelist = parser.parse()
  File "E:\formis_app\.venv\Lib\site-packages\django\template\base.py", line 518, in parse
    raise self.error(token, e)
  File "E:\formis_app\.venv\Lib\site-packages\django\template\base.py", line 516, in parse
    compiled_result = compile_func(self, token)
  File "E:\formis_app\.venv\Lib\site-packages\django\template\loader_tags.py", line 299, in do_extends
    nodelist = parser.parse()
  File "E:\formis_app\.venv\Lib\site-packages\django\template\base.py", line 518, in parse
    raise self.error(token, e)
  File "E:\formis_app\.venv\Lib\site-packages\django\template\base.py", line 516, in parse
    compiled_result = compile_func(self, token)
  File "E:\formis_app\.venv\Lib\site-packages\django\template\loader_tags.py", line 234, in do_block
    nodelist = parser.parse(("endblock",))
  File "E:\formis_app\.venv\Lib\site-packages\django\template\base.py", line 518, in parse
    raise self.error(token, e)
  File "E:\formis_app\.venv\Lib\site-packages\django\template\base.py", line 516, in parse
    compiled_result = compile_func(self, token)
  File "E:\formis_app\.venv\Lib\site-packages\django\template\defaulttags.py", line 976, in do_if
    nodelist = parser.parse(("endif",))
  File "E:\formis_app\.venv\Lib\site-packages\django\template\base.py", line 518, in parse
    raise self.error(token, e)
  File "E:\formis_app\.venv\Lib\site-packages\django\template\base.py", line 516, in parse
    compiled_result = compile_func(self, token)
  File "E:\formis_app\.venv\Lib\site-packages\django\template\defaulttags.py", line 962, in do_if
    nodelist = parser.parse(("elif", "else", "endif"))
  File "E:\formis_app\.venv\Lib\site-packages\django\template\base.py", line 518, in parse
    raise self.error(token, e)
  File "E:\formis_app\.venv\Lib\site-packages\django\template\base.py", line 516, in parse
    compiled_result = compile_func(self, token)
  File "E:\formis_app\.venv\Lib\site-packages\django\template\defaulttags.py", line 862, in do_for
    nodelist_loop = parser.parse(
        (
    ...<2 lines>...
        )
    )
  File "E:\formis_app\.venv\Lib\site-packages\django\template\base.py", line 518, in parse
    raise self.error(token, e)
  File "E:\formis_app\.venv\Lib\site-packages\django\template\base.py", line 516, in parse
    compiled_result = compile_func(self, token)
  File "E:\formis_app\.venv\Lib\site-packages\django\template\defaulttags.py", line 1531, in do_with
    extra_context = token_kwargs(remaining_bits, parser, support_legacy=True)
  File "E:\formis_app\.venv\Lib\site-packages\django\template\base.py", line 1127, in token_kwargs
    kwargs[key] = parser.compile_filter(value)
                  ~~~~~~~~~~~~~~~~~~~~~^^^^^^^
  File "E:\formis_app\.venv\Lib\site-packages\django\template\base.py", line 609, in compile_filter
    return FilterExpression(token, self)
  File "E:\formis_app\.venv\Lib\site-packages\django\template\base.py", line 705, in __init__
    filter_func = parser.find_filter(filter_name)
  File "E:\formis_app\.venv\Lib\site-packages\django\template\base.py", line 615, in find_filter
    raise TemplateSyntaxError("Invalid filter: '%s'" % filter_name)
django.template.exceptions.TemplateSyntaxError: Invalid filter: 'get_item'
ERROR 2025-11-20 00:29:51,318 basehttp "GET /dashboard/admin/students/c8650759-c373-467e-86c3-7a50585be1f6/payments/ HTTP/1.1" 500 395661
INFO 2025-11-20 00:30:44,668 basehttp "GET /dashboard/admin/students/ HTTP/1.1" 200 87195
ERROR 2025-11-20 00:31:01,677 log Internal Server Error: /dashboard/admin/students/c8650759-c373-467e-86c3-7a50585be1f6/payments/
Traceback (most recent call last):
  File "E:\formis_app\.venv\Lib\site-packages\django\core\handlers\exception.py", line 55, in inner
    response = get_response(request)
  File "E:\formis_app\.venv\Lib\site-packages\django\core\handlers\base.py", line 220, in _get_response
    response = response.render()
  File "E:\formis_app\.venv\Lib\site-packages\django\template\response.py", line 114, in render
    self.content = self.rendered_content
                   ^^^^^^^^^^^^^^^^^^^^^
  File "E:\formis_app\.venv\Lib\site-packages\django\template\response.py", line 90, in rendered_content
    template = self.resolve_template(self.template_name)
  File "E:\formis_app\.venv\Lib\site-packages\django\template\response.py", line 72, in resolve_template
    return select_template(template, using=self.using)
  File "E:\formis_app\.venv\Lib\site-packages\django\template\loader.py", line 42, in select_template
    return engine.get_template(template_name)
           ~~~~~~~~~~~~~~~~~~~^^^^^^^^^^^^^^^
  File "E:\formis_app\.venv\Lib\site-packages\django\template\backends\django.py", line 79, in get_template
    return Template(self.engine.get_template(template_name), self)
                    ~~~~~~~~~~~~~~~~~~~~~~~~^^^^^^^^^^^^^^^
  File "E:\formis_app\.venv\Lib\site-packages\django\template\engine.py", line 177, in get_template
    template, origin = self.find_template(template_name)
                       ~~~~~~~~~~~~~~~~~~^^^^^^^^^^^^^^^
  File "E:\formis_app\.venv\Lib\site-packages\django\template\engine.py", line 159, in find_template
    template = loader.get_template(name, skip=skip)
  File "E:\formis_app\.venv\Lib\site-packages\django\template\loaders\cached.py", line 57, in get_template
    template = super().get_template(template_name, skip)
  File "E:\formis_app\.venv\Lib\site-packages\django\template\loaders\base.py", line 28, in get_template
    return Template(
        contents,
    ...<2 lines>...
        self.engine,
    )
  File "E:\formis_app\.venv\Lib\site-packages\django\template\base.py", line 154, in __init__
    self.nodelist = self.compile_nodelist()
                    ~~~~~~~~~~~~~~~~~~~~~^^
  File "E:\formis_app\.venv\Lib\site-packages\django\template\base.py", line 196, in compile_nodelist
    nodelist = parser.parse()
  File "E:\formis_app\.venv\Lib\site-packages\django\template\base.py", line 518, in parse
    raise self.error(token, e)
  File "E:\formis_app\.venv\Lib\site-packages\django\template\base.py", line 516, in parse
    compiled_result = compile_func(self, token)
  File "E:\formis_app\.venv\Lib\site-packages\django\template\loader_tags.py", line 299, in do_extends
    nodelist = parser.parse()
  File "E:\formis_app\.venv\Lib\site-packages\django\template\base.py", line 518, in parse
    raise self.error(token, e)
  File "E:\formis_app\.venv\Lib\site-packages\django\template\base.py", line 516, in parse
    compiled_result = compile_func(self, token)
  File "E:\formis_app\.venv\Lib\site-packages\django\template\loader_tags.py", line 234, in do_block
    nodelist = parser.parse(("endblock",))
  File "E:\formis_app\.venv\Lib\site-packages\django\template\base.py", line 518, in parse
    raise self.error(token, e)
  File "E:\formis_app\.venv\Lib\site-packages\django\template\base.py", line 516, in parse
    compiled_result = compile_func(self, token)
  File "E:\formis_app\.venv\Lib\site-packages\django\template\defaulttags.py", line 976, in do_if
    nodelist = parser.parse(("endif",))
  File "E:\formis_app\.venv\Lib\site-packages\django\template\base.py", line 518, in parse
    raise self.error(token, e)
  File "E:\formis_app\.venv\Lib\site-packages\django\template\base.py", line 516, in parse
    compiled_result = compile_func(self, token)
  File "E:\formis_app\.venv\Lib\site-packages\django\template\defaulttags.py", line 962, in do_if
    nodelist = parser.parse(("elif", "else", "endif"))
  File "E:\formis_app\.venv\Lib\site-packages\django\template\base.py", line 518, in parse
    raise self.error(token, e)
  File "E:\formis_app\.venv\Lib\site-packages\django\template\base.py", line 516, in parse
    compiled_result = compile_func(self, token)
  File "E:\formis_app\.venv\Lib\site-packages\django\template\defaulttags.py", line 862, in do_for
    nodelist_loop = parser.parse(
        (
    ...<2 lines>...
        )
    )
  File "E:\formis_app\.venv\Lib\site-packages\django\template\base.py", line 518, in parse
    raise self.error(token, e)
  File "E:\formis_app\.venv\Lib\site-packages\django\template\base.py", line 516, in parse
    compiled_result = compile_func(self, token)
  File "E:\formis_app\.venv\Lib\site-packages\django\template\defaulttags.py", line 1531, in do_with
    extra_context = token_kwargs(remaining_bits, parser, support_legacy=True)
  File "E:\formis_app\.venv\Lib\site-packages\django\template\base.py", line 1127, in token_kwargs
    kwargs[key] = parser.compile_filter(value)
                  ~~~~~~~~~~~~~~~~~~~~~^^^^^^^
  File "E:\formis_app\.venv\Lib\site-packages\django\template\base.py", line 609, in compile_filter
    return FilterExpression(token, self)
  File "E:\formis_app\.venv\Lib\site-packages\django\template\base.py", line 705, in __init__
    filter_func = parser.find_filter(filter_name)
  File "E:\formis_app\.venv\Lib\site-packages\django\template\base.py", line 615, in find_filter
    raise TemplateSyntaxError("Invalid filter: '%s'" % filter_name)
django.template.exceptions.TemplateSyntaxError: Invalid filter: 'get_item'
ERROR 2025-11-20 00:31:01,812 basehttp "GET /dashboard/admin/students/c8650759-c373-467e-86c3-7a50585be1f6/payments/ HTTP/1.1" 500 395661
INFO 2025-11-20 00:33:20,973 autoreload E:\formis_app\_formis\apps\core\dashboard_views.py changed, reloading.
INFO 2025-11-20 00:33:30,233 autoreload Watching for file changes with StatReloader
ERROR 2025-11-20 00:34:06,363 log Internal Server Error: /dashboard/admin/students/c8650759-c373-467e-86c3-7a50585be1f6/payments/
Traceback (most recent call last):
  File "E:\formis_app\.venv\Lib\site-packages\django\core\handlers\exception.py", line 55, in inner
    response = get_response(request)
  File "E:\formis_app\.venv\Lib\site-packages\django\core\handlers\base.py", line 220, in _get_response
    response = response.render()
  File "E:\formis_app\.venv\Lib\site-packages\django\template\response.py", line 114, in render
    self.content = self.rendered_content
                   ^^^^^^^^^^^^^^^^^^^^^
  File "E:\formis_app\.venv\Lib\site-packages\django\template\response.py", line 90, in rendered_content
    template = self.resolve_template(self.template_name)
  File "E:\formis_app\.venv\Lib\site-packages\django\template\response.py", line 72, in resolve_template
    return select_template(template, using=self.using)
  File "E:\formis_app\.venv\Lib\site-packages\django\template\loader.py", line 42, in select_template
    return engine.get_template(template_name)
           ~~~~~~~~~~~~~~~~~~~^^^^^^^^^^^^^^^
  File "E:\formis_app\.venv\Lib\site-packages\django\template\backends\django.py", line 79, in get_template
    return Template(self.engine.get_template(template_name), self)
                    ~~~~~~~~~~~~~~~~~~~~~~~~^^^^^^^^^^^^^^^
  File "E:\formis_app\.venv\Lib\site-packages\django\template\engine.py", line 177, in get_template
    template, origin = self.find_template(template_name)
                       ~~~~~~~~~~~~~~~~~~^^^^^^^^^^^^^^^
  File "E:\formis_app\.venv\Lib\site-packages\django\template\engine.py", line 159, in find_template
    template = loader.get_template(name, skip=skip)
  File "E:\formis_app\.venv\Lib\site-packages\django\template\loaders\cached.py", line 57, in get_template
    template = super().get_template(template_name, skip)
  File "E:\formis_app\.venv\Lib\site-packages\django\template\loaders\base.py", line 28, in get_template
    return Template(
        contents,
    ...<2 lines>...
        self.engine,
    )
  File "E:\formis_app\.venv\Lib\site-packages\django\template\base.py", line 154, in __init__
    self.nodelist = self.compile_nodelist()
                    ~~~~~~~~~~~~~~~~~~~~~^^
  File "E:\formis_app\.venv\Lib\site-packages\django\template\base.py", line 196, in compile_nodelist
    nodelist = parser.parse()
  File "E:\formis_app\.venv\Lib\site-packages\django\template\base.py", line 518, in parse
    raise self.error(token, e)
  File "E:\formis_app\.venv\Lib\site-packages\django\template\base.py", line 516, in parse
    compiled_result = compile_func(self, token)
  File "E:\formis_app\.venv\Lib\site-packages\django\template\loader_tags.py", line 299, in do_extends
    nodelist = parser.parse()
  File "E:\formis_app\.venv\Lib\site-packages\django\template\base.py", line 518, in parse
    raise self.error(token, e)
  File "E:\formis_app\.venv\Lib\site-packages\django\template\base.py", line 516, in parse
    compiled_result = compile_func(self, token)
  File "E:\formis_app\.venv\Lib\site-packages\django\template\loader_tags.py", line 234, in do_block
    nodelist = parser.parse(("endblock",))
  File "E:\formis_app\.venv\Lib\site-packages\django\template\base.py", line 518, in parse
    raise self.error(token, e)
  File "E:\formis_app\.venv\Lib\site-packages\django\template\base.py", line 516, in parse
    compiled_result = compile_func(self, token)
  File "E:\formis_app\.venv\Lib\site-packages\django\template\defaulttags.py", line 976, in do_if
    nodelist = parser.parse(("endif",))
  File "E:\formis_app\.venv\Lib\site-packages\django\template\base.py", line 518, in parse
    raise self.error(token, e)
  File "E:\formis_app\.venv\Lib\site-packages\django\template\base.py", line 516, in parse
    compiled_result = compile_func(self, token)
  File "E:\formis_app\.venv\Lib\site-packages\django\template\defaulttags.py", line 962, in do_if
    nodelist = parser.parse(("elif", "else", "endif"))
  File "E:\formis_app\.venv\Lib\site-packages\django\template\base.py", line 518, in parse
    raise self.error(token, e)
  File "E:\formis_app\.venv\Lib\site-packages\django\template\base.py", line 516, in parse
    compiled_result = compile_func(self, token)
  File "E:\formis_app\.venv\Lib\site-packages\django\template\defaulttags.py", line 862, in do_for
    nodelist_loop = parser.parse(
        (
    ...<2 lines>...
        )
    )
  File "E:\formis_app\.venv\Lib\site-packages\django\template\base.py", line 518, in parse
    raise self.error(token, e)
  File "E:\formis_app\.venv\Lib\site-packages\django\template\base.py", line 516, in parse
    compiled_result = compile_func(self, token)
  File "E:\formis_app\.venv\Lib\site-packages\django\template\defaulttags.py", line 1531, in do_with
    extra_context = token_kwargs(remaining_bits, parser, support_legacy=True)
  File "E:\formis_app\.venv\Lib\site-packages\django\template\base.py", line 1127, in token_kwargs
    kwargs[key] = parser.compile_filter(value)
                  ~~~~~~~~~~~~~~~~~~~~~^^^^^^^
  File "E:\formis_app\.venv\Lib\site-packages\django\template\base.py", line 609, in compile_filter
    return FilterExpression(token, self)
  File "E:\formis_app\.venv\Lib\site-packages\django\template\base.py", line 705, in __init__
    filter_func = parser.find_filter(filter_name)
  File "E:\formis_app\.venv\Lib\site-packages\django\template\base.py", line 615, in find_filter
    raise TemplateSyntaxError("Invalid filter: '%s'" % filter_name)
django.template.exceptions.TemplateSyntaxError: Invalid filter: 'get_item'
ERROR 2025-11-20 00:34:06,485 basehttp "GET /dashboard/admin/students/c8650759-c373-467e-86c3-7a50585be1f6/payments/ HTTP/1.1" 500 395661
ERROR 2025-11-20 00:34:29,582 log Internal Server Error: /dashboard/admin/students/c8650759-c373-467e-86c3-7a50585be1f6/payments/
Traceback (most recent call last):
  File "E:\formis_app\.venv\Lib\site-packages\django\core\handlers\exception.py", line 55, in inner
    response = get_response(request)
  File "E:\formis_app\.venv\Lib\site-packages\django\core\handlers\base.py", line 220, in _get_response
    response = response.render()
  File "E:\formis_app\.venv\Lib\site-packages\django\template\response.py", line 114, in render
    self.content = self.rendered_content
                   ^^^^^^^^^^^^^^^^^^^^^
  File "E:\formis_app\.venv\Lib\site-packages\django\template\response.py", line 90, in rendered_content
    template = self.resolve_template(self.template_name)
  File "E:\formis_app\.venv\Lib\site-packages\django\template\response.py", line 72, in resolve_template
    return select_template(template, using=self.using)
  File "E:\formis_app\.venv\Lib\site-packages\django\template\loader.py", line 42, in select_template
    return engine.get_template(template_name)
           ~~~~~~~~~~~~~~~~~~~^^^^^^^^^^^^^^^
  File "E:\formis_app\.venv\Lib\site-packages\django\template\backends\django.py", line 79, in get_template
    return Template(self.engine.get_template(template_name), self)
                    ~~~~~~~~~~~~~~~~~~~~~~~~^^^^^^^^^^^^^^^
  File "E:\formis_app\.venv\Lib\site-packages\django\template\engine.py", line 177, in get_template
    template, origin = self.find_template(template_name)
                       ~~~~~~~~~~~~~~~~~~^^^^^^^^^^^^^^^
  File "E:\formis_app\.venv\Lib\site-packages\django\template\engine.py", line 159, in find_template
    template = loader.get_template(name, skip=skip)
  File "E:\formis_app\.venv\Lib\site-packages\django\template\loaders\cached.py", line 57, in get_template
    template = super().get_template(template_name, skip)
  File "E:\formis_app\.venv\Lib\site-packages\django\template\loaders\base.py", line 28, in get_template
    return Template(
        contents,
    ...<2 lines>...
        self.engine,
    )
  File "E:\formis_app\.venv\Lib\site-packages\django\template\base.py", line 154, in __init__
    self.nodelist = self.compile_nodelist()
                    ~~~~~~~~~~~~~~~~~~~~~^^
  File "E:\formis_app\.venv\Lib\site-packages\django\template\base.py", line 196, in compile_nodelist
    nodelist = parser.parse()
  File "E:\formis_app\.venv\Lib\site-packages\django\template\base.py", line 518, in parse
    raise self.error(token, e)
  File "E:\formis_app\.venv\Lib\site-packages\django\template\base.py", line 516, in parse
    compiled_result = compile_func(self, token)
  File "E:\formis_app\.venv\Lib\site-packages\django\template\loader_tags.py", line 299, in do_extends
    nodelist = parser.parse()
  File "E:\formis_app\.venv\Lib\site-packages\django\template\base.py", line 518, in parse
    raise self.error(token, e)
  File "E:\formis_app\.venv\Lib\site-packages\django\template\base.py", line 516, in parse
    compiled_result = compile_func(self, token)
  File "E:\formis_app\.venv\Lib\site-packages\django\template\loader_tags.py", line 234, in do_block
    nodelist = parser.parse(("endblock",))
  File "E:\formis_app\.venv\Lib\site-packages\django\template\base.py", line 518, in parse
    raise self.error(token, e)
  File "E:\formis_app\.venv\Lib\site-packages\django\template\base.py", line 516, in parse
    compiled_result = compile_func(self, token)
  File "E:\formis_app\.venv\Lib\site-packages\django\template\defaulttags.py", line 976, in do_if
    nodelist = parser.parse(("endif",))
  File "E:\formis_app\.venv\Lib\site-packages\django\template\base.py", line 518, in parse
    raise self.error(token, e)
  File "E:\formis_app\.venv\Lib\site-packages\django\template\base.py", line 516, in parse
    compiled_result = compile_func(self, token)
  File "E:\formis_app\.venv\Lib\site-packages\django\template\defaulttags.py", line 962, in do_if
    nodelist = parser.parse(("elif", "else", "endif"))
  File "E:\formis_app\.venv\Lib\site-packages\django\template\base.py", line 518, in parse
    raise self.error(token, e)
  File "E:\formis_app\.venv\Lib\site-packages\django\template\base.py", line 516, in parse
    compiled_result = compile_func(self, token)
  File "E:\formis_app\.venv\Lib\site-packages\django\template\defaulttags.py", line 862, in do_for
    nodelist_loop = parser.parse(
        (
    ...<2 lines>...
        )
    )
  File "E:\formis_app\.venv\Lib\site-packages\django\template\base.py", line 518, in parse
    raise self.error(token, e)
  File "E:\formis_app\.venv\Lib\site-packages\django\template\base.py", line 516, in parse
    compiled_result = compile_func(self, token)
  File "E:\formis_app\.venv\Lib\site-packages\django\template\defaulttags.py", line 1531, in do_with
    extra_context = token_kwargs(remaining_bits, parser, support_legacy=True)
  File "E:\formis_app\.venv\Lib\site-packages\django\template\base.py", line 1127, in token_kwargs
    kwargs[key] = parser.compile_filter(value)
                  ~~~~~~~~~~~~~~~~~~~~~^^^^^^^
  File "E:\formis_app\.venv\Lib\site-packages\django\template\base.py", line 609, in compile_filter
    return FilterExpression(token, self)
  File "E:\formis_app\.venv\Lib\site-packages\django\template\base.py", line 705, in __init__
    filter_func = parser.find_filter(filter_name)
  File "E:\formis_app\.venv\Lib\site-packages\django\template\base.py", line 615, in find_filter
    raise TemplateSyntaxError("Invalid filter: '%s'" % filter_name)
django.template.exceptions.TemplateSyntaxError: Invalid filter: 'get_item'
ERROR 2025-11-20 00:34:29,594 basehttp "GET /dashboard/admin/students/c8650759-c373-467e-86c3-7a50585be1f6/payments/ HTTP/1.1" 500 395661
INFO 2025-11-20 00:34:54,369 autoreload E:\formis_app\_formis\apps\core\dashboard_views.py changed, reloading.
INFO 2025-11-20 00:35:01,893 autoreload Watching for file changes with StatReloader
ERROR 2025-11-20 00:35:14,569 log Internal Server Error: /dashboard/admin/students/c8650759-c373-467e-86c3-7a50585be1f6/payments/
Traceback (most recent call last):
  File "E:\formis_app\.venv\Lib\site-packages\django\core\handlers\exception.py", line 55, in inner
    response = get_response(request)
  File "E:\formis_app\.venv\Lib\site-packages\django\core\handlers\base.py", line 220, in _get_response
    response = response.render()
  File "E:\formis_app\.venv\Lib\site-packages\django\template\response.py", line 114, in render
    self.content = self.rendered_content
                   ^^^^^^^^^^^^^^^^^^^^^
  File "E:\formis_app\.venv\Lib\site-packages\django\template\response.py", line 90, in rendered_content
    template = self.resolve_template(self.template_name)
  File "E:\formis_app\.venv\Lib\site-packages\django\template\response.py", line 72, in resolve_template
    return select_template(template, using=self.using)
  File "E:\formis_app\.venv\Lib\site-packages\django\template\loader.py", line 42, in select_template
    return engine.get_template(template_name)
           ~~~~~~~~~~~~~~~~~~~^^^^^^^^^^^^^^^
  File "E:\formis_app\.venv\Lib\site-packages\django\template\backends\django.py", line 79, in get_template
    return Template(self.engine.get_template(template_name), self)
                    ~~~~~~~~~~~~~~~~~~~~~~~~^^^^^^^^^^^^^^^
  File "E:\formis_app\.venv\Lib\site-packages\django\template\engine.py", line 177, in get_template
    template, origin = self.find_template(template_name)
                       ~~~~~~~~~~~~~~~~~~^^^^^^^^^^^^^^^
  File "E:\formis_app\.venv\Lib\site-packages\django\template\engine.py", line 159, in find_template
    template = loader.get_template(name, skip=skip)
  File "E:\formis_app\.venv\Lib\site-packages\django\template\loaders\cached.py", line 57, in get_template
    template = super().get_template(template_name, skip)
  File "E:\formis_app\.venv\Lib\site-packages\django\template\loaders\base.py", line 28, in get_template
    return Template(
        contents,
    ...<2 lines>...
        self.engine,
    )
  File "E:\formis_app\.venv\Lib\site-packages\django\template\base.py", line 154, in __init__
    self.nodelist = self.compile_nodelist()
                    ~~~~~~~~~~~~~~~~~~~~~^^
  File "E:\formis_app\.venv\Lib\site-packages\django\template\base.py", line 196, in compile_nodelist
    nodelist = parser.parse()
  File "E:\formis_app\.venv\Lib\site-packages\django\template\base.py", line 518, in parse
    raise self.error(token, e)
  File "E:\formis_app\.venv\Lib\site-packages\django\template\base.py", line 516, in parse
    compiled_result = compile_func(self, token)
  File "E:\formis_app\.venv\Lib\site-packages\django\template\loader_tags.py", line 299, in do_extends
    nodelist = parser.parse()
  File "E:\formis_app\.venv\Lib\site-packages\django\template\base.py", line 518, in parse
    raise self.error(token, e)
  File "E:\formis_app\.venv\Lib\site-packages\django\template\base.py", line 516, in parse
    compiled_result = compile_func(self, token)
  File "E:\formis_app\.venv\Lib\site-packages\django\template\loader_tags.py", line 234, in do_block
    nodelist = parser.parse(("endblock",))
  File "E:\formis_app\.venv\Lib\site-packages\django\template\base.py", line 518, in parse
    raise self.error(token, e)
  File "E:\formis_app\.venv\Lib\site-packages\django\template\base.py", line 516, in parse
    compiled_result = compile_func(self, token)
  File "E:\formis_app\.venv\Lib\site-packages\django\template\defaulttags.py", line 976, in do_if
    nodelist = parser.parse(("endif",))
  File "E:\formis_app\.venv\Lib\site-packages\django\template\base.py", line 518, in parse
    raise self.error(token, e)
  File "E:\formis_app\.venv\Lib\site-packages\django\template\base.py", line 516, in parse
    compiled_result = compile_func(self, token)
  File "E:\formis_app\.venv\Lib\site-packages\django\template\defaulttags.py", line 962, in do_if
    nodelist = parser.parse(("elif", "else", "endif"))
  File "E:\formis_app\.venv\Lib\site-packages\django\template\base.py", line 518, in parse
    raise self.error(token, e)
  File "E:\formis_app\.venv\Lib\site-packages\django\template\base.py", line 516, in parse
    compiled_result = compile_func(self, token)
  File "E:\formis_app\.venv\Lib\site-packages\django\template\defaulttags.py", line 862, in do_for
    nodelist_loop = parser.parse(
        (
    ...<2 lines>...
        )
    )
  File "E:\formis_app\.venv\Lib\site-packages\django\template\base.py", line 518, in parse
    raise self.error(token, e)
  File "E:\formis_app\.venv\Lib\site-packages\django\template\base.py", line 516, in parse
    compiled_result = compile_func(self, token)
  File "E:\formis_app\.venv\Lib\site-packages\django\template\defaulttags.py", line 1531, in do_with
    extra_context = token_kwargs(remaining_bits, parser, support_legacy=True)
  File "E:\formis_app\.venv\Lib\site-packages\django\template\base.py", line 1127, in token_kwargs
    kwargs[key] = parser.compile_filter(value)
                  ~~~~~~~~~~~~~~~~~~~~~^^^^^^^
  File "E:\formis_app\.venv\Lib\site-packages\django\template\base.py", line 609, in compile_filter
    return FilterExpression(token, self)
  File "E:\formis_app\.venv\Lib\site-packages\django\template\base.py", line 705, in __init__
    filter_func = parser.find_filter(filter_name)
  File "E:\formis_app\.venv\Lib\site-packages\django\template\base.py", line 615, in find_filter
    raise TemplateSyntaxError("Invalid filter: '%s'" % filter_name)
django.template.exceptions.TemplateSyntaxError: Invalid filter: 'selectattr'
ERROR 2025-11-20 00:35:14,586 basehttp "GET /dashboard/admin/students/c8650759-c373-467e-86c3-7a50585be1f6/payments/ HTTP/1.1" 500 395664
INFO 2025-11-20 00:39:38,937 autoreload E:\formis_app\_formis\apps\core\dashboard_views.py changed, reloading.
INFO 2025-11-20 00:39:51,644 autoreload Watching for file changes with StatReloader
INFO 2025-11-20 00:42:35,369 autoreload E:\formis_app\_formis\apps\payments\views.py changed, reloading.
INFO 2025-11-20 00:42:37,131 autoreload Watching for file changes with StatReloader
INFO 2025-11-20 00:43:54,220 autoreload E:\formis_app\_formis\apps\payments\views.py changed, reloading.
INFO 2025-11-20 00:43:59,008 autoreload Watching for file changes with StatReloader
INFO 2025-11-20 00:45:53,408 autoreload E:\formis_app\_formis\apps\payments\urls.py changed, reloading.
INFO 2025-11-20 00:45:55,047 autoreload Watching for file changes with StatReloader
INFO 2025-11-20 00:46:05,668 autoreload E:\formis_app\_formis\apps\payments\urls.py changed, reloading.
INFO 2025-11-20 00:46:07,129 autoreload Watching for file changes with StatReloader
INFO 2025-11-20 00:47:55,209 basehttp "GET /dashboard/admin/students/ HTTP/1.1" 200 87163
INFO 2025-11-20 00:48:02,413 basehttp "GET /dashboard/admin/students/ HTTP/1.1" 200 87163
ERROR 2025-11-20 00:48:10,127 log Internal Server Error: /payments/students/c8650759-c373-467e-86c3-7a50585be1f6/
Traceback (most recent call last):
  File "E:\formis_app\.venv\Lib\site-packages\django\core\handlers\exception.py", line 55, in inner
    response = get_response(request)
  File "E:\formis_app\.venv\Lib\site-packages\django\core\handlers\base.py", line 220, in _get_response
    response = response.render()
  File "E:\formis_app\.venv\Lib\site-packages\django\template\response.py", line 114, in render
    self.content = self.rendered_content
                   ^^^^^^^^^^^^^^^^^^^^^
  File "E:\formis_app\.venv\Lib\site-packages\django\template\response.py", line 90, in rendered_content
    template = self.resolve_template(self.template_name)
  File "E:\formis_app\.venv\Lib\site-packages\django\template\response.py", line 72, in resolve_template
    return select_template(template, using=self.using)
  File "E:\formis_app\.venv\Lib\site-packages\django\template\loader.py", line 47, in select_template
    raise TemplateDoesNotExist(", ".join(template_name_list), chain=chain)
django.template.exceptions.TemplateDoesNotExist: payements/admin_student_payments.html
ERROR 2025-11-20 00:48:10,130 basehttp "GET /payments/students/c8650759-c373-467e-86c3-7a50585be1f6/ HTTP/1.1" 500 89689
INFO 2025-11-20 00:54:50,936 basehttp "GET /dashboard/admin/students/ HTTP/1.1" 200 87163
ERROR 2025-11-20 00:54:55,605 log Internal Server Error: /payments/students/c8650759-c373-467e-86c3-7a50585be1f6/
Traceback (most recent call last):
  File "E:\formis_app\.venv\Lib\site-packages\django\core\handlers\exception.py", line 55, in inner
    response = get_response(request)
  File "E:\formis_app\.venv\Lib\site-packages\django\core\handlers\base.py", line 220, in _get_response
    response = response.render()
  File "E:\formis_app\.venv\Lib\site-packages\django\template\response.py", line 114, in render
    self.content = self.rendered_content
                   ^^^^^^^^^^^^^^^^^^^^^
  File "E:\formis_app\.venv\Lib\site-packages\django\template\response.py", line 90, in rendered_content
    template = self.resolve_template(self.template_name)
  File "E:\formis_app\.venv\Lib\site-packages\django\template\response.py", line 72, in resolve_template
    return select_template(template, using=self.using)
  File "E:\formis_app\.venv\Lib\site-packages\django\template\loader.py", line 47, in select_template
    raise TemplateDoesNotExist(", ".join(template_name_list), chain=chain)
django.template.exceptions.TemplateDoesNotExist: payements/admin_student_payments.html
ERROR 2025-11-20 00:54:55,608 basehttp "GET /payments/students/c8650759-c373-467e-86c3-7a50585be1f6/ HTTP/1.1" 500 89689
INFO 2025-11-20 00:55:48,960 autoreload E:\formis_app\_formis\apps\payments\views.py changed, reloading.
INFO 2025-11-20 00:55:57,853 autoreload Watching for file changes with StatReloader
ERROR 2025-11-20 00:55:59,309 log Internal Server Error: /payments/students/c8650759-c373-467e-86c3-7a50585be1f6/
Traceback (most recent call last):
  File "E:\formis_app\.venv\Lib\site-packages\django\core\handlers\exception.py", line 55, in inner
    response = get_response(request)
  File "E:\formis_app\.venv\Lib\site-packages\django\core\handlers\base.py", line 220, in _get_response
    response = response.render()
  File "E:\formis_app\.venv\Lib\site-packages\django\template\response.py", line 114, in render
    self.content = self.rendered_content
                   ^^^^^^^^^^^^^^^^^^^^^
  File "E:\formis_app\.venv\Lib\site-packages\django\template\response.py", line 90, in rendered_content
    template = self.resolve_template(self.template_name)
  File "E:\formis_app\.venv\Lib\site-packages\django\template\response.py", line 72, in resolve_template
    return select_template(template, using=self.using)
  File "E:\formis_app\.venv\Lib\site-packages\django\template\loader.py", line 42, in select_template
    return engine.get_template(template_name)
           ~~~~~~~~~~~~~~~~~~~^^^^^^^^^^^^^^^
  File "E:\formis_app\.venv\Lib\site-packages\django\template\backends\django.py", line 79, in get_template
    return Template(self.engine.get_template(template_name), self)
                    ~~~~~~~~~~~~~~~~~~~~~~~~^^^^^^^^^^^^^^^
  File "E:\formis_app\.venv\Lib\site-packages\django\template\engine.py", line 177, in get_template
    template, origin = self.find_template(template_name)
                       ~~~~~~~~~~~~~~~~~~^^^^^^^^^^^^^^^
  File "E:\formis_app\.venv\Lib\site-packages\django\template\engine.py", line 159, in find_template
    template = loader.get_template(name, skip=skip)
  File "E:\formis_app\.venv\Lib\site-packages\django\template\loaders\cached.py", line 57, in get_template
    template = super().get_template(template_name, skip)
  File "E:\formis_app\.venv\Lib\site-packages\django\template\loaders\base.py", line 28, in get_template
    return Template(
        contents,
    ...<2 lines>...
        self.engine,
    )
  File "E:\formis_app\.venv\Lib\site-packages\django\template\base.py", line 154, in __init__
    self.nodelist = self.compile_nodelist()
                    ~~~~~~~~~~~~~~~~~~~~~^^
  File "E:\formis_app\.venv\Lib\site-packages\django\template\base.py", line 196, in compile_nodelist
    nodelist = parser.parse()
  File "E:\formis_app\.venv\Lib\site-packages\django\template\base.py", line 518, in parse
    raise self.error(token, e)
  File "E:\formis_app\.venv\Lib\site-packages\django\template\base.py", line 516, in parse
    compiled_result = compile_func(self, token)
  File "E:\formis_app\.venv\Lib\site-packages\django\template\loader_tags.py", line 299, in do_extends
    nodelist = parser.parse()
  File "E:\formis_app\.venv\Lib\site-packages\django\template\base.py", line 518, in parse
    raise self.error(token, e)
  File "E:\formis_app\.venv\Lib\site-packages\django\template\base.py", line 516, in parse
    compiled_result = compile_func(self, token)
  File "E:\formis_app\.venv\Lib\site-packages\django\template\loader_tags.py", line 234, in do_block
    nodelist = parser.parse(("endblock",))
  File "E:\formis_app\.venv\Lib\site-packages\django\template\base.py", line 518, in parse
    raise self.error(token, e)
  File "E:\formis_app\.venv\Lib\site-packages\django\template\base.py", line 516, in parse
    compiled_result = compile_func(self, token)
  File "E:\formis_app\.venv\Lib\site-packages\django\template\defaulttags.py", line 976, in do_if
    nodelist = parser.parse(("endif",))
  File "E:\formis_app\.venv\Lib\site-packages\django\template\base.py", line 518, in parse
    raise self.error(token, e)
  File "E:\formis_app\.venv\Lib\site-packages\django\template\base.py", line 516, in parse
    compiled_result = compile_func(self, token)
  File "E:\formis_app\.venv\Lib\site-packages\django\template\defaulttags.py", line 962, in do_if
    nodelist = parser.parse(("elif", "else", "endif"))
  File "E:\formis_app\.venv\Lib\site-packages\django\template\base.py", line 518, in parse
    raise self.error(token, e)
  File "E:\formis_app\.venv\Lib\site-packages\django\template\base.py", line 516, in parse
    compiled_result = compile_func(self, token)
  File "E:\formis_app\.venv\Lib\site-packages\django\template\defaulttags.py", line 862, in do_for
    nodelist_loop = parser.parse(
        (
    ...<2 lines>...
        )
    )
  File "E:\formis_app\.venv\Lib\site-packages\django\template\base.py", line 518, in parse
    raise self.error(token, e)
  File "E:\formis_app\.venv\Lib\site-packages\django\template\base.py", line 516, in parse
    compiled_result = compile_func(self, token)
  File "E:\formis_app\.venv\Lib\site-packages\django\template\defaulttags.py", line 1531, in do_with
    extra_context = token_kwargs(remaining_bits, parser, support_legacy=True)
  File "E:\formis_app\.venv\Lib\site-packages\django\template\base.py", line 1127, in token_kwargs
    kwargs[key] = parser.compile_filter(value)
                  ~~~~~~~~~~~~~~~~~~~~~^^^^^^^
  File "E:\formis_app\.venv\Lib\site-packages\django\template\base.py", line 609, in compile_filter
    return FilterExpression(token, self)
  File "E:\formis_app\.venv\Lib\site-packages\django\template\base.py", line 705, in __init__
    filter_func = parser.find_filter(filter_name)
  File "E:\formis_app\.venv\Lib\site-packages\django\template\base.py", line 615, in find_filter
    raise TemplateSyntaxError("Invalid filter: '%s'" % filter_name)
django.template.exceptions.TemplateSyntaxError: Invalid filter: 'get_item'
ERROR 2025-11-20 00:55:59,322 basehttp "GET /payments/students/c8650759-c373-467e-86c3-7a50585be1f6/ HTTP/1.1" 500 398188
ERROR 2025-11-20 00:56:23,539 log Internal Server Error: /payments/students/c8650759-c373-467e-86c3-7a50585be1f6/
Traceback (most recent call last):
  File "E:\formis_app\.venv\Lib\site-packages\django\template\base.py", line 510, in parse
    compile_func = self.tags[command]
                   ~~~~~~~~~^^^^^^^^^
KeyError: 'endif'

During handling of the above exception, another exception occurred:

Traceback (most recent call last):
  File "E:\formis_app\.venv\Lib\site-packages\django\core\handlers\exception.py", line 55, in inner
    response = get_response(request)
  File "E:\formis_app\.venv\Lib\site-packages\django\core\handlers\base.py", line 220, in _get_response
    response = response.render()
  File "E:\formis_app\.venv\Lib\site-packages\django\template\response.py", line 114, in render
    self.content = self.rendered_content
                   ^^^^^^^^^^^^^^^^^^^^^
  File "E:\formis_app\.venv\Lib\site-packages\django\template\response.py", line 90, in rendered_content
    template = self.resolve_template(self.template_name)
  File "E:\formis_app\.venv\Lib\site-packages\django\template\response.py", line 72, in resolve_template
    return select_template(template, using=self.using)
  File "E:\formis_app\.venv\Lib\site-packages\django\template\loader.py", line 42, in select_template
    return engine.get_template(template_name)
           ~~~~~~~~~~~~~~~~~~~^^^^^^^^^^^^^^^
  File "E:\formis_app\.venv\Lib\site-packages\django\template\backends\django.py", line 79, in get_template
    return Template(self.engine.get_template(template_name), self)
                    ~~~~~~~~~~~~~~~~~~~~~~~~^^^^^^^^^^^^^^^
  File "E:\formis_app\.venv\Lib\site-packages\django\template\engine.py", line 177, in get_template
    template, origin = self.find_template(template_name)
                       ~~~~~~~~~~~~~~~~~~^^^^^^^^^^^^^^^
  File "E:\formis_app\.venv\Lib\site-packages\django\template\engine.py", line 159, in find_template
    template = loader.get_template(name, skip=skip)
  File "E:\formis_app\.venv\Lib\site-packages\django\template\loaders\cached.py", line 57, in get_template
    template = super().get_template(template_name, skip)
  File "E:\formis_app\.venv\Lib\site-packages\django\template\loaders\base.py", line 28, in get_template
    return Template(
        contents,
    ...<2 lines>...
        self.engine,
    )
  File "E:\formis_app\.venv\Lib\site-packages\django\template\base.py", line 154, in __init__
    self.nodelist = self.compile_nodelist()
                    ~~~~~~~~~~~~~~~~~~~~~^^
  File "E:\formis_app\.venv\Lib\site-packages\django\template\base.py", line 196, in compile_nodelist
    nodelist = parser.parse()
  File "E:\formis_app\.venv\Lib\site-packages\django\template\base.py", line 518, in parse
    raise self.error(token, e)
  File "E:\formis_app\.venv\Lib\site-packages\django\template\base.py", line 516, in parse
    compiled_result = compile_func(self, token)
  File "E:\formis_app\.venv\Lib\site-packages\django\template\loader_tags.py", line 299, in do_extends
    nodelist = parser.parse()
  File "E:\formis_app\.venv\Lib\site-packages\django\template\base.py", line 518, in parse
    raise self.error(token, e)
  File "E:\formis_app\.venv\Lib\site-packages\django\template\base.py", line 516, in parse
    compiled_result = compile_func(self, token)
  File "E:\formis_app\.venv\Lib\site-packages\django\template\loader_tags.py", line 234, in do_block
    nodelist = parser.parse(("endblock",))
  File "E:\formis_app\.venv\Lib\site-packages\django\template\base.py", line 512, in parse
    self.invalid_block_tag(token, command, parse_until)
    ~~~~~~~~~~~~~~~~~~~~~~^^^^^^^^^^^^^^^^^^^^^^^^^^^^^
  File "E:\formis_app\.venv\Lib\site-packages\django\template\base.py", line 567, in invalid_block_tag
    raise self.error(
    ...<8 lines>...
    )
django.template.exceptions.TemplateSyntaxError: Invalid block tag on line 307: 'endif', expected 'endblock'. Did you forget to register or load this tag?
ERROR 2025-11-20 00:56:23,553 basehttp "GET /payments/students/c8650759-c373-467e-86c3-7a50585be1f6/ HTTP/1.1" 500 231057
INFO 2025-11-20 00:57:02,763 basehttp "GET /payments/students/c8650759-c373-467e-86c3-7a50585be1f6/ HTTP/1.1" 200 80081
WARNING 2025-11-20 00:57:18,380 log Not Found: /dashboard/admin/paiements/687d41ff-c409-4c42-8811-0d72ba466a47/
WARNING 2025-11-20 00:57:18,381 basehttp "GET /dashboard/admin/paiements/687d41ff-c409-4c42-8811-0d72ba466a47/ HTTP/1.1" 404 17782
INFO 2025-11-20 00:57:26,114 basehttp "GET /payments/students/c8650759-c373-467e-86c3-7a50585be1f6/ HTTP/1.1" 200 80081
INFO 2025-11-20 00:58:13,722 basehttp "POST /dashboard/admin/students/c8650759-c373-467e-86c3-7a50585be1f6/initier-paiement/ HTTP/1.1" 200 240
INFO 2025-11-20 00:58:14,214 ligdicash ============================================================
INFO 2025-11-20 00:58:14,214 ligdicash LIGDICASH API CALL
INFO 2025-11-20 00:58:14,222 ligdicash ============================================================
INFO 2025-11-20 00:58:14,223 ligdicash [PARAMS] Parametres d'entree:
INFO 2025-11-20 00:58:14,246 ligdicash   - paiement_id: 0d11c494-bbbd-413e-994c-1a6f52bcd0b4
INFO 2025-11-20 00:58:14,259 ligdicash   - montant: 300000.00
INFO 2025-11-20 00:58:14,261 ligdicash   - email_client: roxi07@gmail.com
INFO 2025-11-20 00:58:14,264 ligdicash   - nom_client: Patricia Nombré
INFO 2025-11-20 00:58:14,282 ligdicash [URLS] URLs de callback:
INFO 2025-11-20 00:58:14,283 ligdicash   - url_retour_succes: http://127.0.0.1:8000/payments/ligdicash/success/0d11c494-bbbd-413e-994c-1a6f52bcd0b4/
INFO 2025-11-20 00:58:14,284 ligdicash   - url_retour_echec: http://127.0.0.1:8000/payments/ligdicash/error/0d11c494-bbbd-413e-994c-1a6f52bcd0b4/
INFO 2025-11-20 00:58:14,284 ligdicash   - url_callback: http://127.0.0.1:8000/payments/webhook/ligdicash/
INFO 2025-11-20 00:58:14,285 ligdicash [PAYLOAD] Payload construit
INFO 2025-11-20 00:58:14,286 ligdicash ------------------------------------------------------------
INFO 2025-11-20 00:58:14,287 ligdicash {
  "commande": {
    "invoice": {
      "items": [
        {
          "name": "Paiement tranche 2 - Patricia Nombré",
          "description": "Paiement tranche 2 - Patricia Nombré",
          "quantity": 1,
          "unit_price": "300000",
          "total_price": "300000"
        }
      ],
      "total_amount": "300000",
      "devise": "XOF",
      "description": "Paiement tranche 2 - Patricia Nombré",
      "customer": "Patricia Nombré",
      "customer_firstname": "Patricia",
      "customer_lastname": "Nombré",
      "customer_email": "roxi07@gmail.com",
      "external_id": "0d11c494-bbbd-413e-994c-1a6f52bcd0b4"
    }
  },
  "store": {
    "name": "FORMIS",
    "website_url": "http://127.0.0.1:8000"
  },
  "actions": {
    "cancel_url": "http://127.0.0.1:8000/payments/ligdicash/error/0d11c494-bbbd-413e-994c-1a6f52bcd0b4/",
    "return_url": "http://127.0.0.1:8000/payments/ligdicash/success/0d11c494-bbbd-413e-994c-1a6f52bcd0b4/",
    "callback_url": "http://127.0.0.1:8000/payments/webhook/ligdicash/"
  },
  "custom_data": {
    "paiement_id": "0d11c494-bbbd-413e-994c-1a6f52bcd0b4",
    "timestamp": "2025-11-20T00:58:14.285071+00:00"
  }
}
INFO 2025-11-20 00:58:14,287 ligdicash ------------------------------------------------------------
INFO 2025-11-20 00:58:14,287 ligdicash [ACTIONS] Verification section actions:
INFO 2025-11-20 00:58:14,287 ligdicash   - cancel_url: http://127.0.0.1:8000/payments/ligdicash/error/0d11c494-bbbd-413e-994c-1a6f52bcd0b4/
INFO 2025-11-20 00:58:14,288 ligdicash   - return_url: http://127.0.0.1:8000/payments/ligdicash/success/0d11c494-bbbd-413e-994c-1a6f52bcd0b4/
INFO 2025-11-20 00:58:14,301 ligdicash   - callback_url: http://127.0.0.1:8000/payments/webhook/ligdicash/
INFO 2025-11-20 00:58:14,301 ligdicash [ACTIONS] OK - Toutes les URLs sont presentes
INFO 2025-11-20 00:58:14,303 ligdicash [API] POST vers: https://client.ligdicash.com/pay/v01/redirect/checkout-invoice/create
INFO 2025-11-20 00:58:14,303 ligdicash [API] Envoi...
INFO 2025-11-20 00:58:17,857 ligdicash [API] Reponse recue - Status: 200
INFO 2025-11-20 00:58:17,870 ligdicash [RESPONSE] JSON parse OK
INFO 2025-11-20 00:58:17,870 ligdicash ------------------------------------------------------------
INFO 2025-11-20 00:58:17,876 ligdicash {
  "response_code": "01",
  "token": "",
  "response_text": "Echec (Code08)",
  "description": "Empty command actions",
  "custom_data": [],
  "wiki": "https://client.ligdicash.com/wiki/createInvoice"
}
INFO 2025-11-20 00:58:17,876 ligdicash ------------------------------------------------------------
INFO 2025-11-20 00:58:17,876 ligdicash [RESPONSE] response_code: 01
INFO 2025-11-20 00:58:17,876 ligdicash [RESPONSE] response_text: Echec (Code08)
INFO 2025-11-20 00:58:17,876 ligdicash [RESPONSE] description: Empty command actions
ERROR 2025-11-20 00:58:17,877 ligdicash ============================================================
ERROR 2025-11-20 00:58:17,877 ligdicash ERROR
ERROR 2025-11-20 00:58:17,877 ligdicash ============================================================
ERROR 2025-11-20 00:58:17,877 ligdicash [ERROR] Code: 01
ERROR 2025-11-20 00:58:17,877 ligdicash [ERROR] Message: Echec (Code08)
ERROR 2025-11-20 00:58:17,877 ligdicash [ERROR] Description: Empty command actions
ERROR 2025-11-20 00:58:17,878 ligdicash [ERROR] Wiki: https://client.ligdicash.com/wiki/createInvoice
INFO 2025-11-20 00:58:17,898 basehttp "GET /payments/ligdicash/payer/0d11c494-bbbd-413e-994c-1a6f52bcd0b4/ HTTP/1.1" 302 0
INFO 2025-11-20 00:58:18,328 basehttp "GET /dashboard/ HTTP/1.1" 302 0
INFO 2025-11-20 00:58:19,041 basehttp "GET /dashboard/admin/ HTTP/1.1" 200 65061
WARNING 2025-11-20 00:58:19,219 basehttp "GET /static/css/dashboard/admin.css HTTP/1.1" 404 1996
WARNING 2025-11-20 00:58:21,115 log Not Found: /favicon.ico
WARNING 2025-11-20 00:58:21,116 basehttp "GET /favicon.ico HTTP/1.1" 404 4175
INFO 2025-11-20 00:58:26,677 basehttp "GET /dashboard/admin/teachers/ HTTP/1.1" 200 75823
INFO 2025-11-20 00:58:27,492 basehttp "GET /media/profils/IMG-20220507-WA0015.jpg HTTP/1.1" 200 25481
WARNING 2025-11-20 00:58:27,518 log Not Found: /favicon.ico
WARNING 2025-11-20 00:58:27,519 basehttp "GET /favicon.ico HTTP/1.1" 404 4175
INFO 2025-11-20 00:58:35,784 basehttp "GET /dashboard/admin/students/ HTTP/1.1" 200 87163
INFO 2025-11-20 00:58:42,033 basehttp "GET /payments/students/c8650759-c373-467e-86c3-7a50585be1f6/ HTTP/1.1" 200 82112
INFO 2025-11-20 01:03:47,305 autoreload E:\formis_app\_formis\apps\core\dashboard_views.py changed, reloading.
INFO 2025-11-20 01:04:03,987 autoreload Watching for file changes with StatReloader
INFO 2025-11-20 01:04:57,437 autoreload E:\formis_app\_formis\apps\core\dashboard_views.py changed, reloading.
INFO 2025-11-20 01:05:08,094 autoreload Watching for file changes with StatReloader
INFO 2025-11-20 01:05:34,468 autoreload E:\formis_app\_formis\apps\core\dashboard_urls.py changed, reloading.
INFO 2025-11-20 01:05:36,216 autoreload Watching for file changes with StatReloader
INFO 2025-11-20 01:11:53,401 basehttp "POST /dashboard/admin/students/c8650759-c373-467e-86c3-7a50585be1f6/initier-paiement/ HTTP/1.1" 200 240
INFO 2025-11-20 01:11:53,894 ligdicash ============================================================
INFO 2025-11-20 01:11:53,895 ligdicash LIGDICASH API CALL
INFO 2025-11-20 01:11:53,895 ligdicash ============================================================
INFO 2025-11-20 01:11:53,896 ligdicash [PARAMS] Parametres d'entree:
INFO 2025-11-20 01:11:53,896 ligdicash   - paiement_id: 8a89c773-657e-4478-8a41-45b802f9cfd5
INFO 2025-11-20 01:11:53,897 ligdicash   - montant: 300000.00
INFO 2025-11-20 01:11:53,909 ligdicash   - email_client: roxi07@gmail.com
INFO 2025-11-20 01:11:53,912 ligdicash   - nom_client: Patricia Nombré
INFO 2025-11-20 01:11:53,912 ligdicash [URLS] URLs de callback:
INFO 2025-11-20 01:11:53,912 ligdicash   - url_retour_succes: http://127.0.0.1:8000/payments/ligdicash/success/8a89c773-657e-4478-8a41-45b802f9cfd5/
INFO 2025-11-20 01:11:53,913 ligdicash   - url_retour_echec: http://127.0.0.1:8000/payments/ligdicash/error/8a89c773-657e-4478-8a41-45b802f9cfd5/
INFO 2025-11-20 01:11:53,913 ligdicash   - url_callback: http://127.0.0.1:8000/payments/webhook/ligdicash/
INFO 2025-11-20 01:11:53,913 ligdicash [PAYLOAD] Payload construit
INFO 2025-11-20 01:11:53,913 ligdicash ------------------------------------------------------------
INFO 2025-11-20 01:11:53,914 ligdicash {
  "commande": {
    "invoice": {
      "items": [
        {
          "name": "Paiement tranche 2 - Patricia Nombré",
          "description": "Paiement tranche 2 - Patricia Nombré",
          "quantity": 1,
          "unit_price": "300000",
          "total_price": "300000"
        }
      ],
      "total_amount": "300000",
      "devise": "XOF",
      "description": "Paiement tranche 2 - Patricia Nombré",
      "customer": "Patricia Nombré",
      "customer_firstname": "Patricia",
      "customer_lastname": "Nombré",
      "customer_email": "roxi07@gmail.com",
      "external_id": "8a89c773-657e-4478-8a41-45b802f9cfd5"
    }
  },
  "store": {
    "name": "FORMIS",
    "website_url": "http://127.0.0.1:8000"
  },
  "actions": {
    "cancel_url": "http://127.0.0.1:8000/payments/ligdicash/error/8a89c773-657e-4478-8a41-45b802f9cfd5/",
    "return_url": "http://127.0.0.1:8000/payments/ligdicash/success/8a89c773-657e-4478-8a41-45b802f9cfd5/",
    "callback_url": "http://127.0.0.1:8000/payments/webhook/ligdicash/"
  },
  "custom_data": {
    "paiement_id": "8a89c773-657e-4478-8a41-45b802f9cfd5",
    "timestamp": "2025-11-20T01:11:53.913748+00:00"
  }
}
INFO 2025-11-20 01:11:53,915 ligdicash ------------------------------------------------------------
INFO 2025-11-20 01:11:53,915 ligdicash [ACTIONS] Verification section actions:
INFO 2025-11-20 01:11:53,916 ligdicash   - cancel_url: http://127.0.0.1:8000/payments/ligdicash/error/8a89c773-657e-4478-8a41-45b802f9cfd5/
INFO 2025-11-20 01:11:53,934 ligdicash   - return_url: http://127.0.0.1:8000/payments/ligdicash/success/8a89c773-657e-4478-8a41-45b802f9cfd5/
INFO 2025-11-20 01:11:53,934 ligdicash   - callback_url: http://127.0.0.1:8000/payments/webhook/ligdicash/
INFO 2025-11-20 01:11:53,934 ligdicash [ACTIONS] OK - Toutes les URLs sont presentes
INFO 2025-11-20 01:11:53,934 ligdicash [API] POST vers: https://client.ligdicash.com/pay/v01/redirect/checkout-invoice/create
INFO 2025-11-20 01:11:53,935 ligdicash [API] Envoi...
INFO 2025-11-20 01:11:57,723 ligdicash [API] Reponse recue - Status: 200
INFO 2025-11-20 01:11:57,723 ligdicash [RESPONSE] JSON parse OK
INFO 2025-11-20 01:11:57,738 ligdicash ------------------------------------------------------------
INFO 2025-11-20 01:11:57,739 ligdicash {
  "response_code": "01",
  "token": "",
  "response_text": "Echec (Code08)",
  "description": "Empty command actions",
  "custom_data": [],
  "wiki": "https://client.ligdicash.com/wiki/createInvoice"
}
INFO 2025-11-20 01:11:57,743 ligdicash ------------------------------------------------------------
INFO 2025-11-20 01:11:57,743 ligdicash [RESPONSE] response_code: 01
INFO 2025-11-20 01:11:57,744 ligdicash [RESPONSE] response_text: Echec (Code08)
INFO 2025-11-20 01:11:57,764 ligdicash [RESPONSE] description: Empty command actions
ERROR 2025-11-20 01:11:57,767 ligdicash ============================================================
ERROR 2025-11-20 01:11:57,868 ligdicash ERROR
ERROR 2025-11-20 01:11:57,868 ligdicash ============================================================
ERROR 2025-11-20 01:11:57,868 ligdicash [ERROR] Code: 01
ERROR 2025-11-20 01:11:57,868 ligdicash [ERROR] Message: Echec (Code08)
ERROR 2025-11-20 01:11:57,868 ligdicash [ERROR] Description: Empty command actions
ERROR 2025-11-20 01:11:57,869 ligdicash [ERROR] Wiki: https://client.ligdicash.com/wiki/createInvoice
INFO 2025-11-20 01:11:58,105 basehttp "GET /payments/ligdicash/payer/8a89c773-657e-4478-8a41-45b802f9cfd5/ HTTP/1.1" 302 0
INFO 2025-11-20 01:11:58,713 basehttp "GET /dashboard/ HTTP/1.1" 302 0
INFO 2025-11-20 01:11:59,999 basehttp "GET /dashboard/admin/ HTTP/1.1" 200 65899
WARNING 2025-11-20 01:12:00,111 basehttp "GET /static/css/dashboard/admin.css HTTP/1.1" 404 1996
WARNING 2025-11-20 01:12:01,576 log Not Found: /favicon.ico
WARNING 2025-11-20 01:12:01,576 basehttp "GET /favicon.ico HTTP/1.1" 404 4175
INFO 2025-11-20 01:13:17,021 basehttp "GET /dashboard/admin/candidatures/ HTTP/1.1" 200 75347
INFO 2025-11-20 01:13:20,984 basehttp "GET /enrollment/candidature/ea896804-1119-406b-8a3d-08e5db1f7ff2/ HTTP/1.1" 200 62464
INFO 2025-11-20 01:22:34,069 autoreload E:\formis_app\_formis\apps\payments\services\ligdicash.py changed, reloading.
INFO 2025-11-20 01:22:35,710 autoreload Watching for file changes with StatReloader
INFO 2025-11-20 01:24:40,844 autoreload E:\formis_app\_formis\apps\enrollment\views.py changed, reloading.
INFO 2025-11-20 01:24:47,237 autoreload Watching for file changes with StatReloader
INFO 2025-11-20 01:25:57,012 autoreload E:\formis_app\_formis\apps\enrollment\views.py changed, reloading.
INFO 2025-11-20 01:25:59,349 autoreload Watching for file changes with StatReloader
ERROR 2025-11-20 01:29:05,286 log Internal Server Error: /enrollment/candidature/ea896804-1119-406b-8a3d-08e5db1f7ff2/
Traceback (most recent call last):
  File "E:\formis_app\.venv\Lib\site-packages\django\core\handlers\exception.py", line 55, in inner
    response = get_response(request)
  File "E:\formis_app\.venv\Lib\site-packages\django\core\handlers\base.py", line 220, in _get_response
    response = response.render()
  File "E:\formis_app\.venv\Lib\site-packages\django\template\response.py", line 114, in render
    self.content = self.rendered_content
                   ^^^^^^^^^^^^^^^^^^^^^
  File "E:\formis_app\.venv\Lib\site-packages\django\template\response.py", line 92, in rendered_content
    return template.render(context, self._request)
           ~~~~~~~~~~~~~~~^^^^^^^^^^^^^^^^^^^^^^^^
  File "E:\formis_app\.venv\Lib\site-packages\django\template\backends\django.py", line 107, in render
    return self.template.render(context)
           ~~~~~~~~~~~~~~~~~~~~^^^^^^^^^
  File "E:\formis_app\.venv\Lib\site-packages\django\template\base.py", line 171, in render
    return self._render(context)
           ~~~~~~~~~~~~^^^^^^^^^
  File "E:\formis_app\.venv\Lib\site-packages\django\template\base.py", line 163, in _render
    return self.nodelist.render(context)
           ~~~~~~~~~~~~~~~~~~~~^^^^^^^^^
  File "E:\formis_app\.venv\Lib\site-packages\django\template\base.py", line 1016, in render
    return SafeString("".join([node.render_annotated(context) for node in self]))
                               ~~~~~~~~~~~~~~~~~~~~~^^^^^^^^^
  File "E:\formis_app\.venv\Lib\site-packages\django\template\base.py", line 977, in render_annotated
    return self.render(context)
           ~~~~~~~~~~~^^^^^^^^^
  File "E:\formis_app\.venv\Lib\site-packages\django\template\loader_tags.py", line 159, in render
    return compiled_parent._render(context)
           ~~~~~~~~~~~~~~~~~~~~~~~^^^^^^^^^
  File "E:\formis_app\.venv\Lib\site-packages\django\template\base.py", line 163, in _render
    return self.nodelist.render(context)
           ~~~~~~~~~~~~~~~~~~~~^^^^^^^^^
  File "E:\formis_app\.venv\Lib\site-packages\django\template\base.py", line 1016, in render
    return SafeString("".join([node.render_annotated(context) for node in self]))
                               ~~~~~~~~~~~~~~~~~~~~~^^^^^^^^^
  File "E:\formis_app\.venv\Lib\site-packages\django\template\base.py", line 977, in render_annotated
    return self.render(context)
           ~~~~~~~~~~~^^^^^^^^^
  File "E:\formis_app\.venv\Lib\site-packages\django\template\loader_tags.py", line 65, in render
    result = block.nodelist.render(context)
  File "E:\formis_app\.venv\Lib\site-packages\django\template\base.py", line 1016, in render
    return SafeString("".join([node.render_annotated(context) for node in self]))
                               ~~~~~~~~~~~~~~~~~~~~~^^^^^^^^^
  File "E:\formis_app\.venv\Lib\site-packages\django\template\base.py", line 977, in render_annotated
    return self.render(context)
           ~~~~~~~~~~~^^^^^^^^^
  File "E:\formis_app\.venv\Lib\site-packages\django\template\defaulttags.py", line 480, in render
    url = reverse(view_name, args=args, kwargs=kwargs, current_app=current_app)
  File "E:\formis_app\.venv\Lib\site-packages\django\urls\base.py", line 98, in reverse
    resolved_url = resolver._reverse_with_prefix(view, prefix, *args, **kwargs)
  File "E:\formis_app\.venv\Lib\site-packages\django\urls\resolvers.py", line 831, in _reverse_with_prefix
    raise NoReverseMatch(msg)
django.urls.exceptions.NoReverseMatch: Reverse for 'admin_create_inscription' not found. 'admin_create_inscription' is not a valid view function or pattern name.
ERROR 2025-11-20 01:29:05,380 basehttp "GET /enrollment/candidature/ea896804-1119-406b-8a3d-08e5db1f7ff2/ HTTP/1.1" 500 168429
WARNING 2025-11-20 01:29:06,224 log Not Found: /favicon.ico
INFO 2025-11-20 01:29:06,225 basehttp - Broken pipe from ('127.0.0.1', 56679)
INFO 2025-11-20 01:30:42,527 autoreload E:\formis_app\_formis\apps\core\dashboard_urls.py changed, reloading.
INFO 2025-11-20 01:30:44,059 autoreload Watching for file changes with StatReloader
INFO 2025-11-20 01:30:54,833 autoreload E:\formis_app\_formis\apps\core\dashboard_urls.py changed, reloading.
INFO 2025-11-20 01:30:56,179 autoreload Watching for file changes with StatReloader
INFO 2025-11-20 01:32:41,109 autoreload E:\formis_app\_formis\apps\core\dashboard_urls.py changed, reloading.
INFO 2025-11-20 01:32:42,761 autoreload Watching for file changes with StatReloader
INFO 2025-11-20 01:33:36,587 autoreload E:\formis_app\_formis\apps\enrollment\urls.py changed, reloading.
INFO 2025-11-20 01:33:38,571 autoreload Watching for file changes with StatReloader
ERROR 2025-11-20 01:33:52,937 log Internal Server Error: /enrollment/candidature/ea896804-1119-406b-8a3d-08e5db1f7ff2/
Traceback (most recent call last):
  File "E:\formis_app\.venv\Lib\site-packages\django\core\handlers\exception.py", line 55, in inner
    response = get_response(request)
  File "E:\formis_app\.venv\Lib\site-packages\django\core\handlers\base.py", line 220, in _get_response
    response = response.render()
  File "E:\formis_app\.venv\Lib\site-packages\django\template\response.py", line 114, in render
    self.content = self.rendered_content
                   ^^^^^^^^^^^^^^^^^^^^^
  File "E:\formis_app\.venv\Lib\site-packages\django\template\response.py", line 92, in rendered_content
    return template.render(context, self._request)
           ~~~~~~~~~~~~~~~^^^^^^^^^^^^^^^^^^^^^^^^
  File "E:\formis_app\.venv\Lib\site-packages\django\template\backends\django.py", line 107, in render
    return self.template.render(context)
           ~~~~~~~~~~~~~~~~~~~~^^^^^^^^^
  File "E:\formis_app\.venv\Lib\site-packages\django\template\base.py", line 171, in render
    return self._render(context)
           ~~~~~~~~~~~~^^^^^^^^^
  File "E:\formis_app\.venv\Lib\site-packages\django\template\base.py", line 163, in _render
    return self.nodelist.render(context)
           ~~~~~~~~~~~~~~~~~~~~^^^^^^^^^
  File "E:\formis_app\.venv\Lib\site-packages\django\template\base.py", line 1016, in render
    return SafeString("".join([node.render_annotated(context) for node in self]))
                               ~~~~~~~~~~~~~~~~~~~~~^^^^^^^^^
  File "E:\formis_app\.venv\Lib\site-packages\django\template\base.py", line 977, in render_annotated
    return self.render(context)
           ~~~~~~~~~~~^^^^^^^^^
  File "E:\formis_app\.venv\Lib\site-packages\django\template\loader_tags.py", line 159, in render
    return compiled_parent._render(context)
           ~~~~~~~~~~~~~~~~~~~~~~~^^^^^^^^^
  File "E:\formis_app\.venv\Lib\site-packages\django\template\base.py", line 163, in _render
    return self.nodelist.render(context)
           ~~~~~~~~~~~~~~~~~~~~^^^^^^^^^
  File "E:\formis_app\.venv\Lib\site-packages\django\template\base.py", line 1016, in render
    return SafeString("".join([node.render_annotated(context) for node in self]))
                               ~~~~~~~~~~~~~~~~~~~~~^^^^^^^^^
  File "E:\formis_app\.venv\Lib\site-packages\django\template\base.py", line 977, in render_annotated
    return self.render(context)
           ~~~~~~~~~~~^^^^^^^^^
  File "E:\formis_app\.venv\Lib\site-packages\django\template\loader_tags.py", line 65, in render
    result = block.nodelist.render(context)
  File "E:\formis_app\.venv\Lib\site-packages\django\template\base.py", line 1016, in render
    return SafeString("".join([node.render_annotated(context) for node in self]))
                               ~~~~~~~~~~~~~~~~~~~~~^^^^^^^^^
  File "E:\formis_app\.venv\Lib\site-packages\django\template\base.py", line 977, in render_annotated
    return self.render(context)
           ~~~~~~~~~~~^^^^^^^^^
  File "E:\formis_app\.venv\Lib\site-packages\django\template\defaulttags.py", line 480, in render
    url = reverse(view_name, args=args, kwargs=kwargs, current_app=current_app)
  File "E:\formis_app\.venv\Lib\site-packages\django\urls\base.py", line 98, in reverse
    resolved_url = resolver._reverse_with_prefix(view, prefix, *args, **kwargs)
  File "E:\formis_app\.venv\Lib\site-packages\django\urls\resolvers.py", line 831, in _reverse_with_prefix
    raise NoReverseMatch(msg)
django.urls.exceptions.NoReverseMatch: Reverse for 'admin_create_inscription' not found. 'admin_create_inscription' is not a valid view function or pattern name.
ERROR 2025-11-20 01:33:52,943 basehttp "GET /enrollment/candidature/ea896804-1119-406b-8a3d-08e5db1f7ff2/ HTTP/1.1" 500 168429
WARNING 2025-11-20 01:33:53,171 log Not Found: /favicon.ico
INFO 2025-11-20 01:33:53,171 basehttp - Broken pipe from ('127.0.0.1', 56704)
INFO 2025-11-20 01:34:13,842 basehttp "GET /enrollment/candidature/ea896804-1119-406b-8a3d-08e5db1f7ff2/ HTTP/1.1" 200 62464
ERROR 2025-11-20 01:34:19,821 log Internal Server Error: /enrollment/candidatures/ea896804-1119-406b-8a3d-08e5db1f7ff2/create-inscription/
Traceback (most recent call last):
  File "E:\formis_app\.venv\Lib\site-packages\django\core\handlers\exception.py", line 55, in inner
    response = get_response(request)
  File "E:\formis_app\.venv\Lib\site-packages\django\core\handlers\base.py", line 220, in _get_response
    response = response.render()
  File "E:\formis_app\.venv\Lib\site-packages\django\template\response.py", line 114, in render
    self.content = self.rendered_content
                   ^^^^^^^^^^^^^^^^^^^^^
  File "E:\formis_app\.venv\Lib\site-packages\django\template\response.py", line 92, in rendered_content
    return template.render(context, self._request)
           ~~~~~~~~~~~~~~~^^^^^^^^^^^^^^^^^^^^^^^^
  File "E:\formis_app\.venv\Lib\site-packages\django\template\backends\django.py", line 107, in render
    return self.template.render(context)
           ~~~~~~~~~~~~~~~~~~~~^^^^^^^^^
  File "E:\formis_app\.venv\Lib\site-packages\django\template\base.py", line 171, in render
    return self._render(context)
           ~~~~~~~~~~~~^^^^^^^^^
  File "E:\formis_app\.venv\Lib\site-packages\django\template\base.py", line 163, in _render
    return self.nodelist.render(context)
           ~~~~~~~~~~~~~~~~~~~~^^^^^^^^^
  File "E:\formis_app\.venv\Lib\site-packages\django\template\base.py", line 1016, in render
    return SafeString("".join([node.render_annotated(context) for node in self]))
                               ~~~~~~~~~~~~~~~~~~~~~^^^^^^^^^
  File "E:\formis_app\.venv\Lib\site-packages\django\template\base.py", line 977, in render_annotated
    return self.render(context)
           ~~~~~~~~~~~^^^^^^^^^
  File "E:\formis_app\.venv\Lib\site-packages\django\template\loader_tags.py", line 159, in render
    return compiled_parent._render(context)
           ~~~~~~~~~~~~~~~~~~~~~~~^^^^^^^^^
  File "E:\formis_app\.venv\Lib\site-packages\django\template\base.py", line 163, in _render
    return self.nodelist.render(context)
           ~~~~~~~~~~~~~~~~~~~~^^^^^^^^^
  File "E:\formis_app\.venv\Lib\site-packages\django\template\base.py", line 1016, in render
    return SafeString("".join([node.render_annotated(context) for node in self]))
                               ~~~~~~~~~~~~~~~~~~~~~^^^^^^^^^
  File "E:\formis_app\.venv\Lib\site-packages\django\template\base.py", line 977, in render_annotated
    return self.render(context)
           ~~~~~~~~~~~^^^^^^^^^
  File "E:\formis_app\.venv\Lib\site-packages\django\template\loader_tags.py", line 65, in render
    result = block.nodelist.render(context)
  File "E:\formis_app\.venv\Lib\site-packages\django\template\base.py", line 1016, in render
    return SafeString("".join([node.render_annotated(context) for node in self]))
                               ~~~~~~~~~~~~~~~~~~~~~^^^^^^^^^
  File "E:\formis_app\.venv\Lib\site-packages\django\template\base.py", line 977, in render_annotated
    return self.render(context)
           ~~~~~~~~~~~^^^^^^^^^
  File "E:\formis_app\.venv\Lib\site-packages\django\template\defaulttags.py", line 480, in render
    url = reverse(view_name, args=args, kwargs=kwargs, current_app=current_app)
  File "E:\formis_app\.venv\Lib\site-packages\django\urls\base.py", line 98, in reverse
    resolved_url = resolver._reverse_with_prefix(view, prefix, *args, **kwargs)
  File "E:\formis_app\.venv\Lib\site-packages\django\urls\resolvers.py", line 831, in _reverse_with_prefix
    raise NoReverseMatch(msg)
django.urls.exceptions.NoReverseMatch: Reverse for 'admin_candidature_detail' with arguments '('',)' not found. 1 pattern(s) tried: ['dashboard/admin/candidatures/(?P<pk>[0-9a-f]{8}-[0-9a-f]{4}-[0-9a-f]{4}-[0-9a-f]{4}-[0-9a-f]{12})/\\Z']
ERROR 2025-11-20 01:34:19,871 basehttp "GET /enrollment/candidatures/ea896804-1119-406b-8a3d-08e5db1f7ff2/create-inscription/ HTTP/1.1" 500 159356
WARNING 2025-11-20 01:34:20,664 log Not Found: /favicon.ico
INFO 2025-11-20 01:34:20,665 basehttp - Broken pipe from ('127.0.0.1', 56710)
ERROR 2025-11-20 01:35:32,771 log Internal Server Error: /enrollment/candidatures/ea896804-1119-406b-8a3d-08e5db1f7ff2/create-inscription/
Traceback (most recent call last):
  File "E:\formis_app\.venv\Lib\site-packages\django\core\handlers\exception.py", line 55, in inner
    response = get_response(request)
  File "E:\formis_app\.venv\Lib\site-packages\django\core\handlers\base.py", line 220, in _get_response
    response = response.render()
  File "E:\formis_app\.venv\Lib\site-packages\django\template\response.py", line 114, in render
    self.content = self.rendered_content
                   ^^^^^^^^^^^^^^^^^^^^^
  File "E:\formis_app\.venv\Lib\site-packages\django\template\response.py", line 92, in rendered_content
    return template.render(context, self._request)
           ~~~~~~~~~~~~~~~^^^^^^^^^^^^^^^^^^^^^^^^
  File "E:\formis_app\.venv\Lib\site-packages\django\template\backends\django.py", line 107, in render
    return self.template.render(context)
           ~~~~~~~~~~~~~~~~~~~~^^^^^^^^^
  File "E:\formis_app\.venv\Lib\site-packages\django\template\base.py", line 171, in render
    return self._render(context)
           ~~~~~~~~~~~~^^^^^^^^^
  File "E:\formis_app\.venv\Lib\site-packages\django\template\base.py", line 163, in _render
    return self.nodelist.render(context)
           ~~~~~~~~~~~~~~~~~~~~^^^^^^^^^
  File "E:\formis_app\.venv\Lib\site-packages\django\template\base.py", line 1016, in render
    return SafeString("".join([node.render_annotated(context) for node in self]))
                               ~~~~~~~~~~~~~~~~~~~~~^^^^^^^^^
  File "E:\formis_app\.venv\Lib\site-packages\django\template\base.py", line 977, in render_annotated
    return self.render(context)
           ~~~~~~~~~~~^^^^^^^^^
  File "E:\formis_app\.venv\Lib\site-packages\django\template\loader_tags.py", line 159, in render
    return compiled_parent._render(context)
           ~~~~~~~~~~~~~~~~~~~~~~~^^^^^^^^^
  File "E:\formis_app\.venv\Lib\site-packages\django\template\base.py", line 163, in _render
    return self.nodelist.render(context)
           ~~~~~~~~~~~~~~~~~~~~^^^^^^^^^
  File "E:\formis_app\.venv\Lib\site-packages\django\template\base.py", line 1016, in render
    return SafeString("".join([node.render_annotated(context) for node in self]))
                               ~~~~~~~~~~~~~~~~~~~~~^^^^^^^^^
  File "E:\formis_app\.venv\Lib\site-packages\django\template\base.py", line 977, in render_annotated
    return self.render(context)
           ~~~~~~~~~~~^^^^^^^^^
  File "E:\formis_app\.venv\Lib\site-packages\django\template\loader_tags.py", line 65, in render
    result = block.nodelist.render(context)
  File "E:\formis_app\.venv\Lib\site-packages\django\template\base.py", line 1016, in render
    return SafeString("".join([node.render_annotated(context) for node in self]))
                               ~~~~~~~~~~~~~~~~~~~~~^^^^^^^^^
  File "E:\formis_app\.venv\Lib\site-packages\django\template\base.py", line 977, in render_annotated
    return self.render(context)
           ~~~~~~~~~~~^^^^^^^^^
  File "E:\formis_app\.venv\Lib\site-packages\django\template\defaulttags.py", line 327, in render
    return nodelist.render(context)
           ~~~~~~~~~~~~~~~^^^^^^^^^
  File "E:\formis_app\.venv\Lib\site-packages\django\template\base.py", line 1016, in render
    return SafeString("".join([node.render_annotated(context) for node in self]))
                               ~~~~~~~~~~~~~~~~~~~~~^^^^^^^^^
  File "E:\formis_app\.venv\Lib\site-packages\django\template\base.py", line 977, in render_annotated
    return self.render(context)
           ~~~~~~~~~~~^^^^^^^^^
  File "E:\formis_app\.venv\Lib\site-packages\django\template\defaulttags.py", line 480, in render
    url = reverse(view_name, args=args, kwargs=kwargs, current_app=current_app)
  File "E:\formis_app\.venv\Lib\site-packages\django\urls\base.py", line 98, in reverse
    resolved_url = resolver._reverse_with_prefix(view, prefix, *args, **kwargs)
  File "E:\formis_app\.venv\Lib\site-packages\django\urls\resolvers.py", line 831, in _reverse_with_prefix
    raise NoReverseMatch(msg)
django.urls.exceptions.NoReverseMatch: Reverse for 'admin_candidature_detail' with arguments '('',)' not found. 1 pattern(s) tried: ['dashboard/admin/candidatures/(?P<pk>[0-9a-f]{8}-[0-9a-f]{4}-[0-9a-f]{4}-[0-9a-f]{4}-[0-9a-f]{12})/\\Z']
ERROR 2025-11-20 01:35:32,782 basehttp "GET /enrollment/candidatures/ea896804-1119-406b-8a3d-08e5db1f7ff2/create-inscription/ HTTP/1.1" 500 174678
INFO 2025-11-20 01:36:03,804 basehttp "GET /enrollment/candidatures/ea896804-1119-406b-8a3d-08e5db1f7ff2/create-inscription/ HTTP/1.1" 200 52187
WARNING 2025-11-20 01:36:04,177 log Not Found: /favicon.ico
INFO 2025-11-20 01:36:04,179 basehttp - Broken pipe from ('127.0.0.1', 56720)
INFO 2025-11-20 01:36:24,339 basehttp "POST /enrollment/candidatures/ea896804-1119-406b-8a3d-08e5db1f7ff2/create-inscription/ HTTP/1.1" 200 52187
INFO 2025-11-20 01:36:33,470 basehttp "GET /dashboard/admin/candidatures/ HTTP/1.1" 200 75347
WARNING 2025-11-20 01:36:34,196 log Not Found: /favicon.ico
INFO 2025-11-20 01:36:34,197 basehttp - Broken pipe from ('127.0.0.1', 56727)
INFO 2025-11-20 01:36:41,107 basehttp "GET /enrollment/candidature/1155fd65-eb3a-4d6c-be78-19595fa192da/ HTTP/1.1" 200 66650
INFO 2025-11-20 01:37:03,148 basehttp "GET /dashboard/admin/candidatures/ HTTP/1.1" 200 75347
WARNING 2025-11-20 01:37:03,810 log Not Found: /favicon.ico
INFO 2025-11-20 01:37:03,811 basehttp - Broken pipe from ('127.0.0.1', 56731)
INFO 2025-11-20 01:37:06,278 basehttp "GET /enrollment/candidature/ea896804-1119-406b-8a3d-08e5db1f7ff2/ HTTP/1.1" 200 62464
WARNING 2025-11-20 01:37:07,057 log Not Found: /favicon.ico
INFO 2025-11-20 01:37:07,058 basehttp - Broken pipe from ('127.0.0.1', 56737)
INFO 2025-11-20 01:37:07,764 basehttp "GET /enrollment/candidatures/ea896804-1119-406b-8a3d-08e5db1f7ff2/create-inscription/ HTTP/1.1" 200 52187
INFO 2025-11-20 01:37:16,531 basehttp "GET /dashboard/admin/candidatures/ HTTP/1.1" 200 75347
WARNING 2025-11-20 01:37:17,296 log Not Found: /favicon.ico
INFO 2025-11-20 01:37:17,298 basehttp - Broken pipe from ('127.0.0.1', 56740)
INFO 2025-11-20 01:37:19,236 basehttp "GET /dashboard/admin/students/ HTTP/1.1" 200 87617
INFO 2025-11-20 01:37:19,985 basehttp - Broken pipe from ('127.0.0.1', 56746)
WARNING 2025-11-20 01:37:20,012 log Not Found: /favicon.ico
WARNING 2025-11-20 01:37:20,013 basehttp "GET /favicon.ico HTTP/1.1" 404 4175
INFO 2025-11-20 01:37:50,611 autoreload E:\formis_app\_formis\apps\payments\services\ligdicash.py changed, reloading.
INFO 2025-11-20 01:37:52,066 autoreload Watching for file changes with StatReloader
INFO 2025-11-20 01:37:56,910 autoreload E:\formis_app\_formis\apps\payments\services\ligdicash.py changed, reloading.
INFO 2025-11-20 01:37:59,341 autoreload Watching for file changes with StatReloader
INFO 2025-11-20 01:38:08,902 basehttp "GET /payments/students/c8650759-c373-467e-86c3-7a50585be1f6/ HTTP/1.1" 200 84143
WARNING 2025-11-20 01:38:09,607 log Not Found: /favicon.ico
INFO 2025-11-20 01:38:09,609 basehttp - Broken pipe from ('127.0.0.1', 56763)
INFO 2025-11-20 01:38:47,143 autoreload E:\formis_app\_formis\apps\payments\services\ligdicash.py changed, reloading.
INFO 2025-11-20 01:38:48,558 autoreload Watching for file changes with StatReloader
INFO 2025-11-20 01:38:53,854 autoreload E:\formis_app\_formis\apps\payments\services\ligdicash.py changed, reloading.
INFO 2025-11-20 01:38:55,493 autoreload Watching for file changes with StatReloader
INFO 2025-11-20 01:39:04,525 basehttp "POST /dashboard/admin/students/c8650759-c373-467e-86c3-7a50585be1f6/initier-paiement/ HTTP/1.1" 200 240
INFO 2025-11-20 01:39:04,766 ligdicash ============================================================
INFO 2025-11-20 01:39:04,774 ligdicash LIGDICASH API CALL
INFO 2025-11-20 01:39:04,796 ligdicash ============================================================
INFO 2025-11-20 01:39:04,802 ligdicash [PARAMS] Parametres d'entree:
INFO 2025-11-20 01:39:04,803 ligdicash   - paiement_id: ce180576-5ebf-4d0e-a100-c84e63ebe6c5
INFO 2025-11-20 01:39:04,803 ligdicash   - montant: 300000.00
INFO 2025-11-20 01:39:04,804 ligdicash   - email_client: roxi07@gmail.com
INFO 2025-11-20 01:39:04,818 ligdicash   - nom_client: Patricia Nombré
INFO 2025-11-20 01:39:04,828 ligdicash [URLS] URLs de callback:
INFO 2025-11-20 01:39:04,839 ligdicash   - url_retour_succes: http://127.0.0.1:8000/payments/ligdicash/success/ce180576-5ebf-4d0e-a100-c84e63ebe6c5/
INFO 2025-11-20 01:39:04,841 ligdicash   - url_retour_echec: http://127.0.0.1:8000/payments/ligdicash/error/ce180576-5ebf-4d0e-a100-c84e63ebe6c5/
INFO 2025-11-20 01:39:04,842 ligdicash   - url_callback: http://127.0.0.1:8000/payments/webhook/ligdicash/
INFO 2025-11-20 01:39:04,842 ligdicash [PAYLOAD] Payload construit
INFO 2025-11-20 01:39:04,842 ligdicash ------------------------------------------------------------
INFO 2025-11-20 01:39:04,843 ligdicash {
  "commande": {
    "invoice": {
      "items": [
        {
          "name": "Paiement tranche 2 - Patricia Nombré",
          "description": "Paiement tranche 2 - Patricia Nombré",
          "quantity": 1,
          "unit_price": "300000",
          "total_price": "300000"
        }
      ],
      "total_amount": "300000",
      "devise": "XOF",
      "description": "Paiement tranche 2 - Patricia Nombré",
      "customer": "Patricia Nombré",
      "customer_firstname": "Patricia",
      "customer_lastname": "Nombré",
      "customer_email": "roxi07@gmail.com",
      "external_id": "ce180576-5ebf-4d0e-a100-c84e63ebe6c5"
    },
    "actions": {
      "cancel_url": "http://127.0.0.1:8000/payments/ligdicash/error/ce180576-5ebf-4d0e-a100-c84e63ebe6c5/",
      "return_url": "http://127.0.0.1:8000/payments/ligdicash/success/ce180576-5ebf-4d0e-a100-c84e63ebe6c5/",
      "callback_url": "http://127.0.0.1:8000/payments/webhook/ligdicash/"
    }
  },
  "store": {
    "name": "FORMIS",
    "website_url": "http://127.0.0.1:8000"
  },
  "custom_data": {
    "paiement_id": "ce180576-5ebf-4d0e-a100-c84e63ebe6c5",
    "timestamp": "2025-11-20T01:39:04.842378+00:00"
  }
}
INFO 2025-11-20 01:39:04,844 ligdicash ------------------------------------------------------------
INFO 2025-11-20 01:39:04,861 ligdicash [ACTIONS] Verification section actions:
INFO 2025-11-20 01:39:04,861 ligdicash   - cancel_url: http://127.0.0.1:8000/payments/ligdicash/error/ce180576-5ebf-4d0e-a100-c84e63ebe6c5/
INFO 2025-11-20 01:39:04,862 ligdicash   - return_url: http://127.0.0.1:8000/payments/ligdicash/success/ce180576-5ebf-4d0e-a100-c84e63ebe6c5/
INFO 2025-11-20 01:39:04,862 ligdicash   - callback_url: http://127.0.0.1:8000/payments/webhook/ligdicash/
INFO 2025-11-20 01:39:04,863 ligdicash [ACTIONS] OK - Toutes les URLs sont presentes
INFO 2025-11-20 01:39:04,863 ligdicash [API] POST vers: https://client.ligdicash.com/pay/v01/redirect/checkout-invoice/create
INFO 2025-11-20 01:39:04,864 ligdicash [API] Envoi...
INFO 2025-11-20 01:39:08,518 ligdicash [API] Reponse recue - Status: 200
INFO 2025-11-20 01:39:08,518 ligdicash [RESPONSE] JSON parse OK
INFO 2025-11-20 01:39:08,519 ligdicash ------------------------------------------------------------
INFO 2025-11-20 01:39:08,519 ligdicash {
  "response_code": "01",
  "token": "",
  "response_text": "Echec (Code01)",
  "description": "",
  "custom_data": [],
  "wiki": "https://client.ligdicash.com/wiki/createInvoice"
}
INFO 2025-11-20 01:39:08,519 ligdicash ------------------------------------------------------------
INFO 2025-11-20 01:39:08,520 ligdicash [RESPONSE] response_code: 01
INFO 2025-11-20 01:39:08,520 ligdicash [RESPONSE] response_text: Echec (Code01)
INFO 2025-11-20 01:39:08,520 ligdicash [RESPONSE] description: 
ERROR 2025-11-20 01:39:08,520 ligdicash ============================================================
ERROR 2025-11-20 01:39:08,520 ligdicash ERROR
ERROR 2025-11-20 01:39:08,521 ligdicash ============================================================
ERROR 2025-11-20 01:39:08,521 ligdicash [ERROR] Code: 01
ERROR 2025-11-20 01:39:08,521 ligdicash [ERROR] Message: Echec (Code01)
ERROR 2025-11-20 01:39:08,521 ligdicash [ERROR] Description: 
ERROR 2025-11-20 01:39:08,521 ligdicash [ERROR] Wiki: https://client.ligdicash.com/wiki/createInvoice
INFO 2025-11-20 01:39:08,695 basehttp "GET /payments/ligdicash/payer/ce180576-5ebf-4d0e-a100-c84e63ebe6c5/ HTTP/1.1" 302 0
INFO 2025-11-20 01:39:09,080 basehttp "GET /dashboard/ HTTP/1.1" 302 0
INFO 2025-11-20 01:39:10,210 basehttp "GET /dashboard/admin/ HTTP/1.1" 200 66737
WARNING 2025-11-20 01:39:10,357 basehttp "GET /static/css/dashboard/admin.css HTTP/1.1" 404 1996
WARNING 2025-11-20 01:39:12,000 log Not Found: /favicon.ico
WARNING 2025-11-20 01:39:12,045 basehttp "GET /favicon.ico HTTP/1.1" 404 4175
INFO 2025-11-20 01:59:44,785 autoreload E:\formis_app\_formis\apps\payments\views.py changed, reloading.
INFO 2025-11-20 01:59:47,539 autoreload Watching for file changes with StatReloader
INFO 2025-11-20 02:03:37,221 autoreload E:\formis_app\_formis\_formis\settings.py changed, reloading.
INFO 2025-11-20 02:03:39,438 autoreload Watching for file changes with StatReloader
INFO 2025-11-20 02:04:06,427 autoreload E:\formis_app\_formis\_formis\settings.py changed, reloading.
INFO 2025-11-20 02:04:09,347 autoreload Watching for file changes with StatReloader
INFO 2025-11-20 02:04:20,357 autoreload E:\formis_app\_formis\_formis\settings.py changed, reloading.
INFO 2025-11-20 02:04:22,434 autoreload Watching for file changes with StatReloader
INFO 2025-11-20 02:04:32,196 basehttp "GET /dashboard/admin/students/ HTTP/1.1" 200 87617
WARNING 2025-11-20 02:04:32,495 log Not Found: /favicon.ico
WARNING 2025-11-20 02:04:32,501 basehttp "GET /favicon.ico HTTP/1.1" 404 4175
INFO 2025-11-20 02:04:47,576 basehttp "GET /payments/students/c8650759-c373-467e-86c3-7a50585be1f6/ HTTP/1.1" 200 86174
INFO 2025-11-20 02:05:06,996 basehttp "POST /dashboard/admin/students/c8650759-c373-467e-86c3-7a50585be1f6/initier-paiement/ HTTP/1.1" 200 240
INFO 2025-11-20 02:05:07,665 ligdicash ============================================================
INFO 2025-11-20 02:05:07,665 ligdicash LIGDICASH API CALL
INFO 2025-11-20 02:05:07,666 ligdicash ============================================================
INFO 2025-11-20 02:05:07,666 ligdicash [PARAMS] Parametres d'entree:
INFO 2025-11-20 02:05:07,666 ligdicash   - paiement_id: 23826479-2afb-4e25-a6b6-077a3a79e49d
INFO 2025-11-20 02:05:07,666 ligdicash   - montant: 300000.00
INFO 2025-11-20 02:05:07,667 ligdicash   - email_client: roxi07@gmail.com
INFO 2025-11-20 02:05:07,667 ligdicash   - nom_client: Patricia Nombré
INFO 2025-11-20 02:05:07,667 ligdicash [URLS] URLs de callback:
INFO 2025-11-20 02:05:07,667 ligdicash   - url_retour_succes: http://127.0.0.1:8000/payments/ligdicash/success/23826479-2afb-4e25-a6b6-077a3a79e49d/
INFO 2025-11-20 02:05:07,680 ligdicash   - url_retour_echec: http://127.0.0.1:8000/payments/ligdicash/error/23826479-2afb-4e25-a6b6-077a3a79e49d/
INFO 2025-11-20 02:05:07,681 ligdicash   - url_callback: http://127.0.0.1:8000/payments/webhook/ligdicash/
INFO 2025-11-20 02:05:07,681 ligdicash [PAYLOAD] Payload construit
INFO 2025-11-20 02:05:07,681 ligdicash ------------------------------------------------------------
INFO 2025-11-20 02:05:07,682 ligdicash {
  "commande": {
    "invoice": {
      "items": [
        {
          "name": "Paiement tranche 2 - Patricia Nombré",
          "description": "Paiement tranche 2 - Patricia Nombré",
          "quantity": 1,
          "unit_price": "300000",
          "total_price": "300000"
        }
      ],
      "total_amount": "300000",
      "devise": "XOF",
      "description": "Paiement tranche 2 - Patricia Nombré",
      "customer": "Patricia Nombré",
      "customer_firstname": "Patricia",
      "customer_lastname": "Nombré",
      "customer_email": "roxi07@gmail.com",
      "external_id": "23826479-2afb-4e25-a6b6-077a3a79e49d"
    },
    "actions": {
      "cancel_url": "http://127.0.0.1:8000/payments/ligdicash/error/23826479-2afb-4e25-a6b6-077a3a79e49d/",
      "return_url": "http://127.0.0.1:8000/payments/ligdicash/success/23826479-2afb-4e25-a6b6-077a3a79e49d/",
      "callback_url": "http://127.0.0.1:8000/payments/webhook/ligdicash/"
    }
  },
  "store": {
    "name": "FORMIS",
    "website_url": "http://127.0.0.1:8000"
  },
  "custom_data": {
    "paiement_id": "23826479-2afb-4e25-a6b6-077a3a79e49d",
    "timestamp": "2025-11-20T02:05:07.681449+00:00"
  }
}
INFO 2025-11-20 02:05:07,683 ligdicash ------------------------------------------------------------
INFO 2025-11-20 02:05:07,684 ligdicash [ACTIONS] Verification section actions:
INFO 2025-11-20 02:05:07,684 ligdicash   - cancel_url: http://127.0.0.1:8000/payments/ligdicash/error/23826479-2afb-4e25-a6b6-077a3a79e49d/
INFO 2025-11-20 02:05:07,684 ligdicash   - return_url: http://127.0.0.1:8000/payments/ligdicash/success/23826479-2afb-4e25-a6b6-077a3a79e49d/
INFO 2025-11-20 02:05:07,685 ligdicash   - callback_url: http://127.0.0.1:8000/payments/webhook/ligdicash/
INFO 2025-11-20 02:05:07,685 ligdicash [ACTIONS] OK - Toutes les URLs sont presentes
INFO 2025-11-20 02:05:07,685 ligdicash [API] POST vers: https://client.ligdicash.com/pay/v01/redirect/checkout-invoice/create
INFO 2025-11-20 02:05:07,686 ligdicash [API] Envoi...
INFO 2025-11-20 02:05:12,908 ligdicash [API] Reponse recue - Status: 200
INFO 2025-11-20 02:05:12,924 ligdicash [RESPONSE] JSON parse OK
INFO 2025-11-20 02:05:12,926 ligdicash ------------------------------------------------------------
INFO 2025-11-20 02:05:12,926 ligdicash {
  "response_code": "01",
  "token": "",
  "response_text": "Echec (Code01)",
  "description": "",
  "custom_data": [],
  "wiki": "https://client.ligdicash.com/wiki/createInvoice"
}
INFO 2025-11-20 02:05:12,927 ligdicash ------------------------------------------------------------
INFO 2025-11-20 02:05:12,927 ligdicash [RESPONSE] response_code: 01
INFO 2025-11-20 02:05:12,928 ligdicash [RESPONSE] response_text: Echec (Code01)
INFO 2025-11-20 02:05:12,929 ligdicash [RESPONSE] description: 
ERROR 2025-11-20 02:05:12,929 ligdicash ============================================================
ERROR 2025-11-20 02:05:12,930 ligdicash ERROR
ERROR 2025-11-20 02:05:12,930 ligdicash ============================================================
ERROR 2025-11-20 02:05:12,931 ligdicash [ERROR] Code: 01
ERROR 2025-11-20 02:05:12,931 ligdicash [ERROR] Message: Echec (Code01)
ERROR 2025-11-20 02:05:12,932 ligdicash [ERROR] Description: 
ERROR 2025-11-20 02:05:12,932 ligdicash [ERROR] Wiki: https://client.ligdicash.com/wiki/createInvoice
INFO 2025-11-20 02:05:12,987 basehttp "GET /payments/ligdicash/payer/23826479-2afb-4e25-a6b6-077a3a79e49d/ HTTP/1.1" 302 0
INFO 2025-11-20 02:05:13,410 basehttp "GET /dashboard/ HTTP/1.1" 302 0
INFO 2025-11-20 02:05:14,230 basehttp "GET /dashboard/admin/ HTTP/1.1" 200 67584
WARNING 2025-11-20 02:05:14,535 basehttp "GET /static/css/dashboard/admin.css HTTP/1.1" 404 1996
WARNING 2025-11-20 02:05:16,056 log Not Found: /favicon.ico
WARNING 2025-11-20 02:05:16,057 basehttp "GET /favicon.ico HTTP/1.1" 404 4175
INFO 2025-11-20 02:06:42,143 autoreload E:\formis_app\_formis\_formis\settings.py changed, reloading.
INFO 2025-11-20 02:06:45,551 autoreload Watching for file changes with StatReloader
INFO 2025-11-20 02:23:08,139 autoreload E:\formis_app\_formis\_formis\settings.py changed, reloading.
INFO 2025-11-20 02:23:11,477 autoreload Watching for file changes with StatReloader
INFO 2025-11-20 02:23:22,123 autoreload E:\formis_app\_formis\_formis\settings.py changed, reloading.
INFO 2025-11-20 02:23:25,252 autoreload Watching for file changes with StatReloader
INFO 2025-11-20 02:23:37,552 autoreload E:\formis_app\_formis\_formis\settings.py changed, reloading.
INFO 2025-11-20 02:23:41,316 autoreload Watching for file changes with StatReloader
INFO 2025-11-20 02:26:29,791 autoreload Watching for file changes with StatReloader
INFO 2025-11-20 02:27:11,518 basehttp "GET /dashboard/admin/students/ HTTP/1.1" 200 87617
WARNING 2025-11-20 02:27:12,540 log Not Found: /favicon.ico
WARNING 2025-11-20 02:27:12,541 basehttp "GET /favicon.ico HTTP/1.1" 404 4175
INFO 2025-11-20 02:27:17,440 basehttp "GET /payments/students/c8650759-c373-467e-86c3-7a50585be1f6/ HTTP/1.1" 200 88205
INFO 2025-11-20 02:27:31,577 basehttp "POST /dashboard/admin/students/c8650759-c373-467e-86c3-7a50585be1f6/initier-paiement/ HTTP/1.1" 200 240
INFO 2025-11-20 02:27:32,301 ligdicash ============================================================
INFO 2025-11-20 02:27:32,317 ligdicash LIGDICASH API CALL
INFO 2025-11-20 02:27:32,324 ligdicash ============================================================
INFO 2025-11-20 02:27:32,324 ligdicash [PARAMS] Parametres d'entree:
INFO 2025-11-20 02:27:32,325 ligdicash   - paiement_id: 09aeec21-3d22-44d2-ba8a-b0024daee91c
INFO 2025-11-20 02:27:32,386 ligdicash   - montant: 300000.00
INFO 2025-11-20 02:27:32,401 ligdicash   - email_client: roxi07@gmail.com
INFO 2025-11-20 02:27:32,466 ligdicash   - nom_client: Patricia Nombré
INFO 2025-11-20 02:27:32,471 ligdicash [URLS] URLs de callback:
INFO 2025-11-20 02:27:32,472 ligdicash   - url_retour_succes: http://127.0.0.1:8000/payments/ligdicash/success/09aeec21-3d22-44d2-ba8a-b0024daee91c/
INFO 2025-11-20 02:27:32,472 ligdicash   - url_retour_echec: http://127.0.0.1:8000/payments/ligdicash/error/09aeec21-3d22-44d2-ba8a-b0024daee91c/
INFO 2025-11-20 02:27:32,472 ligdicash   - url_callback: http://127.0.0.1:8000/payments/webhook/ligdicash/
INFO 2025-11-20 02:27:32,473 ligdicash [PAYLOAD] Payload construit
INFO 2025-11-20 02:27:32,473 ligdicash ------------------------------------------------------------
INFO 2025-11-20 02:27:32,474 ligdicash {
  "commande": {
    "invoice": {
      "items": [
        {
          "name": "Paiement tranche 2 - Patricia Nombré",
          "description": "Paiement tranche 2 - Patricia Nombré",
          "quantity": 1,
          "unit_price": "300000",
          "total_price": "300000"
        }
      ],
      "total_amount": "300000",
      "devise": "XOF",
      "description": "Paiement tranche 2 - Patricia Nombré",
      "customer": "Patricia Nombré",
      "customer_firstname": "Patricia",
      "customer_lastname": "Nombré",
      "customer_email": "roxi07@gmail.com",
      "external_id": "09aeec21-3d22-44d2-ba8a-b0024daee91c"
    },
    "actions": {
      "cancel_url": "http://127.0.0.1:8000/payments/ligdicash/error/09aeec21-3d22-44d2-ba8a-b0024daee91c/",
      "return_url": "http://127.0.0.1:8000/payments/ligdicash/success/09aeec21-3d22-44d2-ba8a-b0024daee91c/",
      "callback_url": "http://127.0.0.1:8000/payments/webhook/ligdicash/"
    }
  },
  "store": {
    "name": "FORMIS",
    "website_url": "http://127.0.0.1:8000"
  },
  "custom_data": {
    "paiement_id": "09aeec21-3d22-44d2-ba8a-b0024daee91c",
    "timestamp": "2025-11-20T02:27:32.473351+00:00"
  }
}
INFO 2025-11-20 02:27:32,489 ligdicash ------------------------------------------------------------
INFO 2025-11-20 02:27:32,491 ligdicash [ACTIONS] Verification section actions:
INFO 2025-11-20 02:27:32,491 ligdicash   - cancel_url: http://127.0.0.1:8000/payments/ligdicash/error/09aeec21-3d22-44d2-ba8a-b0024daee91c/
INFO 2025-11-20 02:27:32,491 ligdicash   - return_url: http://127.0.0.1:8000/payments/ligdicash/success/09aeec21-3d22-44d2-ba8a-b0024daee91c/
INFO 2025-11-20 02:27:32,492 ligdicash   - callback_url: http://127.0.0.1:8000/payments/webhook/ligdicash/
INFO 2025-11-20 02:27:32,492 ligdicash [ACTIONS] OK - Toutes les URLs sont presentes
INFO 2025-11-20 02:27:32,493 ligdicash [API] POST vers: https://client.ligdicash.com/pay/v01/redirect/checkout-invoice/create
INFO 2025-11-20 02:27:32,493 ligdicash [API] Envoi...
INFO 2025-11-20 02:27:37,219 ligdicash [API] Reponse recue - Status: 200
INFO 2025-11-20 02:27:37,220 ligdicash [RESPONSE] JSON parse OK
INFO 2025-11-20 02:27:37,220 ligdicash ------------------------------------------------------------
INFO 2025-11-20 02:27:37,221 ligdicash {
  "response_code": "01",
  "token": "",
  "response_text": "Echec (Code01)",
  "description": "",
  "custom_data": [],
  "wiki": "https://client.ligdicash.com/wiki/createInvoice"
}
INFO 2025-11-20 02:27:37,229 ligdicash ------------------------------------------------------------
INFO 2025-11-20 02:27:37,306 ligdicash [RESPONSE] response_code: 01
INFO 2025-11-20 02:27:37,347 ligdicash [RESPONSE] response_text: Echec (Code01)
INFO 2025-11-20 02:27:37,384 ligdicash [RESPONSE] description: 
ERROR 2025-11-20 02:27:37,444 ligdicash ============================================================
ERROR 2025-11-20 02:27:37,462 ligdicash ERROR
ERROR 2025-11-20 02:27:37,519 ligdicash ============================================================
ERROR 2025-11-20 02:27:37,523 ligdicash [ERROR] Code: 01
ERROR 2025-11-20 02:27:37,525 ligdicash [ERROR] Message: Echec (Code01)
ERROR 2025-11-20 02:27:37,545 ligdicash [ERROR] Description: 
ERROR 2025-11-20 02:27:37,626 ligdicash [ERROR] Wiki: https://client.ligdicash.com/wiki/createInvoice
INFO 2025-11-20 02:27:37,665 basehttp "GET /payments/ligdicash/payer/09aeec21-3d22-44d2-ba8a-b0024daee91c/ HTTP/1.1" 302 0
INFO 2025-11-20 02:27:38,147 basehttp "GET /dashboard/ HTTP/1.1" 302 0
INFO 2025-11-20 02:27:38,946 basehttp "GET /dashboard/admin/ HTTP/1.1" 200 67581
WARNING 2025-11-20 02:27:39,075 basehttp "GET /static/css/dashboard/admin.css HTTP/1.1" 404 1996
WARNING 2025-11-20 02:27:40,837 log Not Found: /favicon.ico
WARNING 2025-11-20 02:27:40,839 basehttp "GET /favicon.ico HTTP/1.1" 404 4175
INFO 2025-11-20 02:29:46,775 autoreload E:\formis_app\_formis\apps\payments\services\ligdicash.py changed, reloading.
INFO 2025-11-20 02:29:49,673 autoreload Watching for file changes with StatReloader
INFO 2025-11-20 02:32:18,955 autoreload Watching for file changes with StatReloader
INFO 2025-11-20 02:33:13,327 basehttp "GET /dashboard/admin/students/ HTTP/1.1" 200 87617
WARNING 2025-11-20 02:33:14,348 log Not Found: /favicon.ico
WARNING 2025-11-20 02:33:14,364 basehttp "GET /favicon.ico HTTP/1.1" 404 4175
INFO 2025-11-20 02:33:18,241 basehttp "GET /payments/students/c8650759-c373-467e-86c3-7a50585be1f6/ HTTP/1.1" 200 90236
INFO 2025-11-20 02:33:29,666 ligdicash ============================================================
INFO 2025-11-20 02:33:29,897 ligdicash ============================================================
INFO 2025-11-20 02:33:29,898 ligdicash [CONFIG] NGROK_URL: https://expectingly-yellowish-winter.ngrok-free.dev
INFO 2025-11-20 02:33:29,898 ligdicash [CONFIG] USE_NGROK: True
INFO 2025-11-20 02:33:29,914 ligdicash ------------------------------------------------------------
INFO 2025-11-20 02:33:29,966 ligdicash ------------------------------------------------------------
INFO 2025-11-20 02:33:29,967 basehttp "POST /dashboard/admin/students/c8650759-c373-467e-86c3-7a50585be1f6/initier-paiement/ HTTP/1.1" 200 240
INFO 2025-11-20 02:33:30,599 ligdicash ============================================================
INFO 2025-11-20 02:33:30,787 ligdicash ============================================================
INFO 2025-11-20 02:33:30,787 ligdicash [CONFIG] NGROK_URL: https://expectingly-yellowish-winter.ngrok-free.dev
INFO 2025-11-20 02:33:30,787 ligdicash [CONFIG] USE_NGROK: True
INFO 2025-11-20 02:33:30,888 ligdicash ------------------------------------------------------------
INFO 2025-11-20 02:33:31,701 ligdicash ------------------------------------------------------------
INFO 2025-11-20 02:33:31,701 ligdicash ============================================================
INFO 2025-11-20 02:33:31,702 ligdicash LIGDICASH API CALL
INFO 2025-11-20 02:33:31,702 ligdicash ============================================================
INFO 2025-11-20 02:33:31,703 ligdicash [PARAMS] Parametres d'entree:
INFO 2025-11-20 02:33:31,718 ligdicash   - paiement_id: 753a7b71-74b6-4800-aa95-e64e53997860
INFO 2025-11-20 02:33:31,719 ligdicash   - montant: 300000.00
INFO 2025-11-20 02:33:31,719 ligdicash   - email_client: roxi07@gmail.com
INFO 2025-11-20 02:33:31,720 ligdicash   - nom_client: Patricia Nombré
INFO 2025-11-20 02:33:31,721 ligdicash [URLS] URLs de callback:
INFO 2025-11-20 02:33:31,722 ligdicash   - url_retour_succes: https://expectingly-yellowish-winter.ngrok-free.dev/payments/ligdicash/success/753a7b71-74b6-4800-aa95-e64e53997860/
INFO 2025-11-20 02:33:31,722 ligdicash   - url_retour_echec: https://expectingly-yellowish-winter.ngrok-free.dev/payments/ligdicash/error/753a7b71-74b6-4800-aa95-e64e53997860/
INFO 2025-11-20 02:33:31,722 ligdicash   - url_callback: https://expectingly-yellowish-winter.ngrok-free.dev/payments/webhook/ligdicash/
INFO 2025-11-20 02:33:31,722 ligdicash [PAYLOAD] Payload construit
INFO 2025-11-20 02:33:31,723 ligdicash ------------------------------------------------------------
INFO 2025-11-20 02:33:31,723 ligdicash {
  "commande": {
    "invoice": {
      "items": [
        {
          "name": "Paiement tranche 2 - Patricia Nombré",
          "description": "Paiement tranche 2 - Patricia Nombré",
          "quantity": 1,
          "unit_price": "300000",
          "total_price": "300000"
        }
      ],
      "total_amount": "300000",
      "devise": "XOF",
      "description": "Paiement tranche 2 - Patricia Nombré",
      "customer": "Patricia Nombré",
      "customer_firstname": "Patricia",
      "customer_lastname": "Nombré",
      "customer_email": "roxi07@gmail.com",
      "external_id": "753a7b71-74b6-4800-aa95-e64e53997860"
    },
    "actions": {
      "cancel_url": "https://expectingly-yellowish-winter.ngrok-free.dev/payments/ligdicash/error/753a7b71-74b6-4800-aa95-e64e53997860/",
      "return_url": "https://expectingly-yellowish-winter.ngrok-free.dev/payments/ligdicash/success/753a7b71-74b6-4800-aa95-e64e53997860/",
      "callback_url": "https://expectingly-yellowish-winter.ngrok-free.dev/payments/webhook/ligdicash/"
    }
  },
  "store": {
    "name": "FORMIS",
    "website_url": "https://expectingly-yellowish-winter.ngrok-free.dev"
  },
  "custom_data": {
    "paiement_id": "753a7b71-74b6-4800-aa95-e64e53997860",
    "timestamp": "2025-11-20T02:33:31.722827+00:00"
  }
}
INFO 2025-11-20 02:33:31,724 ligdicash ------------------------------------------------------------
INFO 2025-11-20 02:33:31,724 ligdicash [ACTIONS] Verification section actions:
INFO 2025-11-20 02:33:31,733 ligdicash   - cancel_url: https://expectingly-yellowish-winter.ngrok-free.dev/payments/ligdicash/error/753a7b71-74b6-4800-aa95-e64e53997860/
INFO 2025-11-20 02:33:31,734 ligdicash   - return_url: https://expectingly-yellowish-winter.ngrok-free.dev/payments/ligdicash/success/753a7b71-74b6-4800-aa95-e64e53997860/
INFO 2025-11-20 02:33:31,756 ligdicash   - callback_url: https://expectingly-yellowish-winter.ngrok-free.dev/payments/webhook/ligdicash/
INFO 2025-11-20 02:33:31,803 ligdicash [ACTIONS] OK - Toutes les URLs sont presentes
INFO 2025-11-20 02:33:31,818 ligdicash [API] POST vers: https://client.ligdicash.com/pay/v01/redirect/checkout-invoice/create
INFO 2025-11-20 02:33:31,818 ligdicash [API] Envoi...
INFO 2025-11-20 02:33:36,628 ligdicash [API] Reponse recue - Status: 200
INFO 2025-11-20 02:33:36,629 ligdicash [RESPONSE] JSON parse OK
INFO 2025-11-20 02:33:36,629 ligdicash ------------------------------------------------------------
INFO 2025-11-20 02:33:36,629 ligdicash {
  "response_code": "01",
  "token": "",
  "response_text": "Echec (Code01)",
  "description": "",
  "custom_data": [],
  "wiki": "https://client.ligdicash.com/wiki/createInvoice"
}
INFO 2025-11-20 02:33:36,629 ligdicash ------------------------------------------------------------
INFO 2025-11-20 02:33:36,630 ligdicash [RESPONSE] response_code: 01
INFO 2025-11-20 02:33:36,630 ligdicash [RESPONSE] response_text: Echec (Code01)
INFO 2025-11-20 02:33:36,630 ligdicash [RESPONSE] description: 
ERROR 2025-11-20 02:33:36,630 ligdicash ============================================================
ERROR 2025-11-20 02:33:36,631 ligdicash ERROR
ERROR 2025-11-20 02:33:36,631 ligdicash ============================================================
ERROR 2025-11-20 02:33:36,631 ligdicash [ERROR] Code: 01
ERROR 2025-11-20 02:33:36,631 ligdicash [ERROR] Message: Echec (Code01)
ERROR 2025-11-20 02:33:36,631 ligdicash [ERROR] Description: 
ERROR 2025-11-20 02:33:36,632 ligdicash [ERROR] Wiki: https://client.ligdicash.com/wiki/createInvoice
INFO 2025-11-20 02:33:36,666 basehttp "GET /payments/ligdicash/payer/753a7b71-74b6-4800-aa95-e64e53997860/ HTTP/1.1" 302 0
INFO 2025-11-20 02:33:37,114 basehttp "GET /dashboard/ HTTP/1.1" 302 0
INFO 2025-11-20 02:33:38,282 basehttp "GET /dashboard/admin/ HTTP/1.1" 200 67570
WARNING 2025-11-20 02:33:38,548 basehttp "GET /static/css/dashboard/admin.css HTTP/1.1" 404 1996
WARNING 2025-11-20 02:33:39,775 log Not Found: /favicon.ico
WARNING 2025-11-20 02:33:39,871 basehttp "GET /favicon.ico HTTP/1.1" 404 4175
INFO 2025-11-20 02:35:37,031 basehttp "GET / HTTP/1.1" 200 16444
WARNING 2025-11-20 02:35:37,497 log Not Found: /favicon.ico
WARNING 2025-11-20 02:35:37,512 basehttp "GET /favicon.ico HTTP/1.1" 404 4204
INFO 2025-11-20 02:35:56,055 basehttp "GET /dashboard/admin/users/ HTTP/1.1" 200 109778
INFO 2025-11-20 02:35:57,540 basehttp "GET /media/profils/IMG-20220507-WA0015.jpg HTTP/1.1" 200 25481
WARNING 2025-11-20 02:35:57,586 log Not Found: /favicon.ico
WARNING 2025-11-20 02:35:57,596 basehttp "GET /favicon.ico HTTP/1.1" 404 4175
INFO 2025-11-20 02:35:57,724 basehttp "GET /media/profils/IMG_20211223_151546_741.jpg HTTP/1.1" 200 2749121
WARNING 2025-11-20 02:36:10,187 log Forbidden (Origin checking failed - https://expectingly-yellowish-winter.ngrok-free.dev does not match any trusted origins.): /accounts/login/
WARNING 2025-11-20 02:36:10,354 basehttp "POST /accounts/login/ HTTP/1.1" 403 2607
WARNING 2025-11-20 02:36:16,798 log Forbidden (Origin checking failed - https://expectingly-yellowish-winter.ngrok-free.dev does not match any trusted origins.): /accounts/login/
WARNING 2025-11-20 02:36:16,799 basehttp "POST /accounts/login/ HTTP/1.1" 403 2607
INFO 2025-11-20 02:36:26,257 basehttp "GET / HTTP/1.1" 200 16444
WARNING 2025-11-20 02:36:33,233 log Forbidden (Origin checking failed - https://expectingly-yellowish-winter.ngrok-free.dev does not match any trusted origins.): /accounts/login/
WARNING 2025-11-20 02:36:33,297 basehttp "POST /accounts/login/ HTTP/1.1" 403 2607
INFO 2025-11-20 02:36:42,957 basehttp "GET / HTTP/1.1" 200 16444
INFO 2025-11-20 02:37:13,534 basehttp "GET /accounts/logout/ HTTP/1.1" 302 0
INFO 2025-11-20 02:37:13,979 basehttp "GET /accounts/login/ HTTP/1.1" 200 16586
WARNING 2025-11-20 02:37:14,834 log Not Found: /favicon.ico
WARNING 2025-11-20 02:37:14,885 basehttp "GET /favicon.ico HTTP/1.1" 404 4175
WARNING 2025-11-20 02:37:25,939 log Forbidden (Origin checking failed - https://expectingly-yellowish-winter.ngrok-free.dev does not match any trusted origins.): /accounts/login/
WARNING 2025-11-20 02:37:25,940 basehttp "POST /accounts/login/ HTTP/1.1" 403 2607
INFO 2025-11-20 02:37:49,332 basehttp "POST /accounts/login/ HTTP/1.1" 302 0
INFO 2025-11-20 02:37:49,541 basehttp "GET /dashboard/admin/ HTTP/1.1" 200 67572
WARNING 2025-11-20 02:37:49,593 basehttp "GET /static/css/dashboard/admin.css HTTP/1.1" 404 1996
WARNING 2025-11-20 02:37:51,407 log Not Found: /favicon.ico
WARNING 2025-11-20 02:37:51,429 basehttp "GET /favicon.ico HTTP/1.1" 404 4175
INFO 2025-11-20 03:01:33,108 autoreload E:\formis_app\_formis\apps\payments\services\ligdicash.py changed, reloading.
INFO 2025-11-20 03:01:36,609 autoreload Watching for file changes with StatReloader
INFO 2025-11-20 03:01:49,872 basehttp "GET /dashboard/admin/students/ HTTP/1.1" 200 87585
WARNING 2025-11-20 03:01:50,685 log Not Found: /favicon.ico
WARNING 2025-11-20 03:01:50,688 basehttp "GET /favicon.ico HTTP/1.1" 404 4175
INFO 2025-11-20 03:01:55,570 basehttp "GET /payments/students/c8650759-c373-467e-86c3-7a50585be1f6/ HTTP/1.1" 200 92267
INFO 2025-11-20 03:02:08,337 ligdicash ============================================================
INFO 2025-11-20 03:02:08,371 ligdicash ============================================================
INFO 2025-11-20 03:02:08,371 ligdicash [CONFIG] NGROK_URL: https://expectingly-yellowish-winter.ngrok-free.dev
INFO 2025-11-20 03:02:08,372 ligdicash [CONFIG] USE_NGROK: True
INFO 2025-11-20 03:02:08,384 ligdicash ------------------------------------------------------------
INFO 2025-11-20 03:02:08,421 ligdicash ------------------------------------------------------------
INFO 2025-11-20 03:02:08,424 basehttp "POST /dashboard/admin/students/c8650759-c373-467e-86c3-7a50585be1f6/initier-paiement/ HTTP/1.1" 200 240
INFO 2025-11-20 03:02:09,104 ligdicash ============================================================
INFO 2025-11-20 03:02:09,445 ligdicash ============================================================
INFO 2025-11-20 03:02:09,447 ligdicash [CONFIG] NGROK_URL: https://expectingly-yellowish-winter.ngrok-free.dev
INFO 2025-11-20 03:02:09,484 ligdicash [CONFIG] USE_NGROK: True
INFO 2025-11-20 03:02:09,523 ligdicash ------------------------------------------------------------
INFO 2025-11-20 03:02:10,238 ligdicash ------------------------------------------------------------
INFO 2025-11-20 03:02:10,240 ligdicash ============================================================
INFO 2025-11-20 03:02:10,240 ligdicash LIGDICASH API CALL
INFO 2025-11-20 03:02:10,240 ligdicash ============================================================
INFO 2025-11-20 03:02:10,240 ligdicash [PARAMS] Parametres d'entree:
INFO 2025-11-20 03:02:10,241 ligdicash   - paiement_id: 41f8b570-1bca-4e6e-8b92-44567c68ee4c
INFO 2025-11-20 03:02:10,241 ligdicash   - montant: 300000.00
INFO 2025-11-20 03:02:10,241 ligdicash   - email_client: roxi07@gmail.com
INFO 2025-11-20 03:02:10,241 ligdicash   - nom_client: Patricia Nombré
INFO 2025-11-20 03:02:10,265 ligdicash [URLS] URLs de callback:
INFO 2025-11-20 03:02:10,266 ligdicash   - url_retour_succes: https://expectingly-yellowish-winter.ngrok-free.dev/payments/ligdicash/success/41f8b570-1bca-4e6e-8b92-44567c68ee4c/
INFO 2025-11-20 03:02:10,321 ligdicash   - url_retour_echec: https://expectingly-yellowish-winter.ngrok-free.dev/payments/ligdicash/error/41f8b570-1bca-4e6e-8b92-44567c68ee4c/
INFO 2025-11-20 03:02:10,343 ligdicash   - url_callback: https://expectingly-yellowish-winter.ngrok-free.dev/payments/webhook/ligdicash/
INFO 2025-11-20 03:02:10,347 ligdicash [PAYLOAD] Payload construit
INFO 2025-11-20 03:02:10,453 ligdicash ------------------------------------------------------------
INFO 2025-11-20 03:02:10,455 ligdicash {
  "invoice": {
    "items": [
      {
        "name": "Paiement tranche 2 - Patricia Nombré",
        "description": "Paiement tranche 2 - Patricia Nombré",
        "quantity": 1,
        "unit_price": "300000",
        "total_price": "300000"
      }
    ],
    "total_amount": "300000",
    "devise": "XOF",
    "description": "Paiement tranche 2 - Patricia Nombré",
    "customer": "Patricia Nombré",
    "customer_email": "roxi07@gmail.com",
    "external_id": "41f8b570-1bca-4e6e-8b92-44567c68ee4c"
  },
  "store": {
    "name": "FORMIS",
    "website_url": "https://expectingly-yellowish-winter.ngrok-free.dev"
  },
  "actions": {
    "cancel_url": "https://expectingly-yellowish-winter.ngrok-free.dev/payments/ligdicash/error/41f8b570-1bca-4e6e-8b92-44567c68ee4c/",
    "return_url": "https://expectingly-yellowish-winter.ngrok-free.dev/payments/ligdicash/success/41f8b570-1bca-4e6e-8b92-44567c68ee4c/",
    "callback_url": "https://expectingly-yellowish-winter.ngrok-free.dev/payments/webhook/ligdicash/"
  }
}
INFO 2025-11-20 03:02:10,456 ligdicash ------------------------------------------------------------
INFO 2025-11-20 03:02:10,457 ligdicash [API] POST vers: https://client.ligdicash.com/pay/v01/redirect/checkout-invoice/create
INFO 2025-11-20 03:02:10,458 ligdicash [API] Envoi...
INFO 2025-11-20 03:02:15,212 ligdicash [API] Reponse recue - Status: 200
INFO 2025-11-20 03:02:15,238 ligdicash [RESPONSE] JSON parse OK
INFO 2025-11-20 03:02:15,254 ligdicash ------------------------------------------------------------
INFO 2025-11-20 03:02:15,255 ligdicash {
  "response_code": "00",
  "token": "eyJ0eXAiOiJKV1QiLCJhbGciOiJIUzI1NiJ9.eyJpZF9pbnZvaWNlIjoiNzI4NjU5NTAiLCJzdGFydF9kYXRlIjoiMjAyNS0xMS0yMCAwMzowMjoxNSIsImV4cGlyeV9kYXRlIjoxNzYzNjk0MTM1fQ.u05yXszj_6CnEAExnfQioPC5ego4igZeIMMtmBEL8Yw",
  "response_text": "https://client.ligdicash.com/directpayment/invoice/eyJ0eXAiOiJKV1QiLCJhbGciOiJIUzI1NiJ9.eyJpZF9pbnZvaWNlIjoiNzI4NjU5NTAiLCJzdGFydF9kYXRlIjoiMjAyNS0xMS0yMCAwMzowMjoxNSIsImV4cGlyeV9kYXRlIjoxNzYzNjk0MTM1fQ.u05yXszj_6CnEAExnfQioPC5ego4igZeIMMtmBEL8Yw",
  "description": "",
  "custom_data": {
    "logfile": "20251120030215691e84b73b74d"
  },
  "wiki": "https://client.ligdicash.com/wiki/createInvoice"
}
INFO 2025-11-20 03:02:15,256 ligdicash ------------------------------------------------------------
INFO 2025-11-20 03:02:15,256 ligdicash [RESPONSE] response_code: 00
INFO 2025-11-20 03:02:15,257 ligdicash [RESPONSE] response_text: https://client.ligdicash.com/directpayment/invoice/eyJ0eXAiOiJKV1QiLCJhbGciOiJIUzI1NiJ9.eyJpZF9pbnZvaWNlIjoiNzI4NjU5NTAiLCJzdGFydF9kYXRlIjoiMjAyNS0xMS0yMCAwMzowMjoxNSIsImV4cGlyeV9kYXRlIjoxNzYzNjk0MTM1fQ.u05yXszj_6CnEAExnfQioPC5ego4igZeIMMtmBEL8Yw
INFO 2025-11-20 03:02:15,257 ligdicash [RESPONSE] description: 
INFO 2025-11-20 03:02:15,258 ligdicash [SUCCESS] Token: eyJ0eXAiOiJKV1QiLCJhbGciOiJIUzI1NiJ9.eyJpZF9pbnZvaWNlIjoiNzI4NjU5NTAiLCJzdGFydF9kYXRlIjoiMjAyNS0xMS0yMCAwMzowMjoxNSIsImV4cGlyeV9kYXRlIjoxNzYzNjk0MTM1fQ.u05yXszj_6CnEAExnfQioPC5ego4igZeIMMtmBEL8Yw
INFO 2025-11-20 03:02:15,258 ligdicash [SUCCESS] Payment URL: https://client.ligdicash.com/directpayment/invoice/eyJ0eXAiOiJKV1QiLCJhbGciOiJIUzI1NiJ9.eyJpZF9pbnZvaWNlIjoiNzI4NjU5NTAiLCJzdGFydF9kYXRlIjoiMjAyNS0xMS0yMCAwMzowMjoxNSIsImV4cGlyeV9kYXRlIjoxNzYzNjk0MTM1fQ.u05yXszj_6CnEAExnfQioPC5ego4igZeIMMtmBEL8Yw
ERROR 2025-11-20 03:02:15,312 views Erreur paiement LigdiCash: ERREUR:  valeur trop longue pour le type character varying(100)
Traceback (most recent call last):
  File "E:\formis_app\.venv\Lib\site-packages\django\db\backends\utils.py", line 105, in _execute
    return self.cursor.execute(sql, params)
           ~~~~~~~~~~~~~~~~~~~^^^^^^^^^^^^^
psycopg2.errors.StringDataRightTruncation: ERREUR:  valeur trop longue pour le type character varying(100)


The above exception was the direct cause of the following exception:

Traceback (most recent call last):
  File "E:\formis_app\_formis\apps\payments\views.py", line 718, in payer_ligdicash
    paiement.save()
    ~~~~~~~~~~~~~^^
  File "E:\formis_app\_formis\apps\payments\models.py", line 449, in save
    super().save(*args, **kwargs)
    ~~~~~~~~~~~~^^^^^^^^^^^^^^^^^
  File "E:\formis_app\.venv\Lib\site-packages\django\db\models\base.py", line 902, in save
    self.save_base(
    ~~~~~~~~~~~~~~^
        using=using,
        ^^^^^^^^^^^^
    ...<2 lines>...
        update_fields=update_fields,
        ^^^^^^^^^^^^^^^^^^^^^^^^^^^^
    )
    ^
  File "E:\formis_app\.venv\Lib\site-packages\django\db\models\base.py", line 1008, in save_base
    updated = self._save_table(
        raw,
    ...<4 lines>...
        update_fields,
    )
  File "E:\formis_app\.venv\Lib\site-packages\django\db\models\base.py", line 1138, in _save_table
    updated = self._do_update(
        base_qs, using, pk_val, values, update_fields, forced_update
    )
  File "E:\formis_app\.venv\Lib\site-packages\django\db\models\base.py", line 1203, in _do_update
    return filtered._update(values) > 0
           ~~~~~~~~~~~~~~~~^^^^^^^^
  File "E:\formis_app\.venv\Lib\site-packages\django\db\models\query.py", line 1288, in _update
    return query.get_compiler(self.db).execute_sql(ROW_COUNT)
           ~~~~~~~~~~~~~~~~~~~~~~~~~~~~~~~~~~~~~~~^^^^^^^^^^^
  File "E:\formis_app\.venv\Lib\site-packages\django\db\models\sql\compiler.py", line 2060, in execute_sql
    row_count = super().execute_sql(result_type)
  File "E:\formis_app\.venv\Lib\site-packages\django\db\models\sql\compiler.py", line 1623, in execute_sql
    cursor.execute(sql, params)
    ~~~~~~~~~~~~~~^^^^^^^^^^^^^
  File "E:\formis_app\.venv\Lib\site-packages\django\db\backends\utils.py", line 122, in execute
    return super().execute(sql, params)
           ~~~~~~~~~~~~~~~^^^^^^^^^^^^^
  File "E:\formis_app\.venv\Lib\site-packages\django\db\backends\utils.py", line 79, in execute
    return self._execute_with_wrappers(
           ~~~~~~~~~~~~~~~~~~~~~~~~~~~^
        sql, params, many=False, executor=self._execute
        ^^^^^^^^^^^^^^^^^^^^^^^^^^^^^^^^^^^^^^^^^^^^^^^
    )
    ^
  File "E:\formis_app\.venv\Lib\site-packages\django\db\backends\utils.py", line 92, in _execute_with_wrappers
    return executor(sql, params, many, context)
  File "E:\formis_app\.venv\Lib\site-packages\django\db\backends\utils.py", line 100, in _execute
    with self.db.wrap_database_errors:
         ^^^^^^^^^^^^^^^^^^^^^^^^^^^^
  File "E:\formis_app\.venv\Lib\site-packages\django\db\utils.py", line 91, in __exit__
    raise dj_exc_value.with_traceback(traceback) from exc_value
  File "E:\formis_app\.venv\Lib\site-packages\django\db\backends\utils.py", line 105, in _execute
    return self.cursor.execute(sql, params)
           ~~~~~~~~~~~~~~~~~~~^^^^^^^^^^^^^
django.db.utils.DataError: ERREUR:  valeur trop longue pour le type character varying(100)

ERROR 2025-11-20 03:02:16,253 log Internal Server Error: /payments/ligdicash/payer/41f8b570-1bca-4e6e-8b92-44567c68ee4c/
Traceback (most recent call last):
  File "E:\formis_app\.venv\Lib\site-packages\django\db\backends\utils.py", line 105, in _execute
    return self.cursor.execute(sql, params)
           ~~~~~~~~~~~~~~~~~~~^^^^^^^^^^^^^
psycopg2.errors.StringDataRightTruncation: ERREUR:  valeur trop longue pour le type character varying(100)


The above exception was the direct cause of the following exception:

Traceback (most recent call last):
  File "E:\formis_app\_formis\apps\payments\views.py", line 718, in payer_ligdicash
    paiement.save()
    ~~~~~~~~~~~~~^^
  File "E:\formis_app\_formis\apps\payments\models.py", line 449, in save
    super().save(*args, **kwargs)
    ~~~~~~~~~~~~^^^^^^^^^^^^^^^^^
  File "E:\formis_app\.venv\Lib\site-packages\django\db\models\base.py", line 902, in save
    self.save_base(
    ~~~~~~~~~~~~~~^
        using=using,
        ^^^^^^^^^^^^
    ...<2 lines>...
        update_fields=update_fields,
        ^^^^^^^^^^^^^^^^^^^^^^^^^^^^
    )
    ^
  File "E:\formis_app\.venv\Lib\site-packages\django\db\models\base.py", line 1008, in save_base
    updated = self._save_table(
        raw,
    ...<4 lines>...
        update_fields,
    )
  File "E:\formis_app\.venv\Lib\site-packages\django\db\models\base.py", line 1138, in _save_table
    updated = self._do_update(
        base_qs, using, pk_val, values, update_fields, forced_update
    )
  File "E:\formis_app\.venv\Lib\site-packages\django\db\models\base.py", line 1203, in _do_update
    return filtered._update(values) > 0
           ~~~~~~~~~~~~~~~~^^^^^^^^
  File "E:\formis_app\.venv\Lib\site-packages\django\db\models\query.py", line 1288, in _update
    return query.get_compiler(self.db).execute_sql(ROW_COUNT)
           ~~~~~~~~~~~~~~~~~~~~~~~~~~~~~~~~~~~~~~~^^^^^^^^^^^
  File "E:\formis_app\.venv\Lib\site-packages\django\db\models\sql\compiler.py", line 2060, in execute_sql
    row_count = super().execute_sql(result_type)
  File "E:\formis_app\.venv\Lib\site-packages\django\db\models\sql\compiler.py", line 1623, in execute_sql
    cursor.execute(sql, params)
    ~~~~~~~~~~~~~~^^^^^^^^^^^^^
  File "E:\formis_app\.venv\Lib\site-packages\django\db\backends\utils.py", line 122, in execute
    return super().execute(sql, params)
           ~~~~~~~~~~~~~~~^^^^^^^^^^^^^
  File "E:\formis_app\.venv\Lib\site-packages\django\db\backends\utils.py", line 79, in execute
    return self._execute_with_wrappers(
           ~~~~~~~~~~~~~~~~~~~~~~~~~~~^
        sql, params, many=False, executor=self._execute
        ^^^^^^^^^^^^^^^^^^^^^^^^^^^^^^^^^^^^^^^^^^^^^^^
    )
    ^
  File "E:\formis_app\.venv\Lib\site-packages\django\db\backends\utils.py", line 92, in _execute_with_wrappers
    return executor(sql, params, many, context)
  File "E:\formis_app\.venv\Lib\site-packages\django\db\backends\utils.py", line 100, in _execute
    with self.db.wrap_database_errors:
         ^^^^^^^^^^^^^^^^^^^^^^^^^^^^
  File "E:\formis_app\.venv\Lib\site-packages\django\db\utils.py", line 91, in __exit__
    raise dj_exc_value.with_traceback(traceback) from exc_value
  File "E:\formis_app\.venv\Lib\site-packages\django\db\backends\utils.py", line 105, in _execute
    return self.cursor.execute(sql, params)
           ~~~~~~~~~~~~~~~~~~~^^^^^^^^^^^^^
django.db.utils.DataError: ERREUR:  valeur trop longue pour le type character varying(100)


During handling of the above exception, another exception occurred:

Traceback (most recent call last):
  File "E:\formis_app\.venv\Lib\site-packages\django\db\backends\utils.py", line 105, in _execute
    return self.cursor.execute(sql, params)
           ~~~~~~~~~~~~~~~~~~~^^^^^^^^^^^^^
psycopg2.errors.StringDataRightTruncation: ERREUR:  valeur trop longue pour le type character varying(100)


The above exception was the direct cause of the following exception:

Traceback (most recent call last):
  File "E:\formis_app\.venv\Lib\site-packages\django\core\handlers\exception.py", line 55, in inner
    response = get_response(request)
  File "E:\formis_app\.venv\Lib\site-packages\django\core\handlers\base.py", line 197, in _get_response
    response = wrapped_callback(request, *callback_args, **callback_kwargs)
  File "E:\formis_app\.venv\Lib\site-packages\django\contrib\auth\decorators.py", line 59, in _view_wrapper
    return view_func(request, *args, **kwargs)
  File "E:\formis_app\_formis\apps\payments\views.py", line 749, in payer_ligdicash
    paiement.echec(f"Erreur technique: {str(e)}")
    ~~~~~~~~~~~~~~^^^^^^^^^^^^^^^^^^^^^^^^^^^^^^^
  File "E:\formis_app\_formis\apps\payments\models.py", line 500, in echec
    self.save()
    ~~~~~~~~~^^
  File "E:\formis_app\_formis\apps\payments\models.py", line 449, in save
    super().save(*args, **kwargs)
    ~~~~~~~~~~~~^^^^^^^^^^^^^^^^^
  File "E:\formis_app\.venv\Lib\site-packages\django\db\models\base.py", line 902, in save
    self.save_base(
    ~~~~~~~~~~~~~~^
        using=using,
        ^^^^^^^^^^^^
    ...<2 lines>...
        update_fields=update_fields,
        ^^^^^^^^^^^^^^^^^^^^^^^^^^^^
    )
    ^
  File "E:\formis_app\.venv\Lib\site-packages\django\db\models\base.py", line 1008, in save_base
    updated = self._save_table(
        raw,
    ...<4 lines>...
        update_fields,
    )
  File "E:\formis_app\.venv\Lib\site-packages\django\db\models\base.py", line 1138, in _save_table
    updated = self._do_update(
        base_qs, using, pk_val, values, update_fields, forced_update
    )
  File "E:\formis_app\.venv\Lib\site-packages\django\db\models\base.py", line 1203, in _do_update
    return filtered._update(values) > 0
           ~~~~~~~~~~~~~~~~^^^^^^^^
  File "E:\formis_app\.venv\Lib\site-packages\django\db\models\query.py", line 1288, in _update
    return query.get_compiler(self.db).execute_sql(ROW_COUNT)
           ~~~~~~~~~~~~~~~~~~~~~~~~~~~~~~~~~~~~~~~^^^^^^^^^^^
  File "E:\formis_app\.venv\Lib\site-packages\django\db\models\sql\compiler.py", line 2060, in execute_sql
    row_count = super().execute_sql(result_type)
  File "E:\formis_app\.venv\Lib\site-packages\django\db\models\sql\compiler.py", line 1623, in execute_sql
    cursor.execute(sql, params)
    ~~~~~~~~~~~~~~^^^^^^^^^^^^^
  File "E:\formis_app\.venv\Lib\site-packages\django\db\backends\utils.py", line 122, in execute
    return super().execute(sql, params)
           ~~~~~~~~~~~~~~~^^^^^^^^^^^^^
  File "E:\formis_app\.venv\Lib\site-packages\django\db\backends\utils.py", line 79, in execute
    return self._execute_with_wrappers(
           ~~~~~~~~~~~~~~~~~~~~~~~~~~~^
        sql, params, many=False, executor=self._execute
        ^^^^^^^^^^^^^^^^^^^^^^^^^^^^^^^^^^^^^^^^^^^^^^^
    )
    ^
  File "E:\formis_app\.venv\Lib\site-packages\django\db\backends\utils.py", line 92, in _execute_with_wrappers
    return executor(sql, params, many, context)
  File "E:\formis_app\.venv\Lib\site-packages\django\db\backends\utils.py", line 100, in _execute
    with self.db.wrap_database_errors:
         ^^^^^^^^^^^^^^^^^^^^^^^^^^^^
  File "E:\formis_app\.venv\Lib\site-packages\django\db\utils.py", line 91, in __exit__
    raise dj_exc_value.with_traceback(traceback) from exc_value
  File "E:\formis_app\.venv\Lib\site-packages\django\db\backends\utils.py", line 105, in _execute
    return self.cursor.execute(sql, params)
           ~~~~~~~~~~~~~~~~~~~^^^^^^^^^^^^^
django.db.utils.DataError: ERREUR:  valeur trop longue pour le type character varying(100)

ERROR 2025-11-20 03:02:16,372 basehttp "GET /payments/ligdicash/payer/41f8b570-1bca-4e6e-8b92-44567c68ee4c/ HTTP/1.1" 500 282815
WARNING 2025-11-20 03:02:17,494 log Not Found: /favicon.ico
WARNING 2025-11-20 03:02:17,495 basehttp "GET /favicon.ico HTTP/1.1" 404 4175
INFO 2025-11-20 03:05:17,420 autoreload E:\formis_app\_formis\apps\payments\models.py changed, reloading.
INFO 2025-11-20 03:05:22,590 autoreload Watching for file changes with StatReloader
INFO 2025-11-20 03:07:27,259 ligdicash ============================================================
INFO 2025-11-20 03:07:27,285 ligdicash ============================================================
INFO 2025-11-20 03:07:27,286 ligdicash [CONFIG] NGROK_URL: https://expectingly-yellowish-winter.ngrok-free.dev
INFO 2025-11-20 03:07:27,286 ligdicash [CONFIG] USE_NGROK: True
INFO 2025-11-20 03:07:27,560 ligdicash ------------------------------------------------------------
INFO 2025-11-20 03:07:27,653 ligdicash ------------------------------------------------------------
INFO 2025-11-20 03:07:27,654 ligdicash ============================================================
INFO 2025-11-20 03:07:27,654 ligdicash LIGDICASH API CALL
INFO 2025-11-20 03:07:27,654 ligdicash ============================================================
INFO 2025-11-20 03:07:27,654 ligdicash [PARAMS] Parametres d'entree:
INFO 2025-11-20 03:07:27,655 ligdicash   - paiement_id: 41f8b570-1bca-4e6e-8b92-44567c68ee4c
INFO 2025-11-20 03:07:27,655 ligdicash   - montant: 300000.00
INFO 2025-11-20 03:07:27,656 ligdicash   - email_client: roxi07@gmail.com
INFO 2025-11-20 03:07:27,656 ligdicash   - nom_client: Patricia Nombré
INFO 2025-11-20 03:07:27,657 ligdicash [URLS] URLs de callback:
INFO 2025-11-20 03:07:27,657 ligdicash   - url_retour_succes: https://expectingly-yellowish-winter.ngrok-free.dev/payments/ligdicash/success/41f8b570-1bca-4e6e-8b92-44567c68ee4c/
INFO 2025-11-20 03:07:27,662 ligdicash   - url_retour_echec: https://expectingly-yellowish-winter.ngrok-free.dev/payments/ligdicash/error/41f8b570-1bca-4e6e-8b92-44567c68ee4c/
INFO 2025-11-20 03:07:27,665 ligdicash   - url_callback: https://expectingly-yellowish-winter.ngrok-free.dev/payments/webhook/ligdicash/
INFO 2025-11-20 03:07:27,666 ligdicash [PAYLOAD] Payload construit
INFO 2025-11-20 03:07:27,666 ligdicash ------------------------------------------------------------
INFO 2025-11-20 03:07:27,667 ligdicash {
  "invoice": {
    "items": [
      {
        "name": "Paiement tranche 2 - Patricia Nombré",
        "description": "Paiement tranche 2 - Patricia Nombré",
        "quantity": 1,
        "unit_price": "300000",
        "total_price": "300000"
      }
    ],
    "total_amount": "300000",
    "devise": "XOF",
    "description": "Paiement tranche 2 - Patricia Nombré",
    "customer": "Patricia Nombré",
    "customer_email": "roxi07@gmail.com",
    "external_id": "41f8b570-1bca-4e6e-8b92-44567c68ee4c"
  },
  "store": {
    "name": "FORMIS",
    "website_url": "https://expectingly-yellowish-winter.ngrok-free.dev"
  },
  "actions": {
    "cancel_url": "https://expectingly-yellowish-winter.ngrok-free.dev/payments/ligdicash/error/41f8b570-1bca-4e6e-8b92-44567c68ee4c/",
    "return_url": "https://expectingly-yellowish-winter.ngrok-free.dev/payments/ligdicash/success/41f8b570-1bca-4e6e-8b92-44567c68ee4c/",
    "callback_url": "https://expectingly-yellowish-winter.ngrok-free.dev/payments/webhook/ligdicash/"
  }
}
INFO 2025-11-20 03:07:27,667 ligdicash ------------------------------------------------------------
INFO 2025-11-20 03:07:27,667 ligdicash [API] POST vers: https://client.ligdicash.com/pay/v01/redirect/checkout-invoice/create
INFO 2025-11-20 03:07:27,668 ligdicash [API] Envoi...
INFO 2025-11-20 03:07:29,367 ligdicash [API] Reponse recue - Status: 200
INFO 2025-11-20 03:07:29,367 ligdicash [RESPONSE] JSON parse OK
INFO 2025-11-20 03:07:29,368 ligdicash ------------------------------------------------------------
INFO 2025-11-20 03:07:29,368 ligdicash {
  "response_code": "00",
  "token": "eyJ0eXAiOiJKV1QiLCJhbGciOiJIUzI1NiJ9.eyJpZF9pbnZvaWNlIjoiNzI4NjU5NjciLCJzdGFydF9kYXRlIjoiMjAyNS0xMS0yMCAwMzowNzoyOSIsImV4cGlyeV9kYXRlIjoxNzYzNjk0NDQ5fQ.87DHcCNAIQ84o8Ac9oxBIx1tlpOJ4IHULkqRskosx9c",
  "response_text": "https://client.ligdicash.com/directpayment/invoice/eyJ0eXAiOiJKV1QiLCJhbGciOiJIUzI1NiJ9.eyJpZF9pbnZvaWNlIjoiNzI4NjU5NjciLCJzdGFydF9kYXRlIjoiMjAyNS0xMS0yMCAwMzowNzoyOSIsImV4cGlyeV9kYXRlIjoxNzYzNjk0NDQ5fQ.87DHcCNAIQ84o8Ac9oxBIx1tlpOJ4IHULkqRskosx9c",
  "description": "",
  "custom_data": {
    "logfile": "20251120030729691e85f162deb"
  },
  "wiki": "https://client.ligdicash.com/wiki/createInvoice"
}
INFO 2025-11-20 03:07:29,369 ligdicash ------------------------------------------------------------
INFO 2025-11-20 03:07:29,369 ligdicash [RESPONSE] response_code: 00
INFO 2025-11-20 03:07:29,370 ligdicash [RESPONSE] response_text: https://client.ligdicash.com/directpayment/invoice/eyJ0eXAiOiJKV1QiLCJhbGciOiJIUzI1NiJ9.eyJpZF9pbnZvaWNlIjoiNzI4NjU5NjciLCJzdGFydF9kYXRlIjoiMjAyNS0xMS0yMCAwMzowNzoyOSIsImV4cGlyeV9kYXRlIjoxNzYzNjk0NDQ5fQ.87DHcCNAIQ84o8Ac9oxBIx1tlpOJ4IHULkqRskosx9c
INFO 2025-11-20 03:07:29,370 ligdicash [RESPONSE] description: 
INFO 2025-11-20 03:07:29,370 ligdicash [SUCCESS] Token: eyJ0eXAiOiJKV1QiLCJhbGciOiJIUzI1NiJ9.eyJpZF9pbnZvaWNlIjoiNzI4NjU5NjciLCJzdGFydF9kYXRlIjoiMjAyNS0xMS0yMCAwMzowNzoyOSIsImV4cGlyeV9kYXRlIjoxNzYzNjk0NDQ5fQ.87DHcCNAIQ84o8Ac9oxBIx1tlpOJ4IHULkqRskosx9c
INFO 2025-11-20 03:07:29,371 ligdicash [SUCCESS] Payment URL: https://client.ligdicash.com/directpayment/invoice/eyJ0eXAiOiJKV1QiLCJhbGciOiJIUzI1NiJ9.eyJpZF9pbnZvaWNlIjoiNzI4NjU5NjciLCJzdGFydF9kYXRlIjoiMjAyNS0xMS0yMCAwMzowNzoyOSIsImV4cGlyeV9kYXRlIjoxNzYzNjk0NDQ5fQ.87DHcCNAIQ84o8Ac9oxBIx1tlpOJ4IHULkqRskosx9c
INFO 2025-11-20 03:07:29,404 basehttp "GET /payments/ligdicash/payer/41f8b570-1bca-4e6e-8b92-44567c68ee4c/ HTTP/1.1" 302 0
INFO 2025-11-20 03:08:27,717 basehttp "GET /payments/students/c8650759-c373-467e-86c3-7a50585be1f6/ HTTP/1.1" 200 94320
INFO 2025-11-20 03:10:17,469 basehttp "GET /dashboard/admin/paiements/ HTTP/1.1" 200 101384
INFO 2025-11-20 03:10:59,986 basehttp "GET /dashboard/admin/paiements/?search=&statut=&methode_paiement=ESPECES&date_debut=&date_fin= HTTP/1.1" 200 66698
INFO 2025-11-20 03:11:06,371 basehttp "GET /dashboard/admin/paiements/?search=&statut=&methode_paiement=LIGDICASH&date_debut=&date_fin= HTTP/1.1" 200 101392
INFO 2025-11-20 03:11:22,829 basehttp "GET /dashboard/admin/comptables/ HTTP/1.1" 200 86965
WARNING 2025-11-20 03:11:23,708 log Not Found: /favicon.ico
WARNING 2025-11-20 03:11:23,709 basehttp "GET /favicon.ico HTTP/1.1" 404 4175
INFO 2025-11-20 03:11:29,179 basehttp "GET /dashboard/admin/department_heads/ HTTP/1.1" 200 85979
INFO 2025-11-20 03:11:30,068 basehttp "GET /media/profils/IMG_20211223_151546_741.jpg HTTP/1.1" 200 2749121
INFO 2025-11-20 03:11:32,217 basehttp "GET /dashboard/admin/users/ HTTP/1.1" 200 109324
INFO 2025-11-20 03:11:33,032 basehttp "GET /media/profils/IMG-20220507-WA0015.jpg HTTP/1.1" 200 25481
INFO 2025-11-20 03:14:11,499 basehttp "GET /dashboard/admin/comptables/ HTTP/1.1" 200 86541
INFO 2025-11-20 03:14:22,235 basehttp "GET /dashboard/admin/department_heads/ HTTP/1.1" 200 85979
INFO 2025-11-20 03:14:24,397 basehttp "GET /dashboard/admin/teachers/ HTTP/1.1" 200 75369
INFO 2025-11-20 03:14:28,632 basehttp "GET /dashboard/admin/students/ HTTP/1.1" 200 87163
INFO 2025-11-20 03:15:01,704 basehttp "GET /dashboard/admin/candidatures/ HTTP/1.1" 200 75347
INFO 2025-11-20 03:15:15,041 basehttp "GET /enrollment/candidature/ea896804-1119-406b-8a3d-08e5db1f7ff2/ HTTP/1.1" 200 62464
INFO 2025-11-20 03:15:27,338 basehttp "GET /dashboard/admin/users/ HTTP/1.1" 200 109324
INFO 2025-11-20 03:15:31,708 basehttp "GET /dashboard/admin/department_heads/ HTTP/1.1" 200 85979
INFO 2025-11-20 03:15:39,894 basehttp "POST /accounts/department-heads/075af644-72bd-4d54-b30f-e96a3b5defbe/revoke/ HTTP/1.1" 200 117
INFO 2025-11-20 03:15:42,262 basehttp "GET /dashboard/admin/department_heads/ HTTP/1.1" 200 84673
INFO 2025-11-20 03:15:48,019 basehttp "GET /accounts/department-heads/nominate/?dept=4409c3b1-24d4-40f0-967a-56ab9b4f1a11 HTTP/1.1" 200 54006
INFO 2025-11-20 03:16:11,656 basehttp "POST /accounts/department-heads/nominate/?dept=4409c3b1-24d4-40f0-967a-56ab9b4f1a11 HTTP/1.1" 302 0
INFO 2025-11-20 03:16:12,444 basehttp "GET /dashboard/admin/department_heads/ HTTP/1.1" 200 86419
INFO 2025-11-20 03:16:26,964 basehttp "GET /dashboard/department_head/ HTTP/1.1" 302 0
INFO 2025-11-20 03:16:27,104 basehttp "GET /dashboard/ HTTP/1.1" 302 0
INFO 2025-11-20 03:16:27,385 basehttp "GET /dashboard/teacher/ HTTP/1.1" 200 47318
WARNING 2025-11-20 03:16:27,491 basehttp "GET /static/css/dashboard/teacher.css HTTP/1.1" 404 2002
INFO 2025-11-20 03:16:27,685 basehttp "GET /media/profils/IMG_20211223_151546_741.jpg HTTP/1.1" 200 2749121
INFO 2025-11-20 03:16:36,052 basehttp "GET /dashboard/teacher/courses/ HTTP/1.1" 200 54957
INFO 2025-11-20 03:16:38,446 basehttp "GET /dashboard/teacher/cahiers_texte/ HTTP/1.1" 200 49890
INFO 2025-11-20 03:16:40,614 basehttp "GET /dashboard/teacher/evaluations/ HTTP/1.1" 200 54364
INFO 2025-11-20 03:16:42,791 basehttp "GET /dashboard/teacher/ HTTP/1.1" 200 47318
WARNING 2025-11-20 03:16:42,889 basehttp "GET /static/css/dashboard/teacher.css HTTP/1.1" 404 2002
INFO 2025-11-20 03:17:01,951 basehttp "GET /dashboard/teacher/courses/ HTTP/1.1" 200 54957
INFO 2025-11-20 03:17:04,080 basehttp "GET /dashboard/teacher/cahiers_texte/ HTTP/1.1" 200 49890
INFO 2025-11-20 03:17:06,310 basehttp "GET /dashboard/teacher/evaluations/ HTTP/1.1" 200 54364
ERROR 2025-11-20 03:17:08,300 log Internal Server Error: /dashboard/teacher/corrections/
Traceback (most recent call last):
  File "E:\formis_app\.venv\Lib\site-packages\django\core\handlers\exception.py", line 55, in inner
    response = get_response(request)
  File "E:\formis_app\.venv\Lib\site-packages\django\core\handlers\base.py", line 197, in _get_response
    response = wrapped_callback(request, *callback_args, **callback_kwargs)
  File "E:\formis_app\.venv\Lib\site-packages\django\views\generic\base.py", line 105, in view
    return self.dispatch(request, *args, **kwargs)
           ~~~~~~~~~~~~~^^^^^^^^^^^^^^^^^^^^^^^^^^
  File "E:\formis_app\_formis\apps\core\dashboard_views.py", line 6059, in dispatch
    return super().dispatch(request, *args, **kwargs)
           ~~~~~~~~~~~~~~~~^^^^^^^^^^^^^^^^^^^^^^^^^^
  File "E:\formis_app\.venv\Lib\site-packages\django\contrib\auth\mixins.py", line 73, in dispatch
    return super().dispatch(request, *args, **kwargs)
           ~~~~~~~~~~~~~~~~^^^^^^^^^^^^^^^^^^^^^^^^^^
  File "E:\formis_app\.venv\Lib\site-packages\django\views\generic\base.py", line 144, in dispatch
    return handler(request, *args, **kwargs)
  File "E:\formis_app\.venv\Lib\site-packages\django\views\generic\list.py", line 178, in get
    context = self.get_context_data()
  File "E:\formis_app\_formis\apps\core\dashboard_views.py", line 6066, in get_context_data
    evaluation = self.object
                 ^^^^^^^^^^^
AttributeError: 'TeacherCorrectionView' object has no attribute 'object'
ERROR 2025-11-20 03:17:08,311 basehttp "GET /dashboard/teacher/corrections/ HTTP/1.1" 500 95251
INFO 2025-11-20 03:17:13,307 basehttp "GET /dashboard/teacher/evaluations/ HTTP/1.1" 200 54364
ERROR 2025-11-20 03:17:31,714 log Internal Server Error: /dashboard/teacher/evaluations/
Traceback (most recent call last):
  File "E:\formis_app\.venv\Lib\site-packages\django\core\handlers\exception.py", line 55, in inner
    response = get_response(request)
  File "E:\formis_app\.venv\Lib\site-packages\django\core\handlers\base.py", line 197, in _get_response
    response = wrapped_callback(request, *callback_args, **callback_kwargs)
  File "E:\formis_app\.venv\Lib\site-packages\django\views\generic\base.py", line 105, in view
    return self.dispatch(request, *args, **kwargs)
           ~~~~~~~~~~~~~^^^^^^^^^^^^^^^^^^^^^^^^^^
  File "E:\formis_app\_formis\apps\core\dashboard_views.py", line 5994, in dispatch
    if request.user.role != 'ENSEIGNANT':
       ^^^^^^^^^^^^^^^^^
  File "E:\formis_app\.venv\Lib\site-packages\django\utils\functional.py", line 253, in inner
    return func(_wrapped, *args)
AttributeError: 'AnonymousUser' object has no attribute 'role'
ERROR 2025-11-20 03:17:31,720 basehttp "GET /dashboard/teacher/evaluations/ HTTP/1.1" 500 80576
WARNING 2025-11-20 03:17:33,750 log Not Found: /favicon.ico
WARNING 2025-11-20 03:17:33,751 basehttp "GET /favicon.ico HTTP/1.1" 404 4175
INFO 2025-11-20 03:17:40,690 basehttp "GET / HTTP/1.1" 200 16444
INFO 2025-11-20 03:18:05,781 basehttp "POST /accounts/login/ HTTP/1.1" 200 16454
INFO 2025-11-20 03:18:25,811 basehttp "POST /accounts/login/ HTTP/1.1" 200 16454
INFO 2025-11-20 03:18:31,050 basehttp "GET /accounts/logout/ HTTP/1.1" 302 0
INFO 2025-11-20 03:18:31,061 basehttp "GET /accounts/login/ HTTP/1.1" 200 16680
INFO 2025-11-20 03:18:49,751 basehttp "POST /accounts/login/ HTTP/1.1" 302 0
INFO 2025-11-20 03:18:49,900 basehttp "GET /dashboard/teacher/ HTTP/1.1" 200 47318
WARNING 2025-11-20 03:18:49,989 basehttp "GET /static/css/dashboard/teacher.css HTTP/1.1" 404 2002
INFO 2025-11-20 03:18:50,203 basehttp "GET /media/profils/IMG_20211223_151546_741.jpg HTTP/1.1" 200 2749121
INFO 2025-11-20 03:19:04,507 basehttp "GET /accounts/department-heads/nominate/?dept=075af644-72bd-4d54-b30f-e96a3b5defbe HTTP/1.1" 200 53870
INFO 2025-11-20 03:19:25,796 basehttp "POST /accounts/department-heads/nominate/?dept=075af644-72bd-4d54-b30f-e96a3b5defbe HTTP/1.1" 302 0
INFO 2025-11-20 03:19:26,748 basehttp "GET /dashboard/admin/department_heads/ HTTP/1.1" 200 87736
INFO 2025-11-20 03:20:57,801 basehttp "GET /dashboard/admin/teachers/ HTTP/1.1" 200 64633
INFO 2025-11-20 03:21:12,709 basehttp "GET /dashboard/admin/department_heads/ HTTP/1.1" 200 87263
INFO 2025-11-20 03:21:18,392 basehttp "POST /accounts/department-heads/4409c3b1-24d4-40f0-967a-56ab9b4f1a11/revoke/ HTTP/1.1" 200 112
INFO 2025-11-20 03:21:20,893 basehttp "GET /dashboard/admin/department_heads/ HTTP/1.1" 200 85979
INFO 2025-11-20 03:21:24,728 basehttp "GET /dashboard/teacher/ HTTP/1.1" 302 0
INFO 2025-11-20 03:21:24,915 basehttp "GET /dashboard/ HTTP/1.1" 302 0
INFO 2025-11-20 03:21:25,227 basehttp "GET /dashboard/department_head/ HTTP/1.1" 200 51844
INFO 2025-11-20 03:21:25,675 basehttp "GET /media/profils/IMG_20211223_151546_741.jpg HTTP/1.1" 200 2749121
INFO 2025-11-20 03:21:35,706 basehttp "GET /dashboard/department_head/candidatures/ HTTP/1.1" 200 93149
INFO 2025-11-20 03:21:47,364 basehttp "GET /enrollment/candidature/ea896804-1119-406b-8a3d-08e5db1f7ff2/details-ajax/ HTTP/1.1" 200 755
INFO 2025-11-20 03:22:03,917 basehttp "GET /enrollment/candidature/ea896804-1119-406b-8a3d-08e5db1f7ff2/documents-ajax/ HTTP/1.1" 200 46
INFO 2025-11-20 03:22:14,901 basehttp "GET /dashboard/department_head/paiements/ HTTP/1.1" 200 65060
INFO 2025-11-20 03:22:21,714 basehttp "GET /dashboard/department_head/candidatures/ HTTP/1.1" 200 93149
INFO 2025-11-20 03:22:27,373 basehttp "GET /dashboard/department_head/students/ HTTP/1.1" 200 69034
INFO 2025-11-20 23:42:35,410 basehttp "GET /dashboard/department_head/ HTTP/1.1" 200 51844
INFO 2025-11-20 23:42:36,201 basehttp "GET /media/profils/IMG_20211223_151546_741.jpg HTTP/1.1" 200 2749121
INFO 2025-11-20 23:43:30,543 basehttp "GET /dashboard/admin/ HTTP/1.1" 200 67642
WARNING 2025-11-20 23:43:31,489 basehttp "GET /static/css/dashboard/admin.css HTTP/1.1" 404 1996
WARNING 2025-11-20 23:43:32,325 log Not Found: /favicon.ico
INFO 2025-11-20 23:43:32,370 basehttp - Broken pipe from ('127.0.0.1', 63079)
INFO 2025-11-21 20:37:17,683 basehttp "GET /dashboard/admin/users/ HTTP/1.1" 200 109324
INFO 2025-11-21 20:37:21,070 basehttp "GET /dashboard/admin/comptables/ HTTP/1.1" 200 86541
INFO 2025-11-21 20:37:21,226 basehttp - Broken pipe from ('127.0.0.1', 64772)
INFO 2025-11-21 20:37:21,240 basehttp - Broken pipe from ('127.0.0.1', 64768)
INFO 2025-11-21 20:37:23,796 basehttp "GET /dashboard/admin/department_heads/ HTTP/1.1" 200 85979
INFO 2025-11-21 20:37:27,654 basehttp "GET /dashboard/admin/teachers/ HTTP/1.1" 200 75369
INFO 2025-11-21 20:37:35,673 basehttp "GET /dashboard/admin/students/ HTTP/1.1" 200 87163
INFO 2025-11-21 20:37:36,554 basehttp "GET /media/profils/IMG-20220507-WA0030_qeI1OYS.jpg HTTP/1.1" 200 47619
INFO 2025-11-21 20:37:47,080 basehttp "GET /accounts/students/c8650759-c373-467e-86c3-7a50585be1f6/edit/ HTTP/1.1" 200 60417
INFO 2025-11-21 20:37:56,077 basehttp "GET /dashboard/admin/students/ HTTP/1.1" 200 87163
INFO 2025-11-21 20:37:59,507 basehttp "GET /dashboard/admin/candidatures/ HTTP/1.1" 200 75347
INFO 2025-11-21 20:38:06,984 basehttp "GET /enrollment/candidature/ea896804-1119-406b-8a3d-08e5db1f7ff2/ HTTP/1.1" 200 62464
INFO 2025-11-21 20:38:42,451 basehttp "GET /dashboard/admin/inscriptions/ HTTP/1.1" 200 69388
INFO 2025-11-24 13:49:20,784 basehttp "GET /dashboard/department_head/ HTTP/1.1" 200 51844
WARNING 2025-11-24 13:49:26,154 log Not Found: /favicon.ico
WARNING 2025-11-24 13:49:26,155 basehttp "GET /favicon.ico HTTP/1.1" 404 4175
INFO 2025-11-25 00:13:13,699 basehttp "GET /dashboard/admin/ HTTP/1.1" 200 67628
INFO 2025-11-25 00:13:16,554 basehttp "GET /static/js/dashboard/dashboard.js HTTP/1.1" 304 0
INFO 2025-11-25 00:13:16,555 basehttp "GET /static/js/dashboard/components.js HTTP/1.1" 304 0
WARNING 2025-11-25 00:13:16,807 basehttp "GET /static/css/dashboard/admin.css HTTP/1.1" 404 1996
INFO 2025-11-25 00:13:16,997 basehttp "GET /static/css/dashboard/dashboard.css HTTP/1.1" 200 19647
INFO 2025-11-25 00:13:17,600 basehttp "GET /media/profils/IMG-20220507-WA0018.jpg HTTP/1.1" 200 35474
WARNING 2025-11-25 00:13:18,369 log Not Found: /favicon.ico
INFO 2025-11-25 00:13:18,372 basehttp - Broken pipe from ('127.0.0.1', 59928)
INFO 2025-11-28 13:01:39,514 basehttp "GET /dashboard/admin/users/ HTTP/1.1" 200 109324
INFO 2025-11-28 13:01:45,036 basehttp "GET /media/profils/IMG_20211223_151546_741.jpg HTTP/1.1" 304 0
INFO 2025-11-28 13:01:45,063 basehttp "GET /media/profils/IMG-20220507-WA0030_qeI1OYS.jpg HTTP/1.1" 304 0
INFO 2025-11-28 13:01:45,107 basehttp "GET /media/profils/IMG-20220507-WA0015.jpg HTTP/1.1" 304 0
INFO 2025-11-28 13:01:51,415 basehttp "GET /dashboard/admin/comptables/ HTTP/1.1" 200 86541
INFO 2025-11-28 13:02:05,648 basehttp "GET /dashboard/admin/department_heads/ HTTP/1.1" 200 85979
INFO 2025-11-28 13:02:11,840 basehttp "GET /dashboard/admin/teachers/ HTTP/1.1" 200 75369
INFO 2025-11-28 13:02:23,652 basehttp "GET /dashboard/admin/students/ HTTP/1.1" 200 87163
INFO 2025-11-28 13:03:11,620 basehttp "GET /dashboard/admin/candidatures/ HTTP/1.1" 200 75347
INFO 2025-11-28 13:04:10,807 basehttp "GET /dashboard/department_head/ HTTP/1.1" 200 51025
INFO 2025-11-28 13:04:11,082 basehttp "GET /static/css/dashboard/dashboard.css HTTP/1.1" 304 0
INFO 2025-11-28 13:04:13,143 basehttp "GET /static/js/dashboard/components.js HTTP/1.1" 304 0
INFO 2025-11-28 13:04:14,461 basehttp "GET /static/js/dashboard/dashboard.js HTTP/1.1" 304 0
INFO 2025-11-28 13:04:14,936 basehttp "GET /media/profils/IMG_20211223_151546_741.jpg HTTP/1.1" 304 0
INFO 2025-11-28 13:04:25,906 basehttp "GET /dashboard/department_head/teachers/ HTTP/1.1" 200 61674
INFO 2025-11-28 13:04:44,689 basehttp "GET /dashboard/department_head/students/ HTTP/1.1" 200 68255
INFO 2025-11-28 13:05:09,874 basehttp "GET /dashboard/admin/inscriptions/ HTTP/1.1" 200 69388
INFO 2025-11-28 13:09:21,051 basehttp "GET /dashboard/admin/inscriptions/ HTTP/1.1" 200 69234
INFO 2025-11-28 13:10:08,073 basehttp "GET /dashboard/admin/users/ HTTP/1.1" 200 109324
INFO 2025-11-28 13:10:16,838 basehttp "GET /dashboard/admin/comptables/ HTTP/1.1" 200 86541
INFO 2025-11-28 13:10:24,492 basehttp "GET /dashboard/admin/teachers/ HTTP/1.1" 200 75369
INFO 2025-11-28 13:10:31,330 basehttp "GET /dashboard/admin/students/ HTTP/1.1" 200 87163
INFO 2025-11-28 13:11:11,778 basehttp "GET /dashboard/admin/students/ HTTP/1.1" 200 86977
INFO 2025-11-28 13:11:23,195 basehttp "GET /dashboard/admin/teachers/ HTTP/1.1" 200 75369
INFO 2025-11-28 13:11:29,973 basehttp "GET /dashboard/admin/candidatures/ HTTP/1.1" 200 75347
INFO 2025-11-28 13:12:17,209 basehttp "GET /dashboard/admin/candidatures/ HTTP/1.1" 200 75347
INFO 2025-11-28 13:12:55,376 basehttp "GET /dashboard/admin/candidatures/ HTTP/1.1" 200 75024
INFO 2025-11-28 13:13:20,337 basehttp "GET /dashboard/admin/students/ HTTP/1.1" 200 86977
INFO 2025-11-28 13:15:03,907 basehttp "GET /dashboard/admin/candidatures/ HTTP/1.1" 200 75024
INFO 2025-11-28 13:16:26,997 basehttp "GET /dashboard/admin/candidatures/ HTTP/1.1" 200 75037
INFO 2025-11-28 13:17:20,868 basehttp "GET /dashboard/admin/students/ HTTP/1.1" 200 86977
INFO 2025-11-28 13:18:48,380 basehttp "GET /dashboard/admin/candidatures/ HTTP/1.1" 200 75037
INFO 2025-11-28 13:24:11,919 basehttp "GET /dashboard/admin/candidatures/ HTTP/1.1" 200 74915
INFO 2025-11-28 13:28:14,303 basehttp "GET /dashboard/admin/candidatures/ HTTP/1.1" 200 75068
INFO 2025-11-28 13:28:53,752 basehttp "GET /dashboard/admin/candidatures/ HTTP/1.1" 200 75089
INFO 2025-11-28 13:29:09,326 basehttp "GET /dashboard/admin/candidatures/ HTTP/1.1" 200 75089
INFO 2025-11-28 13:30:24,808 basehttp "GET /dashboard/admin/candidatures/ HTTP/1.1" 200 75088
INFO 2025-11-28 13:32:29,941 basehttp "GET /dashboard/admin/candidatures/ HTTP/1.1" 200 75022
WARNING 2025-11-28 13:32:34,055 log Not Found: /favicon.ico
INFO 2025-11-28 13:32:34,076 basehttp - Broken pipe from ('127.0.0.1', 57471)
INFO 2025-11-28 13:35:37,733 basehttp "GET /dashboard/admin/candidatures/ HTTP/1.1" 200 75004
WARNING 2025-11-28 13:35:40,542 log Not Found: /favicon.ico
INFO 2025-11-28 13:35:40,543 basehttp - Broken pipe from ('127.0.0.1', 57487)
INFO 2025-11-28 13:37:49,218 basehttp "GET /dashboard/admin/candidatures/ HTTP/1.1" 200 75122
WARNING 2025-11-28 13:37:52,543 log Not Found: /favicon.ico
INFO 2025-11-28 13:37:52,544 basehttp - Broken pipe from ('127.0.0.1', 57499)
INFO 2025-11-28 13:38:05,566 basehttp "GET /dashboard/admin/inscriptions/ HTTP/1.1" 200 69234
WARNING 2025-11-28 13:38:11,633 log Not Found: /favicon.ico
INFO 2025-11-28 13:38:11,637 basehttp - Broken pipe from ('127.0.0.1', 57507)
INFO 2025-11-28 13:39:14,464 basehttp "GET /dashboard/admin/inscriptions/ HTTP/1.1" 200 69352
WARNING 2025-11-28 13:39:18,315 log Not Found: /favicon.ico
INFO 2025-11-28 13:39:18,316 basehttp - Broken pipe from ('127.0.0.1', 57519)
INFO 2025-11-28 13:39:45,610 basehttp "GET /dashboard/admin/candidatures/ HTTP/1.1" 200 75122
INFO 2025-11-28 13:52:04,960 basehttp "GET /dashboard/admin/students/ HTTP/1.1" 200 86977
INFO 2025-11-28 13:52:21,467 basehttp "GET /dashboard/admin/candidatures/ HTTP/1.1" 200 75122
INFO 2025-11-28 13:53:14,160 basehttp "GET /dashboard/admin/candidatures/ HTTP/1.1" 200 75122
INFO 2025-11-28 17:47:08,964 basehttp "GET /dashboard/admin/students/ HTTP/1.1" 200 86977
WARNING 2025-11-28 17:47:11,295 log Not Found: /favicon.ico
INFO 2025-11-28 17:47:11,296 basehttp - Broken pipe from ('127.0.0.1', 57937)
INFO 2025-11-28 17:47:11,297 basehttp - Broken pipe from ('127.0.0.1', 57941)
INFO 2025-11-28 17:47:22,405 basehttp "GET /dashboard/admin/candidatures/ HTTP/1.1" 200 75122
INFO 2025-11-28 17:47:42,253 basehttp "GET /dashboard/admin/inscriptions/ HTTP/1.1" 200 69352
INFO 2025-11-28 17:47:59,509 basehttp "GET /dashboard/admin/paiements/ HTTP/1.1" 200 101384
INFO 2025-11-28 17:48:29,892 basehttp "GET /dashboard/admin/departments/ HTTP/1.1" 200 80506
INFO 2025-11-28 20:25:41,117 basehttp "GET /dashboard/admin/inscriptions/ HTTP/1.1" 200 69352
WARNING 2025-11-28 20:25:47,964 log Not Found: /favicon.ico
INFO 2025-11-28 20:25:47,964 basehttp - Broken pipe from ('127.0.0.1', 49540)
INFO 2025-11-28 20:40:36,244 basehttp - Broken pipe from ('127.0.0.1', 49630)
INFO 2025-11-28 20:41:16,778 basehttp - Broken pipe from ('127.0.0.1', 49638)
INFO 2025-11-28 20:41:33,223 basehttp "GET /dashboard/admin/departments/ HTTP/1.1" 200 80506
WARNING 2025-11-28 20:41:37,544 log Not Found: /favicon.ico
INFO 2025-11-28 20:41:37,545 basehttp - Broken pipe from ('127.0.0.1', 49650)
INFO 2025-11-28 20:41:50,157 basehttp "GET /dashboard/admin/ HTTP/1.1" 200 67623
INFO 2025-11-28 20:41:50,330 basehttp - Broken pipe from ('127.0.0.1', 49730)
WARNING 2025-11-28 20:41:50,408 basehttp "GET /static/css/dashboard/admin.css HTTP/1.1" 404 1996
INFO 2025-11-28 20:47:51,691 basehttp "GET /dashboard/admin/users/ HTTP/1.1" 200 109324
INFO 2025-11-28 20:47:55,702 basehttp - Broken pipe from ('127.0.0.1', 49791)
INFO 2025-11-28 20:47:56,321 basehttp - Broken pipe from ('127.0.0.1', 49793)
WARNING 2025-11-28 20:47:56,742 log Not Found: /favicon.ico
INFO 2025-11-28 20:47:56,748 basehttp - Broken pipe from ('127.0.0.1', 49795)
INFO 2025-11-28 20:48:52,040 basehttp "GET /dashboard/admin/comptables/ HTTP/1.1" 200 86541
INFO 2025-11-28 21:26:51,645 basehttp "GET /dashboard/department_head/teachers/ HTTP/1.1" 200 61674
INFO 2025-11-28 21:27:25,956 basehttp "GET /accounts/teachers/add/ HTTP/1.1" 200 65124
INFO 2025-11-28 21:27:42,292 basehttp "GET /accounts/teachers/ HTTP/1.1" 200 0
INFO 2025-11-28 21:27:45,890 basehttp "GET /accounts/teachers/ HTTP/1.1" 200 0
INFO 2025-11-28 21:27:51,477 basehttp "GET /dashboard/department_head/teachers/ HTTP/1.1" 200 61674
INFO 2025-12-02 18:28:14,125 autoreload Watching for file changes with StatReloader
INFO 2025-12-02 18:28:31,775 basehttp "GET / HTTP/1.1" 200 16444
WARNING 2025-12-02 18:28:35,334 log Not Found: /favicon.ico
WARNING 2025-12-02 18:28:35,692 basehttp "GET /favicon.ico HTTP/1.1" 404 4175
INFO 2025-12-02 18:28:42,722 basehttp "GET / HTTP/1.1" 200 16444
WARNING 2025-12-02 18:28:45,613 log Not Found: /favicon.ico
WARNING 2025-12-02 18:28:45,616 basehttp "GET /favicon.ico HTTP/1.1" 404 4175
INFO 2025-12-02 18:29:24,726 basehttp "GET / HTTP/1.1" 200 16444
WARNING 2025-12-02 18:29:26,380 log Not Found: /favicon.ico
WARNING 2025-12-02 18:29:26,381 basehttp "GET /favicon.ico HTTP/1.1" 404 4175
INFO 2025-12-02 18:30:06,046 basehttp "POST /accounts/login/ HTTP/1.1" 302 0
INFO 2025-12-02 18:30:09,520 basehttp "GET /dashboard/department_head/ HTTP/1.1" 200 51025
INFO 2025-12-02 18:30:14,098 basehttp "GET /media/profils/IMG_20211223_151546_741.jpg HTTP/1.1" 200 2749121
INFO 2025-12-02 18:30:31,176 basehttp "POST /accounts/login/ HTTP/1.1" 302 0
INFO 2025-12-02 18:30:32,051 basehttp "GET /dashboard/admin/ HTTP/1.1" 200 67628
INFO 2025-12-02 18:30:32,833 basehttp "GET /static/css/dashboard/dashboard.css HTTP/1.1" 304 0
WARNING 2025-12-02 18:30:32,845 basehttp "GET /static/css/dashboard/admin.css HTTP/1.1" 404 1996
INFO 2025-12-02 18:30:33,456 basehttp "GET /static/js/dashboard/dashboard.js HTTP/1.1" 304 0
INFO 2025-12-02 18:30:33,590 basehttp "GET /static/js/dashboard/components.js HTTP/1.1" 304 0
INFO 2025-12-02 18:30:34,749 basehttp "GET /media/profils/IMG-20220507-WA0018.jpg HTTP/1.1" 200 35474
WARNING 2025-12-02 18:30:36,997 log Not Found: /favicon.ico
WARNING 2025-12-02 18:30:36,998 basehttp "GET /favicon.ico HTTP/1.1" 404 4175
ERROR 2025-12-03 17:36:01,810 log Internal Server Error: /dashboard/admin/
Traceback (most recent call last):
  File "E:\formis_app\.venv\Lib\site-packages\django\core\handlers\exception.py", line 55, in inner
    response = get_response(request)
  File "E:\formis_app\.venv\Lib\site-packages\django\core\handlers\base.py", line 197, in _get_response
    response = wrapped_callback(request, *callback_args, **callback_kwargs)
  File "E:\formis_app\.venv\Lib\site-packages\django\views\generic\base.py", line 105, in view
    return self.dispatch(request, *args, **kwargs)
           ~~~~~~~~~~~~~^^^^^^^^^^^^^^^^^^^^^^^^^^
  File "E:\formis_app\_formis\apps\core\dashboard_views.py", line 78, in dispatch
    if request.user.role != 'ADMIN':
       ^^^^^^^^^^^^^^^^^
  File "E:\formis_app\.venv\Lib\site-packages\django\utils\functional.py", line 253, in inner
    return func(_wrapped, *args)
AttributeError: 'AnonymousUser' object has no attribute 'role'
ERROR 2025-12-03 17:36:03,242 basehttp "GET /dashboard/admin/ HTTP/1.1" 500 81162
WARNING 2025-12-03 17:36:22,300 log Not Found: /favicon.ico
WARNING 2025-12-03 17:36:22,300 basehttp "GET /favicon.ico HTTP/1.1" 404 4175
INFO 2025-12-03 17:36:38,094 basehttp "GET /accounts/login/ HTTP/1.1" 200 16444
WARNING 2025-12-03 17:36:51,671 log Not Found: /favicon.ico
WARNING 2025-12-03 17:36:51,672 basehttp "GET /favicon.ico HTTP/1.1" 404 4175
INFO 2025-12-03 17:40:40,349 basehttp "POST /accounts/login/ HTTP/1.1" 302 0
INFO 2025-12-03 17:40:46,453 basehttp "GET /dashboard/admin/ HTTP/1.1" 200 67618
INFO 2025-12-03 17:40:47,373 basehttp "GET /static/css/dashboard/dashboard.css HTTP/1.1" 200 19647
WARNING 2025-12-03 17:40:48,171 basehttp "GET /static/css/dashboard/admin.css HTTP/1.1" 404 1996
INFO 2025-12-03 17:40:51,392 basehttp "GET /static/js/dashboard/dashboard.js HTTP/1.1" 200 22935
INFO 2025-12-03 17:40:52,756 basehttp "GET /static/js/dashboard/components.js HTTP/1.1" 200 28077
INFO 2025-12-03 17:40:54,197 basehttp "GET /media/profils/IMG-20220507-WA0018.jpg HTTP/1.1" 200 35474
INFO 2025-12-04 17:40:13,180 autoreload Watching for file changes with StatReloader
INFO 2025-12-04 17:41:27,995 basehttp "GET / HTTP/1.1" 200 16444
WARNING 2025-12-04 17:41:30,983 log Not Found: /favicon.ico
WARNING 2025-12-04 17:41:30,984 basehttp "GET /favicon.ico HTTP/1.1" 404 4175
INFO 2025-12-04 17:41:38,103 basehttp "GET / HTTP/1.1" 302 0
INFO 2025-12-04 17:41:41,223 basehttp "GET /dashboard/department_head/ HTTP/1.1" 200 51025
INFO 2025-12-04 17:41:41,318 basehttp "GET /static/css/dashboard/dashboard.css HTTP/1.1" 200 19647
INFO 2025-12-04 17:41:42,361 basehttp "GET /static/js/dashboard/dashboard.js HTTP/1.1" 200 22935
INFO 2025-12-04 17:41:43,124 basehttp "GET /static/js/dashboard/components.js HTTP/1.1" 200 28077
INFO 2025-12-04 17:41:43,988 basehttp "GET /media/profils/IMG_20211223_151546_741.jpg HTTP/1.1" 200 2749121
INFO 2025-12-04 17:41:45,925 basehttp "GET / HTTP/1.1" 200 16444
WARNING 2025-12-04 17:41:49,840 log Not Found: /favicon.ico
WARNING 2025-12-04 17:41:49,841 basehttp "GET /favicon.ico HTTP/1.1" 404 4175
WARNING 2025-12-04 17:42:11,818 log Not Found: /favicon.ico
WARNING 2025-12-04 17:42:11,819 basehttp "GET /favicon.ico HTTP/1.1" 404 4175
INFO 2025-12-04 17:42:47,334 basehttp "GET /dashboard/department_head/teachers/ HTTP/1.1" 200 62119
INFO 2025-12-04 17:43:25,863 basehttp "GET /dashboard/department_head/ HTTP/1.1" 200 51025
INFO 2025-12-04 17:43:55,679 basehttp "POST /accounts/login/ HTTP/1.1" 302 0
INFO 2025-12-04 17:43:56,703 basehttp "GET /dashboard/department_head/ HTTP/1.1" 200 51025
INFO 2025-12-04 17:43:56,905 basehttp "GET /static/css/dashboard/dashboard.css HTTP/1.1" 200 19647
INFO 2025-12-04 17:43:57,248 basehttp "GET /static/js/dashboard/components.js HTTP/1.1" 200 28077
INFO 2025-12-04 17:43:58,643 basehttp "GET /static/js/dashboard/dashboard.js HTTP/1.1" 200 22935
INFO 2025-12-04 17:44:17,904 basehttp "GET /media/profils/IMG_20211223_151546_741.jpg HTTP/1.1" 200 2749121
INFO 2025-12-04 17:44:47,873 basehttp "POST /accounts/login/ HTTP/1.1" 302 0
INFO 2025-12-04 17:44:48,311 basehttp "GET /dashboard/department_head/ HTTP/1.1" 200 51025
INFO 2025-12-04 17:44:48,429 basehttp "GET /static/css/dashboard/dashboard.css HTTP/1.1" 200 19647
INFO 2025-12-04 17:44:48,454 basehttp "GET /static/js/dashboard/components.js HTTP/1.1" 200 28077
INFO 2025-12-04 17:44:48,998 basehttp "GET /static/js/dashboard/dashboard.js HTTP/1.1" 200 22935
INFO 2025-12-04 17:44:49,707 basehttp "GET /media/profils/IMG_20211223_151546_741.jpg HTTP/1.1" 200 2749121
INFO 2025-12-04 17:45:16,352 basehttp "GET /accounts/logout/ HTTP/1.1" 302 0
INFO 2025-12-04 17:45:16,362 basehttp "GET /accounts/login/ HTTP/1.1" 200 16697
INFO 2025-12-04 17:45:25,695 basehttp "GET /admin HTTP/1.1" 301 0
INFO 2025-12-04 17:45:25,971 basehttp "GET /admin/ HTTP/1.1" 302 0
INFO 2025-12-04 17:45:26,458 basehttp "GET /admin/login/?next=/admin/ HTTP/1.1" 200 4244
INFO 2025-12-04 17:45:26,547 basehttp "GET /static/admin/css/dark_mode.css HTTP/1.1" 200 2808
INFO 2025-12-04 17:45:26,549 basehttp "GET /static/admin/css/base.css HTTP/1.1" 200 22120
INFO 2025-12-04 17:45:26,846 basehttp "GET /static/admin/css/nav_sidebar.css HTTP/1.1" 200 2810
INFO 2025-12-04 17:45:26,979 basehttp "GET /static/admin/css/login.css HTTP/1.1" 200 951
INFO 2025-12-04 17:45:26,985 basehttp "GET /static/admin/css/responsive.css HTTP/1.1" 200 16565
INFO 2025-12-04 17:45:27,143 basehttp "GET /static/admin/js/nav_sidebar.js HTTP/1.1" 200 3063
INFO 2025-12-04 17:45:27,254 basehttp "GET /static/admin/js/theme.js HTTP/1.1" 200 1653
INFO 2025-12-04 17:45:54,958 basehttp "POST /admin/login/?next=/admin/ HTTP/1.1" 302 0
INFO 2025-12-04 17:45:55,859 basehttp "GET /admin/ HTTP/1.1" 200 41596
INFO 2025-12-04 17:45:55,999 basehttp "GET /static/admin/css/dashboard.css HTTP/1.1" 200 441
INFO 2025-12-04 17:45:56,117 basehttp "GET /static/admin/img/icon-addlink.svg HTTP/1.1" 200 331
INFO 2025-12-04 17:45:56,118 basehttp "GET /static/admin/img/icon-changelink.svg HTTP/1.1" 200 380
INFO 2025-12-04 17:45:56,136 basehttp "GET /static/admin/img/icon-deletelink.svg HTTP/1.1" 200 392
INFO 2025-12-04 17:46:32,527 basehttp "GET /admin/accounts/utilisateur/ HTTP/1.1" 200 36368
INFO 2025-12-04 17:46:32,618 basehttp "GET /static/admin/js/jquery.init.js HTTP/1.1" 200 347
INFO 2025-12-04 17:46:32,646 basehttp "GET /static/admin/js/admin/RelatedObjectLookups.js HTTP/1.1" 200 9777
INFO 2025-12-04 17:46:32,652 basehttp "GET /static/admin/js/urlify.js HTTP/1.1" 200 7887
INFO 2025-12-04 17:46:32,677 basehttp "GET /static/admin/js/vendor/jquery/jquery.js HTTP/1.1" 200 285314
INFO 2025-12-04 17:46:32,680 basehttp "GET /static/admin/js/core.js HTTP/1.1" 200 6208
INFO 2025-12-04 17:46:32,685 basehttp "GET /static/admin/css/changelists.css HTTP/1.1" 200 6878
INFO 2025-12-04 17:46:32,688 basehttp "GET /static/admin/js/actions.js HTTP/1.1" 200 8076
INFO 2025-12-04 17:46:32,904 basehttp "GET /static/admin/js/prepopulate.js HTTP/1.1" 200 1531
INFO 2025-12-04 17:46:33,363 basehttp "GET /static/admin/img/icon-yes.svg HTTP/1.1" 200 436
INFO 2025-12-04 17:46:33,364 basehttp "GET /static/admin/img/search.svg HTTP/1.1" 200 458
INFO 2025-12-04 17:46:33,410 basehttp "GET /static/admin/js/vendor/xregexp/xregexp.js HTTP/1.1" 200 325171
INFO 2025-12-04 17:46:34,521 basehttp "GET /static/admin/img/icon-viewlink.svg HTTP/1.1" 200 581
INFO 2025-12-04 17:46:34,523 basehttp "GET /static/admin/img/sorting-icons.svg HTTP/1.1" 200 1097
INFO 2025-12-04 17:46:34,460 basehttp "GET /admin/jsi18n/ HTTP/1.1" 200 8634
INFO 2025-12-04 17:46:34,886 basehttp "GET /static/admin/js/filters.js HTTP/1.1" 200 978
INFO 2025-12-04 17:46:35,796 basehttp "GET /static/admin/img/tooltag-add.svg HTTP/1.1" 200 331
INFO 2025-12-04 17:46:50,463 basehttp "GET /accounts/logout/ HTTP/1.1" 302 0
INFO 2025-12-04 17:46:51,151 basehttp "GET /accounts/login/ HTTP/1.1" 200 16697
INFO 2025-12-04 17:47:54,546 basehttp "POST /accounts/login/ HTTP/1.1" 200 16454
INFO 2025-12-04 17:47:57,378 basehttp "GET /admin/ HTTP/1.1" 200 41596
INFO 2025-12-04 17:48:48,407 autoreload E:\formis_app\_formis\apps\payments\admin.py changed, reloading.
INFO 2025-12-04 17:49:29,767 autoreload Watching for file changes with StatReloader
INFO 2025-12-04 17:49:52,643 autoreload E:\formis_app\_formis\apps\payments\admin.py changed, reloading.
INFO 2025-12-04 17:50:27,392 autoreload Watching for file changes with StatReloader
INFO 2025-12-04 17:50:41,387 basehttp "GET /admin/ HTTP/1.1" 200 41596
INFO 2025-12-04 17:51:37,056 basehttp "GET / HTTP/1.1" 200 16444
WARNING 2025-12-04 17:51:42,911 log Not Found: /favicon.ico
WARNING 2025-12-04 17:51:42,912 basehttp "GET /favicon.ico HTTP/1.1" 404 4175
INFO 2025-12-04 17:52:03,298 basehttp "POST /accounts/login/ HTTP/1.1" 302 0
INFO 2025-12-04 17:52:04,621 basehttp - Broken pipe from ('127.0.0.1', 59227)
INFO 2025-12-04 17:52:05,921 basehttp "GET /accounts/login/ HTTP/1.1" 302 0
INFO 2025-12-04 17:52:06,415 basehttp "GET /dashboard/admin/ HTTP/1.1" 200 67582
WARNING 2025-12-04 17:52:07,455 basehttp "GET /static/css/dashboard/admin.css HTTP/1.1" 404 1996
INFO 2025-12-04 17:52:08,498 basehttp "GET /media/profils/IMG-20220507-WA0018.jpg HTTP/1.1" 200 35474
INFO 2025-12-04 23:11:10,471 basehttp "GET /dashboard/admin/users/ HTTP/1.1" 200 109746
INFO 2025-12-04 23:11:11,105 basehttp "GET /media/profils/IMG-20220507-WA0018.jpg HTTP/1.1" 200 35474
INFO 2025-12-04 23:11:12,298 basehttp "GET /media/profils/IMG-20220507-WA0030_qeI1OYS.jpg HTTP/1.1" 200 47619
INFO 2025-12-04 23:11:12,594 basehttp "GET /media/profils/IMG-20220507-WA0015.jpg HTTP/1.1" 200 25481
INFO 2025-12-04 23:11:12,742 basehttp "GET /media/profils/IMG_20211223_151546_741.jpg HTTP/1.1" 200 2749121
INFO 2025-12-04 23:11:34,139 basehttp "GET /dashboard/admin/students/ HTTP/1.1" 200 86977
INFO 2025-12-04 23:11:34,704 basehttp "GET /static/js/dashboard/dashboard.js HTTP/1.1" 200 22935
INFO 2025-12-04 23:11:34,711 basehttp "GET /static/js/dashboard/components.js HTTP/1.1" 200 28077
INFO 2025-12-04 23:58:39,500 basehttp "GET /dashboard/department_head/ HTTP/1.1" 200 51025
INFO 2025-12-04 23:58:39,863 basehttp "GET /media/profils/IMG_20211223_151546_741.jpg HTTP/1.1" 200 2749121
INFO 2025-12-06 11:03:06,475 autoreload Watching for file changes with StatReloader
INFO 2025-12-06 11:04:05,014 basehttp "GET / HTTP/1.1" 302 0
INFO 2025-12-06 11:04:05,381 basehttp "GET /dashboard/department_head/ HTTP/1.1" 200 51025
INFO 2025-12-06 11:04:05,467 basehttp "GET /static/css/dashboard/dashboard.css HTTP/1.1" 200 19647
INFO 2025-12-06 11:04:05,475 basehttp "GET /static/js/dashboard/dashboard.js HTTP/1.1" 200 22935
INFO 2025-12-06 11:04:05,691 basehttp "GET /media/profils/IMG_20211223_151546_741.jpg HTTP/1.1" 200 2749121
INFO 2025-12-06 11:04:05,706 basehttp "GET /static/js/dashboard/components.js HTTP/1.1" 200 28077
WARNING 2025-12-06 11:04:06,815 log Not Found: /favicon.ico
WARNING 2025-12-06 11:04:06,816 basehttp "GET /favicon.ico HTTP/1.1" 404 4175
INFO 2025-12-06 11:04:29,646 basehttp "GET / HTTP/1.1" 302 0
INFO 2025-12-06 11:04:30,098 basehttp "GET /dashboard/admin/ HTTP/1.1" 200 67619
WARNING 2025-12-06 11:04:30,180 basehttp "GET /static/css/dashboard/admin.css HTTP/1.1" 404 1996
INFO 2025-12-06 11:04:30,180 basehttp "GET /static/css/dashboard/dashboard.css HTTP/1.1" 200 19647
INFO 2025-12-06 11:04:30,183 basehttp "GET /static/js/dashboard/dashboard.js HTTP/1.1" 200 22935
INFO 2025-12-06 11:04:30,305 basehttp "GET /media/profils/IMG-20220507-WA0018.jpg HTTP/1.1" 200 35474
INFO 2025-12-06 11:04:30,354 basehttp "GET /static/js/dashboard/components.js HTTP/1.1" 200 28077
WARNING 2025-12-06 11:04:31,204 log Not Found: /favicon.ico
WARNING 2025-12-06 11:04:31,205 basehttp "GET /favicon.ico HTTP/1.1" 404 4175
INFO 2025-12-06 11:04:37,939 basehttp "GET /dashboard/admin/comptables/ HTTP/1.1" 200 86541
INFO 2025-12-06 11:05:07,172 basehttp "GET /accounts/login/ HTTP/1.1" 302 0
INFO 2025-12-06 11:05:07,364 basehttp "GET /dashboard/department_head/ HTTP/1.1" 200 51025
INFO 2025-12-06 11:05:07,444 basehttp "GET /static/js/dashboard/dashboard.js HTTP/1.1" 200 22935
INFO 2025-12-06 11:05:07,444 basehttp "GET /static/css/dashboard/dashboard.css HTTP/1.1" 200 19647
INFO 2025-12-06 11:05:07,498 basehttp "GET /static/js/dashboard/components.js HTTP/1.1" 200 28077
INFO 2025-12-06 11:05:07,534 basehttp "GET /static/js/dashboard/dashboard.js HTTP/1.1" 200 22935
INFO 2025-12-06 11:05:07,544 basehttp "GET /static/js/dashboard/components.js HTTP/1.1" 200 28077
INFO 2025-12-06 11:05:07,668 basehttp "GET /media/profils/IMG_20211223_151546_741.jpg HTTP/1.1" 200 2749121
WARNING 2025-12-06 11:05:08,465 log Not Found: /favicon.ico
WARNING 2025-12-06 11:05:08,467 basehttp "GET /favicon.ico HTTP/1.1" 404 4175
INFO 2025-12-06 11:05:11,235 basehttp "GET /accounts/logout/ HTTP/1.1" 302 0
INFO 2025-12-06 11:05:11,274 basehttp "GET /accounts/login/ HTTP/1.1" 200 16596
INFO 2025-12-06 11:06:50,987 basehttp "POST /accounts/login/ HTTP/1.1" 200 16454
INFO 2025-12-06 11:07:01,722 basehttp "POST /accounts/login/ HTTP/1.1" 200 16454
INFO 2025-12-06 11:07:31,449 basehttp "POST /accounts/login/ HTTP/1.1" 302 0
INFO 2025-12-06 11:07:31,742 basehttp "GET /dashboard/comptable/ HTTP/1.1" 200 60892
INFO 2025-12-06 11:07:31,833 basehttp "GET /static/images/default-avatar.jpg HTTP/1.1" 200 99373
INFO 2025-12-06 11:07:55,690 basehttp "GET /dashboard/comptable/ HTTP/1.1" 200 60892
INFO 2025-12-06 11:07:57,523 basehttp "GET /dashboard/comptable/paiements/ HTTP/1.1" 200 48649
INFO 2025-12-06 11:08:00,780 basehttp "GET /dashboard/comptable/factures/ HTTP/1.1" 200 47399
INFO 2025-12-06 11:08:06,166 basehttp "GET /accounting/factures/creer/ HTTP/1.1" 200 49156
INFO 2025-12-06 11:08:18,250 basehttp "GET /dashboard/comptable/depenses/ HTTP/1.1" 200 46753
INFO 2025-12-06 11:08:22,009 basehttp "GET /dashboard/comptable/ecritures/ HTTP/1.1" 200 46348
INFO 2025-12-06 11:08:27,856 basehttp "GET /dashboard/comptable/comptes/ HTTP/1.1" 200 82088
INFO 2025-12-06 11:08:49,769 basehttp "GET /dashboard/comptable/rapports/ HTTP/1.1" 200 51889
INFO 2025-12-06 11:08:55,152 basehttp "GET /dashboard/comptable/budget/ HTTP/1.1" 200 35719
INFO 2025-12-06 11:08:59,760 basehttp "GET /dashboard/comptable/exercices/ HTTP/1.1" 200 48056
INFO 2025-12-06 11:09:10,489 basehttp "GET /dashboard/comptable/ HTTP/1.1" 200 60892
INFO 2025-12-06 11:09:18,534 basehttp "GET /accounts/logout/ HTTP/1.1" 302 0
INFO 2025-12-06 11:09:18,545 basehttp "GET /accounts/login/ HTTP/1.1" 200 16689
INFO 2025-12-06 11:32:28,926 basehttp "GET /dashboard/admin/ HTTP/1.1" 200 67619
WARNING 2025-12-06 11:32:29,101 basehttp "GET /static/css/dashboard/admin.css HTTP/1.1" 404 1996
INFO 2025-12-06 11:32:51,225 basehttp "POST /accounts/login/ HTTP/1.1" 302 0
INFO 2025-12-06 11:32:51,584 basehttp "GET /dashboard/comptable/ HTTP/1.1" 200 60892
INFO 2025-12-06 11:37:15,682 basehttp "GET /dashboard/admin/students/ HTTP/1.1" 200 86977
INFO 2025-12-06 11:37:16,368 basehttp "GET /media/profils/IMG-20220507-WA0030_qeI1OYS.jpg HTTP/1.1" 200 47619
INFO 2025-12-06 11:38:09,793 basehttp "GET /dashboard/comptable/paiements/ HTTP/1.1" 200 48649
INFO 2025-12-06 11:38:49,898 basehttp "GET /dashboard/comptable/ HTTP/1.1" 200 60892
INFO 2025-12-06 11:38:52,750 basehttp "GET /dashboard/comptable/paiements/ HTTP/1.1" 200 48649
INFO 2025-12-06 11:40:23,106 basehttp "GET /dashboard/comptable/factures/ HTTP/1.1" 200 47399
INFO 2025-12-06 11:41:22,541 basehttp "GET /payments/students/c8650759-c373-467e-86c3-7a50585be1f6/ HTTP/1.1" 200 94320
INFO 2025-12-06 11:42:01,304 basehttp "GET /accounting/factures/creer/ HTTP/1.1" 200 49156
INFO 2025-12-06 11:46:28,214 basehttp "GET /dashboard/comptable/depenses/ HTTP/1.1" 200 46753
INFO 2025-12-06 11:47:26,197 basehttp "GET /dashboard/comptable/factures/ HTTP/1.1" 200 47399
INFO 2025-12-06 11:48:39,721 basehttp "GET /accounting/factures/creer/ HTTP/1.1" 200 49156
INFO 2025-12-06 11:50:26,773 basehttp "GET /dashboard/comptable/factures/ HTTP/1.1" 200 47399
INFO 2025-12-06 11:53:12,109 ligdicash ============================================================
INFO 2025-12-06 11:53:12,903 ligdicash ============================================================
INFO 2025-12-06 11:53:12,907 ligdicash [CONFIG] NGROK_URL: https://expectingly-yellowish-winter.ngrok-free.dev
INFO 2025-12-06 11:53:12,907 ligdicash [CONFIG] USE_NGROK: True
INFO 2025-12-06 11:53:13,179 ligdicash ------------------------------------------------------------
INFO 2025-12-06 11:53:13,474 ligdicash ------------------------------------------------------------
INFO 2025-12-06 11:53:13,528 basehttp "POST /dashboard/admin/students/c8650759-c373-467e-86c3-7a50585be1f6/initier-paiement/ HTTP/1.1" 200 240
INFO 2025-12-06 11:53:13,867 ligdicash ============================================================
INFO 2025-12-06 11:53:13,986 ligdicash ============================================================
INFO 2025-12-06 11:53:13,986 ligdicash [CONFIG] NGROK_URL: https://expectingly-yellowish-winter.ngrok-free.dev
INFO 2025-12-06 11:53:13,986 ligdicash [CONFIG] USE_NGROK: True
INFO 2025-12-06 11:53:14,041 ligdicash ------------------------------------------------------------
INFO 2025-12-06 11:53:14,468 ligdicash ------------------------------------------------------------
INFO 2025-12-06 11:53:14,468 ligdicash ============================================================
INFO 2025-12-06 11:53:14,469 ligdicash LIGDICASH API CALL
INFO 2025-12-06 11:53:14,470 ligdicash ============================================================
INFO 2025-12-06 11:53:14,470 ligdicash [PARAMS] Parametres d'entree:
INFO 2025-12-06 11:53:14,471 ligdicash   - paiement_id: a082d4c0-4dec-4d00-adad-15428a2c2631
INFO 2025-12-06 11:53:14,471 ligdicash   - montant: 300000.00
INFO 2025-12-06 11:53:14,472 ligdicash   - email_client: roxi07@gmail.com
INFO 2025-12-06 11:53:14,514 ligdicash   - nom_client: Patricia Nombré
INFO 2025-12-06 11:53:14,516 ligdicash [URLS] URLs de callback:
INFO 2025-12-06 11:53:14,516 ligdicash   - url_retour_succes: https://expectingly-yellowish-winter.ngrok-free.dev/payments/ligdicash/success/a082d4c0-4dec-4d00-adad-15428a2c2631/
INFO 2025-12-06 11:53:14,517 ligdicash   - url_retour_echec: https://expectingly-yellowish-winter.ngrok-free.dev/payments/ligdicash/error/a082d4c0-4dec-4d00-adad-15428a2c2631/
INFO 2025-12-06 11:53:14,517 ligdicash   - url_callback: https://expectingly-yellowish-winter.ngrok-free.dev/payments/webhook/ligdicash/
INFO 2025-12-06 11:53:14,518 ligdicash [PAYLOAD] Payload construit
INFO 2025-12-06 11:53:14,518 ligdicash ------------------------------------------------------------
INFO 2025-12-06 11:53:14,519 ligdicash {
  "invoice": {
    "items": [
      {
        "name": "Paiement tranche 2 - Patricia Nombré",
        "description": "Paiement tranche 2 - Patricia Nombré",
        "quantity": 1,
        "unit_price": "300000",
        "total_price": "300000"
      }
    ],
    "total_amount": "300000",
    "devise": "XOF",
    "description": "Paiement tranche 2 - Patricia Nombré",
    "customer": "Patricia Nombré",
    "customer_email": "roxi07@gmail.com",
    "external_id": "a082d4c0-4dec-4d00-adad-15428a2c2631"
  },
  "store": {
    "name": "FORMIS",
    "website_url": "https://expectingly-yellowish-winter.ngrok-free.dev"
  },
  "actions": {
    "cancel_url": "https://expectingly-yellowish-winter.ngrok-free.dev/payments/ligdicash/error/a082d4c0-4dec-4d00-adad-15428a2c2631/",
    "return_url": "https://expectingly-yellowish-winter.ngrok-free.dev/payments/ligdicash/success/a082d4c0-4dec-4d00-adad-15428a2c2631/",
    "callback_url": "https://expectingly-yellowish-winter.ngrok-free.dev/payments/webhook/ligdicash/"
  }
}
INFO 2025-12-06 11:53:14,520 ligdicash ------------------------------------------------------------
INFO 2025-12-06 11:53:14,521 ligdicash [API] POST vers: https://client.ligdicash.com/pay/v01/redirect/checkout-invoice/create
INFO 2025-12-06 11:53:14,522 ligdicash [API] Envoi...
ERROR 2025-12-06 11:53:35,836 ligdicash [ERROR] Timeout lors de l'appel API
INFO 2025-12-06 11:53:35,851 basehttp "GET /payments/ligdicash/payer/a082d4c0-4dec-4d00-adad-15428a2c2631/ HTTP/1.1" 302 0
INFO 2025-12-06 11:53:36,011 basehttp "GET /dashboard/ HTTP/1.1" 302 0
INFO 2025-12-06 11:53:36,310 basehttp "GET /dashboard/admin/ HTTP/1.1" 200 67607
WARNING 2025-12-06 11:53:36,486 basehttp "GET /static/css/dashboard/admin.css HTTP/1.1" 404 1996
INFO 2025-12-06 11:53:36,904 basehttp "GET /media/profils/IMG-20220507-WA0018.jpg HTTP/1.1" 200 35474
INFO 2025-12-06 11:57:54,669 basehttp "GET /dashboard/comptable/factures/ HTTP/1.1" 200 47399
INFO 2025-12-06 11:58:14,000 basehttp "GET /dashboard/admin/ HTTP/1.1" 200 67608
WARNING 2025-12-06 11:58:14,285 basehttp "GET /static/css/dashboard/admin.css HTTP/1.1" 404 1996
INFO 2025-12-06 11:58:24,145 basehttp "GET /dashboard/admin/students/ HTTP/1.1" 200 87448
INFO 2025-12-06 11:58:24,592 basehttp "GET /media/profils/IMG-20220507-WA0018.jpg HTTP/1.1" 200 35474
INFO 2025-12-06 11:58:34,918 basehttp "GET /payments/students/c8650759-c373-467e-86c3-7a50585be1f6/ HTTP/1.1" 200 96351
INFO 2025-12-06 11:58:42,660 ligdicash ============================================================
INFO 2025-12-06 11:58:42,709 ligdicash ============================================================
INFO 2025-12-06 11:58:42,710 ligdicash [CONFIG] NGROK_URL: https://expectingly-yellowish-winter.ngrok-free.dev
INFO 2025-12-06 11:58:42,711 ligdicash [CONFIG] USE_NGROK: True
INFO 2025-12-06 11:58:42,756 ligdicash ------------------------------------------------------------
INFO 2025-12-06 11:58:42,915 ligdicash ------------------------------------------------------------
INFO 2025-12-06 11:58:42,917 basehttp "POST /dashboard/admin/students/c8650759-c373-467e-86c3-7a50585be1f6/initier-paiement/ HTTP/1.1" 200 240
INFO 2025-12-06 11:58:43,195 ligdicash ============================================================
INFO 2025-12-06 11:58:43,208 ligdicash ============================================================
INFO 2025-12-06 11:58:43,209 ligdicash [CONFIG] NGROK_URL: https://expectingly-yellowish-winter.ngrok-free.dev
INFO 2025-12-06 11:58:43,209 ligdicash [CONFIG] USE_NGROK: True
INFO 2025-12-06 11:58:43,277 ligdicash ------------------------------------------------------------
INFO 2025-12-06 11:58:43,673 ligdicash ------------------------------------------------------------
INFO 2025-12-06 11:58:43,674 ligdicash ============================================================
INFO 2025-12-06 11:58:43,675 ligdicash LIGDICASH API CALL
INFO 2025-12-06 11:58:43,676 ligdicash ============================================================
INFO 2025-12-06 11:58:43,732 ligdicash [PARAMS] Parametres d'entree:
INFO 2025-12-06 11:58:43,733 ligdicash   - paiement_id: 327bb457-21f7-4dd0-aa0f-36cf11f2de85
INFO 2025-12-06 11:58:43,734 ligdicash   - montant: 300000.00
INFO 2025-12-06 11:58:43,735 ligdicash   - email_client: roxi07@gmail.com
INFO 2025-12-06 11:58:43,736 ligdicash   - nom_client: Patricia Nombré
INFO 2025-12-06 11:58:43,736 ligdicash [URLS] URLs de callback:
INFO 2025-12-06 11:58:43,737 ligdicash   - url_retour_succes: https://expectingly-yellowish-winter.ngrok-free.dev/payments/ligdicash/success/327bb457-21f7-4dd0-aa0f-36cf11f2de85/
INFO 2025-12-06 11:58:43,738 ligdicash   - url_retour_echec: https://expectingly-yellowish-winter.ngrok-free.dev/payments/ligdicash/error/327bb457-21f7-4dd0-aa0f-36cf11f2de85/
INFO 2025-12-06 11:58:43,740 ligdicash   - url_callback: https://expectingly-yellowish-winter.ngrok-free.dev/payments/webhook/ligdicash/
INFO 2025-12-06 11:58:43,741 ligdicash [PAYLOAD] Payload construit
INFO 2025-12-06 11:58:43,742 ligdicash ------------------------------------------------------------
INFO 2025-12-06 11:58:43,743 ligdicash {
  "invoice": {
    "items": [
      {
        "name": "Paiement tranche 2 - Patricia Nombré",
        "description": "Paiement tranche 2 - Patricia Nombré",
        "quantity": 1,
        "unit_price": "300000",
        "total_price": "300000"
      }
    ],
    "total_amount": "300000",
    "devise": "XOF",
    "description": "Paiement tranche 2 - Patricia Nombré",
    "customer": "Patricia Nombré",
    "customer_email": "roxi07@gmail.com",
    "external_id": "327bb457-21f7-4dd0-aa0f-36cf11f2de85"
  },
  "store": {
    "name": "FORMIS",
    "website_url": "https://expectingly-yellowish-winter.ngrok-free.dev"
  },
  "actions": {
    "cancel_url": "https://expectingly-yellowish-winter.ngrok-free.dev/payments/ligdicash/error/327bb457-21f7-4dd0-aa0f-36cf11f2de85/",
    "return_url": "https://expectingly-yellowish-winter.ngrok-free.dev/payments/ligdicash/success/327bb457-21f7-4dd0-aa0f-36cf11f2de85/",
    "callback_url": "https://expectingly-yellowish-winter.ngrok-free.dev/payments/webhook/ligdicash/"
  }
}
INFO 2025-12-06 11:58:43,748 ligdicash ------------------------------------------------------------
INFO 2025-12-06 11:58:43,749 ligdicash [API] POST vers: https://client.ligdicash.com/pay/v01/redirect/checkout-invoice/create
INFO 2025-12-06 11:58:43,750 ligdicash [API] Envoi...
INFO 2025-12-06 11:58:46,774 ligdicash [API] Reponse recue - Status: 200
INFO 2025-12-06 11:58:46,786 ligdicash [RESPONSE] JSON parse OK
INFO 2025-12-06 11:58:46,787 ligdicash ------------------------------------------------------------
INFO 2025-12-06 11:58:46,788 ligdicash {
  "response_code": "00",
  "token": "eyJ0eXAiOiJKV1QiLCJhbGciOiJIUzI1NiJ9.eyJpZF9pbnZvaWNlIjoiNzM0MTI4MzMiLCJzdGFydF9kYXRlIjoiMjAyNS0xMi0wNiAxMTo1ODo0NyIsImV4cGlyeV9kYXRlIjoxNzY1MTA4NzI3fQ.Sn9jRNDiAo2k38U2jtkrXxda_Ou4MPJGEp_TyucfsJI",
  "response_text": "https://client.ligdicash.com/directpayment/invoice/eyJ0eXAiOiJKV1QiLCJhbGciOiJIUzI1NiJ9.eyJpZF9pbnZvaWNlIjoiNzM0MTI4MzMiLCJzdGFydF9kYXRlIjoiMjAyNS0xMi0wNiAxMTo1ODo0NyIsImV4cGlyeV9kYXRlIjoxNzY1MTA4NzI3fQ.Sn9jRNDiAo2k38U2jtkrXxda_Ou4MPJGEp_TyucfsJI",
  "description": "",
  "custom_data": {
    "logfile": "2025120611584769341a77d5d48"
  },
  "wiki": "https://client.ligdicash.com/wiki/createInvoice"
}
INFO 2025-12-06 11:58:46,789 ligdicash ------------------------------------------------------------
INFO 2025-12-06 11:58:46,791 ligdicash [RESPONSE] response_code: 00
INFO 2025-12-06 11:58:46,792 ligdicash [RESPONSE] response_text: https://client.ligdicash.com/directpayment/invoice/eyJ0eXAiOiJKV1QiLCJhbGciOiJIUzI1NiJ9.eyJpZF9pbnZvaWNlIjoiNzM0MTI4MzMiLCJzdGFydF9kYXRlIjoiMjAyNS0xMi0wNiAxMTo1ODo0NyIsImV4cGlyeV9kYXRlIjoxNzY1MTA4NzI3fQ.Sn9jRNDiAo2k38U2jtkrXxda_Ou4MPJGEp_TyucfsJI
INFO 2025-12-06 11:58:46,792 ligdicash [RESPONSE] description: 
INFO 2025-12-06 11:58:46,793 ligdicash [SUCCESS] Token: eyJ0eXAiOiJKV1QiLCJhbGciOiJIUzI1NiJ9.eyJpZF9pbnZvaWNlIjoiNzM0MTI4MzMiLCJzdGFydF9kYXRlIjoiMjAyNS0xMi0wNiAxMTo1ODo0NyIsImV4cGlyeV9kYXRlIjoxNzY1MTA4NzI3fQ.Sn9jRNDiAo2k38U2jtkrXxda_Ou4MPJGEp_TyucfsJI
INFO 2025-12-06 11:58:46,794 ligdicash [SUCCESS] Payment URL: https://client.ligdicash.com/directpayment/invoice/eyJ0eXAiOiJKV1QiLCJhbGciOiJIUzI1NiJ9.eyJpZF9pbnZvaWNlIjoiNzM0MTI4MzMiLCJzdGFydF9kYXRlIjoiMjAyNS0xMi0wNiAxMTo1ODo0NyIsImV4cGlyeV9kYXRlIjoxNzY1MTA4NzI3fQ.Sn9jRNDiAo2k38U2jtkrXxda_Ou4MPJGEp_TyucfsJI
INFO 2025-12-06 11:58:46,818 basehttp "GET /payments/ligdicash/payer/327bb457-21f7-4dd0-aa0f-36cf11f2de85/ HTTP/1.1" 302 0
INFO 2025-12-06 11:59:21,213 basehttp "GET /dashboard/comptable/depenses/ HTTP/1.1" 200 46753
INFO 2025-12-06 11:59:22,990 basehttp "GET /dashboard/comptable/ecritures/ HTTP/1.1" 200 46348
INFO 2025-12-06 11:59:25,327 basehttp "GET /dashboard/comptable/ HTTP/1.1" 200 62974
INFO 2025-12-06 12:01:01,167 basehttp "GET /dashboard/admin/students/ HTTP/1.1" 200 86977
INFO 2025-12-06 12:01:28,604 basehttp "GET /dashboard/admin/candidatures/ HTTP/1.1" 200 75122
INFO 2025-12-06 12:01:29,204 basehttp "GET /static/js/dashboard/dashboard.js HTTP/1.1" 200 22935
INFO 2025-12-06 12:01:29,207 basehttp "GET /static/js/dashboard/components.js HTTP/1.1" 200 28077
INFO 2025-12-06 12:01:44,211 basehttp "GET /dashboard/admin/students/ HTTP/1.1" 200 86977
INFO 2025-12-06 12:01:50,070 basehttp "GET /payments/students/c8650759-c373-467e-86c3-7a50585be1f6/ HTTP/1.1" 200 98405
INFO 2025-12-06 12:01:54,631 ligdicash ============================================================
INFO 2025-12-06 12:01:54,699 ligdicash ============================================================
INFO 2025-12-06 12:01:54,700 ligdicash [CONFIG] NGROK_URL: https://expectingly-yellowish-winter.ngrok-free.dev
INFO 2025-12-06 12:01:54,700 ligdicash [CONFIG] USE_NGROK: True
INFO 2025-12-06 12:01:54,769 ligdicash ------------------------------------------------------------
INFO 2025-12-06 12:01:54,976 ligdicash ------------------------------------------------------------
INFO 2025-12-06 12:01:54,978 basehttp "POST /dashboard/admin/students/c8650759-c373-467e-86c3-7a50585be1f6/initier-paiement/ HTTP/1.1" 200 240
INFO 2025-12-06 12:01:55,266 ligdicash ============================================================
INFO 2025-12-06 12:01:55,273 ligdicash ============================================================
INFO 2025-12-06 12:01:55,274 ligdicash [CONFIG] NGROK_URL: https://expectingly-yellowish-winter.ngrok-free.dev
INFO 2025-12-06 12:01:55,274 ligdicash [CONFIG] USE_NGROK: True
INFO 2025-12-06 12:01:55,279 ligdicash ------------------------------------------------------------
INFO 2025-12-06 12:01:55,386 ligdicash ------------------------------------------------------------
INFO 2025-12-06 12:01:55,387 ligdicash ============================================================
INFO 2025-12-06 12:01:55,387 ligdicash LIGDICASH API CALL
INFO 2025-12-06 12:01:55,387 ligdicash ============================================================
INFO 2025-12-06 12:01:55,388 ligdicash [PARAMS] Parametres d'entree:
INFO 2025-12-06 12:01:55,388 ligdicash   - paiement_id: 7da5ce5a-f359-47f4-8d0a-f1c5af8045ed
INFO 2025-12-06 12:01:55,388 ligdicash   - montant: 300000.00
INFO 2025-12-06 12:01:55,389 ligdicash   - email_client: roxi07@gmail.com
INFO 2025-12-06 12:01:55,389 ligdicash   - nom_client: Patricia Nombré
INFO 2025-12-06 12:01:55,389 ligdicash [URLS] URLs de callback:
INFO 2025-12-06 12:01:55,390 ligdicash   - url_retour_succes: https://expectingly-yellowish-winter.ngrok-free.dev/payments/ligdicash/success/7da5ce5a-f359-47f4-8d0a-f1c5af8045ed/
INFO 2025-12-06 12:01:55,390 ligdicash   - url_retour_echec: https://expectingly-yellowish-winter.ngrok-free.dev/payments/ligdicash/error/7da5ce5a-f359-47f4-8d0a-f1c5af8045ed/
INFO 2025-12-06 12:01:55,390 ligdicash   - url_callback: https://expectingly-yellowish-winter.ngrok-free.dev/payments/webhook/ligdicash/
INFO 2025-12-06 12:01:55,391 ligdicash [PAYLOAD] Payload construit
INFO 2025-12-06 12:01:55,391 ligdicash ------------------------------------------------------------
INFO 2025-12-06 12:01:55,391 ligdicash {
  "invoice": {
    "items": [
      {
        "name": "Paiement tranche 2 - Patricia Nombré",
        "description": "Paiement tranche 2 - Patricia Nombré",
        "quantity": 1,
        "unit_price": "300000",
        "total_price": "300000"
      }
    ],
    "total_amount": "300000",
    "devise": "XOF",
    "description": "Paiement tranche 2 - Patricia Nombré",
    "customer": "Patricia Nombré",
    "customer_email": "roxi07@gmail.com",
    "external_id": "7da5ce5a-f359-47f4-8d0a-f1c5af8045ed"
  },
  "store": {
    "name": "FORMIS",
    "website_url": "https://expectingly-yellowish-winter.ngrok-free.dev"
  },
  "actions": {
    "cancel_url": "https://expectingly-yellowish-winter.ngrok-free.dev/payments/ligdicash/error/7da5ce5a-f359-47f4-8d0a-f1c5af8045ed/",
    "return_url": "https://expectingly-yellowish-winter.ngrok-free.dev/payments/ligdicash/success/7da5ce5a-f359-47f4-8d0a-f1c5af8045ed/",
    "callback_url": "https://expectingly-yellowish-winter.ngrok-free.dev/payments/webhook/ligdicash/"
  }
}
INFO 2025-12-06 12:01:55,392 ligdicash ------------------------------------------------------------
INFO 2025-12-06 12:01:55,392 ligdicash [API] POST vers: https://client.ligdicash.com/pay/v01/redirect/checkout-invoice/create
INFO 2025-12-06 12:01:55,392 ligdicash [API] Envoi...
INFO 2025-12-06 12:01:57,577 ligdicash [API] Reponse recue - Status: 200
INFO 2025-12-06 12:01:57,579 ligdicash [RESPONSE] JSON parse OK
INFO 2025-12-06 12:01:57,580 ligdicash ------------------------------------------------------------
INFO 2025-12-06 12:01:57,581 ligdicash {
  "response_code": "00",
  "token": "eyJ0eXAiOiJKV1QiLCJhbGciOiJIUzI1NiJ9.eyJpZF9pbnZvaWNlIjoiNzM0MTMwMDQiLCJzdGFydF9kYXRlIjoiMjAyNS0xMi0wNiAxMjowMTo1OCIsImV4cGlyeV9kYXRlIjoxNzY1MTA4OTE4fQ.Su1-79oAZudMxh9ybq5wJR39pQYn8gmubBPmsKGtjV8",
  "response_text": "https://client.ligdicash.com/directpayment/invoice/eyJ0eXAiOiJKV1QiLCJhbGciOiJIUzI1NiJ9.eyJpZF9pbnZvaWNlIjoiNzM0MTMwMDQiLCJzdGFydF9kYXRlIjoiMjAyNS0xMi0wNiAxMjowMTo1OCIsImV4cGlyeV9kYXRlIjoxNzY1MTA4OTE4fQ.Su1-79oAZudMxh9ybq5wJR39pQYn8gmubBPmsKGtjV8",
  "description": "",
  "custom_data": {
    "logfile": "2025120612015869341b36d83a8"
  },
  "wiki": "https://client.ligdicash.com/wiki/createInvoice"
}
INFO 2025-12-06 12:01:57,582 ligdicash ------------------------------------------------------------
INFO 2025-12-06 12:01:57,582 ligdicash [RESPONSE] response_code: 00
INFO 2025-12-06 12:01:57,583 ligdicash [RESPONSE] response_text: https://client.ligdicash.com/directpayment/invoice/eyJ0eXAiOiJKV1QiLCJhbGciOiJIUzI1NiJ9.eyJpZF9pbnZvaWNlIjoiNzM0MTMwMDQiLCJzdGFydF9kYXRlIjoiMjAyNS0xMi0wNiAxMjowMTo1OCIsImV4cGlyeV9kYXRlIjoxNzY1MTA4OTE4fQ.Su1-79oAZudMxh9ybq5wJR39pQYn8gmubBPmsKGtjV8
INFO 2025-12-06 12:01:57,584 ligdicash [RESPONSE] description: 
INFO 2025-12-06 12:01:57,584 ligdicash [SUCCESS] Token: eyJ0eXAiOiJKV1QiLCJhbGciOiJIUzI1NiJ9.eyJpZF9pbnZvaWNlIjoiNzM0MTMwMDQiLCJzdGFydF9kYXRlIjoiMjAyNS0xMi0wNiAxMjowMTo1OCIsImV4cGlyeV9kYXRlIjoxNzY1MTA4OTE4fQ.Su1-79oAZudMxh9ybq5wJR39pQYn8gmubBPmsKGtjV8
INFO 2025-12-06 12:01:57,585 ligdicash [SUCCESS] Payment URL: https://client.ligdicash.com/directpayment/invoice/eyJ0eXAiOiJKV1QiLCJhbGciOiJIUzI1NiJ9.eyJpZF9pbnZvaWNlIjoiNzM0MTMwMDQiLCJzdGFydF9kYXRlIjoiMjAyNS0xMi0wNiAxMjowMTo1OCIsImV4cGlyeV9kYXRlIjoxNzY1MTA4OTE4fQ.Su1-79oAZudMxh9ybq5wJR39pQYn8gmubBPmsKGtjV8
INFO 2025-12-06 12:01:57,605 basehttp "GET /payments/ligdicash/payer/7da5ce5a-f359-47f4-8d0a-f1c5af8045ed/ HTTP/1.1" 302 0
INFO 2025-12-06 12:02:19,910 basehttp "GET /dashboard/comptable/factures/ HTTP/1.1" 200 47399
INFO 2025-12-06 12:02:23,709 basehttp "GET /dashboard/comptable/depenses/ HTTP/1.1" 200 46753
INFO 2025-12-06 12:02:32,323 basehttp "GET /dashboard/comptable/ecritures/ HTTP/1.1" 200 46348
INFO 2025-12-06 12:02:36,375 basehttp "GET /accounting/ecritures/creer/ HTTP/1.1" 200 0
INFO 2025-12-06 12:02:48,082 basehttp "GET /dashboard/comptable/ecritures/ HTTP/1.1" 200 46348
INFO 2025-12-06 12:03:00,070 basehttp "GET /dashboard/comptable/comptes/ HTTP/1.1" 200 82088
INFO 2025-12-06 12:03:27,501 basehttp "GET /dashboard/comptable/rapports/ HTTP/1.1" 200 51889
INFO 2025-12-06 12:03:42,119 basehttp "GET /dashboard/comptable/rapports/balance/?date_debut=2025-12-01&date_fin=2025-12-06&format=view HTTP/1.1" 200 46233
INFO 2025-12-06 12:04:08,116 basehttp "GET /dashboard/comptable/rapports/ HTTP/1.1" 200 51889
INFO 2025-12-06 12:04:17,961 basehttp "GET /dashboard/comptable/budget/ HTTP/1.1" 200 35719
INFO 2025-12-06 12:04:27,231 basehttp "GET /dashboard/comptable/exercices/ HTTP/1.1" 200 48056
INFO 2025-12-06 12:04:45,138 basehttp "GET /dashboard/comptable/ HTTP/1.1" 200 62979
INFO 2025-12-06 12:11:18,968 basehttp "GET /dashboard/department_head/ HTTP/1.1" 200 51025
INFO 2025-12-16 19:14:32,541 autoreload Watching for file changes with StatReloader
INFO 2025-12-16 19:14:48,607 basehttp "GET / HTTP/1.1" 200 16444
WARNING 2025-12-16 19:14:50,320 log Not Found: /favicon.ico
WARNING 2025-12-16 19:14:50,333 basehttp "GET /favicon.ico HTTP/1.1" 404 4175
INFO 2025-12-16 19:15:00,427 basehttp "GET / HTTP/1.1" 200 16444
INFO 2025-12-16 19:15:01,340 basehttp "POST /accounts/login/ HTTP/1.1" 302 0
INFO 2025-12-16 19:15:01,919 basehttp "GET /dashboard/comptable/ HTTP/1.1" 200 63008
INFO 2025-12-16 19:15:02,051 basehttp "GET /static/css/dashboard/dashboard.css HTTP/1.1" 200 19647
INFO 2025-12-16 19:15:02,056 basehttp "GET /static/js/dashboard/dashboard.js HTTP/1.1" 200 22935
INFO 2025-12-16 19:15:02,100 basehttp "GET /static/js/dashboard/components.js HTTP/1.1" 200 28077
INFO 2025-12-16 19:15:02,118 basehttp "GET /static/images/default-avatar.jpg HTTP/1.1" 200 99373
WARNING 2025-12-16 19:15:02,256 log Not Found: /favicon.ico
WARNING 2025-12-16 19:15:02,266 basehttp "GET /favicon.ico HTTP/1.1" 404 4175
INFO 2025-12-16 19:15:02,536 basehttp "GET /static/js/dashboard/dashboard.js HTTP/1.1" 200 22935
INFO 2025-12-16 19:15:02,536 basehttp "GET /static/js/dashboard/components.js HTTP/1.1" 200 28077
INFO 2025-12-16 19:15:10,625 basehttp "POST /accounts/login/ HTTP/1.1" 302 0
INFO 2025-12-16 19:15:10,984 basehttp "GET /dashboard/admin/ HTTP/1.1" 200 67666
INFO 2025-12-16 19:15:11,025 basehttp "GET /static/css/dashboard/dashboard.css HTTP/1.1" 200 19647
WARNING 2025-12-16 19:15:11,141 basehttp "GET /static/css/dashboard/admin.css HTTP/1.1" 404 1996
INFO 2025-12-16 19:15:11,143 basehttp "GET /static/js/dashboard/dashboard.js HTTP/1.1" 200 22935
INFO 2025-12-16 19:15:11,158 basehttp "GET /static/js/dashboard/components.js HTTP/1.1" 200 28077
INFO 2025-12-16 19:15:11,285 basehttp "GET /media/profils/IMG-20220507-WA0018.jpg HTTP/1.1" 200 35474
INFO 2025-12-16 19:15:11,813 basehttp "GET /static/js/dashboard/dashboard.js HTTP/1.1" 200 22935
INFO 2025-12-16 19:15:11,814 basehttp "GET /static/js/dashboard/components.js HTTP/1.1" 200 28077
INFO 2025-12-16 19:15:20,591 basehttp "GET /accounts/logout/ HTTP/1.1" 302 0
INFO 2025-12-16 19:15:20,606 basehttp "GET /accounts/login/ HTTP/1.1" 200 16689
INFO 2025-12-16 19:16:20,163 basehttp "GET /dashboard/admin/ HTTP/1.1" 200 67666
WARNING 2025-12-16 19:16:20,385 basehttp "GET /static/css/dashboard/admin.css HTTP/1.1" 404 1996
INFO 2025-12-16 22:49:34,580 autoreload Watching for file changes with StatReloader
INFO 2025-12-16 22:51:31,522 autoreload Watching for file changes with StatReloader
INFO 2025-12-16 22:52:34,437 basehttp "GET /dashboard/admin/ HTTP/1.1" 200 67666
WARNING 2025-12-16 22:52:34,575 basehttp "GET /static/css/dashboard/admin.css HTTP/1.1" 404 1996
INFO 2025-12-16 22:53:06,212 basehttp "GET / HTTP/1.1" 200 16444
WARNING 2025-12-16 22:53:07,927 log Not Found: /favicon.ico
WARNING 2025-12-16 22:53:07,928 basehttp "GET /favicon.ico HTTP/1.1" 404 4175
INFO 2025-12-18 21:42:08,338 autoreload Watching for file changes with StatReloader
INFO 2025-12-18 22:07:35,921 basehttp - Broken pipe from ('127.0.0.1', 51539)
INFO 2025-12-18 22:07:37,315 basehttp "GET / HTTP/1.1" 200 16444
WARNING 2025-12-18 22:07:38,991 log Not Found: /favicon.ico
WARNING 2025-12-18 22:07:38,994 basehttp "GET /favicon.ico HTTP/1.1" 404 4175
INFO 2025-12-18 22:07:56,975 basehttp "GET / HTTP/1.1" 302 0
INFO 2025-12-18 22:07:57,613 basehttp "GET /dashboard/admin/ HTTP/1.1" 200 67646
INFO 2025-12-18 22:07:57,851 basehttp "GET /static/css/dashboard/dashboard.css HTTP/1.1" 200 19647
WARNING 2025-12-18 22:07:57,887 basehttp "GET /static/css/dashboard/admin.css HTTP/1.1" 404 1996
INFO 2025-12-18 22:07:57,945 basehttp "GET /static/js/dashboard/dashboard.js HTTP/1.1" 200 22935
INFO 2025-12-18 22:07:58,074 basehttp "GET /media/profils/IMG-20220507-WA0018.jpg HTTP/1.1" 200 35474
INFO 2025-12-18 22:07:58,131 basehttp "GET /static/js/dashboard/components.js HTTP/1.1" 200 28077
WARNING 2025-12-18 22:08:00,361 log Not Found: /favicon.ico
WARNING 2025-12-18 22:08:00,362 basehttp "GET /favicon.ico HTTP/1.1" 404 4175
INFO 2025-12-22 23:56:35,393 autoreload Watching for file changes with StatReloader
INFO 2025-12-22 23:59:52,075 basehttp "GET /dashboard/admin/ HTTP/1.1" 200 67642
WARNING 2025-12-22 23:59:52,185 basehttp "GET /static/css/dashboard/admin.css HTTP/1.1" 404 1996
INFO 2025-12-23 00:00:19,735 basehttp "GET /dashboard/admin/ HTTP/1.1" 200 67642
WARNING 2025-12-23 00:00:19,803 basehttp "GET /static/css/dashboard/admin.css HTTP/1.1" 404 1996
INFO 2025-12-23 00:00:40,369 basehttp "GET / HTTP/1.1" 200 16444
INFO 2025-12-23 00:01:10,805 basehttp "GET /accounts/login/ HTTP/1.1" 200 16444
WARNING 2025-12-23 00:01:15,715 log Not Found: /favicon.ico
WARNING 2025-12-23 00:01:15,716 basehttp "GET /favicon.ico HTTP/1.1" 404 4175
INFO 2025-12-26 18:09:54,282 basehttp "GET /dashboard/admin/ HTTP/1.1" 200 67642
WARNING 2025-12-26 18:09:54,463 basehttp "GET /static/css/dashboard/admin.css HTTP/1.1" 404 1996
INFO 2025-12-26 18:09:54,612 basehttp "GET /media/profils/IMG-20220507-WA0018.jpg HTTP/1.1" 304 0
INFO 2025-12-26 18:09:54,643 basehttp "GET /static/js/dashboard/dashboard.js HTTP/1.1" 200 22935
INFO 2025-12-26 18:09:56,426 basehttp "GET /static/js/dashboard/components.js HTTP/1.1" 200 28077
INFO 2025-12-26 18:10:21,405 basehttp "GET /dashboard/admin/users/ HTTP/1.1" 200 109746
INFO 2025-12-26 18:10:21,668 basehttp "GET /media/profils/IMG-20220507-WA0030_qeI1OYS.jpg HTTP/1.1" 200 47619
INFO 2025-12-26 18:10:21,670 basehttp "GET /media/profils/IMG-20220507-WA0018.jpg HTTP/1.1" 200 35474
INFO 2025-12-26 18:10:21,851 basehttp "GET /media/profils/IMG-20220507-WA0015.jpg HTTP/1.1" 200 25481
INFO 2025-12-26 18:10:21,949 basehttp "GET /media/profils/IMG_20211223_151546_741.jpg HTTP/1.1" 200 2749121
INFO 2025-12-26 18:10:49,482 basehttp "GET /dashboard/admin/department_heads/ HTTP/1.1" 200 85979
INFO 2025-12-26 18:11:16,446 basehttp "POST /accounts/login/ HTTP/1.1" 200 16454
INFO 2025-12-26 18:11:33,948 basehttp "POST /accounts/login/ HTTP/1.1" 302 0
INFO 2025-12-26 18:11:34,266 basehttp "GET /dashboard/department_head/ HTTP/1.1" 200 51025
INFO 2025-12-26 18:11:34,410 basehttp "GET /static/css/dashboard/dashboard.css HTTP/1.1" 200 19647
INFO 2025-12-26 18:11:34,501 basehttp "GET /static/js/dashboard/dashboard.js HTTP/1.1" 200 22935
INFO 2025-12-26 18:11:34,508 basehttp "GET /static/js/dashboard/components.js HTTP/1.1" 200 28077
INFO 2025-12-26 18:11:34,731 basehttp "GET /media/profils/IMG_20211223_151546_741.jpg HTTP/1.1" 200 2749121
INFO 2025-12-26 18:11:34,842 basehttp "GET /static/js/dashboard/dashboard.js HTTP/1.1" 200 22935
INFO 2025-12-26 18:11:34,853 basehttp "GET /static/js/dashboard/components.js HTTP/1.1" 200 28077
INFO 2025-12-26 18:11:48,789 basehttp "GET /dashboard/admin/ HTTP/1.1" 200 67642
WARNING 2025-12-26 18:11:48,975 basehttp "GET /static/css/dashboard/admin.css HTTP/1.1" 404 1996
INFO 2025-12-26 18:13:06,225 basehttp "GET /enrollment/candidature/nouvelle/ HTTP/1.1" 200 65344
INFO 2025-12-26 18:13:06,909 basehttp "GET /establishments/api/public/etablissements/ HTTP/1.1" 200 386
INFO 2025-12-26 18:13:06,947 basehttp "GET /establishments/api/public/annees-academiques/ HTTP/1.1" 200 188
INFO 2025-12-26 18:13:17,861 basehttp "GET /admin HTTP/1.1" 301 0
INFO 2025-12-26 18:13:17,984 basehttp "GET /admin/ HTTP/1.1" 302 0
INFO 2025-12-26 18:13:18,222 basehttp "GET /admin/login/?next=/admin/ HTTP/1.1" 200 4244
INFO 2025-12-26 18:13:18,336 basehttp "GET /static/admin/css/dark_mode.css HTTP/1.1" 200 2808
INFO 2025-12-26 18:13:18,337 basehttp "GET /static/admin/css/login.css HTTP/1.1" 200 951
INFO 2025-12-26 18:13:18,345 basehttp "GET /static/admin/css/nav_sidebar.css HTTP/1.1" 200 2810
INFO 2025-12-26 18:13:18,349 basehttp "GET /static/admin/js/theme.js HTTP/1.1" 200 1653
INFO 2025-12-26 18:13:18,356 basehttp "GET /static/admin/css/responsive.css HTTP/1.1" 200 16565
INFO 2025-12-26 18:13:18,361 basehttp "GET /static/admin/css/base.css HTTP/1.1" 200 22120
INFO 2025-12-26 18:13:18,367 basehttp "GET /static/admin/js/nav_sidebar.js HTTP/1.1" 200 3063
INFO 2025-12-26 18:13:18,495 basehttp "GET /static/admin/js/theme.js HTTP/1.1" 200 1653
INFO 2025-12-26 18:13:18,509 basehttp "GET /static/admin/js/nav_sidebar.js HTTP/1.1" 200 3063
INFO 2025-12-26 18:13:27,179 basehttp "POST /admin/login/?next=/admin/ HTTP/1.1" 302 0
INFO 2025-12-26 18:13:27,422 basehttp "GET /admin/ HTTP/1.1" 200 41596
INFO 2025-12-26 18:13:27,502 basehttp "GET /static/admin/css/dashboard.css HTTP/1.1" 200 441
INFO 2025-12-26 18:13:27,571 basehttp "GET /static/admin/img/icon-addlink.svg HTTP/1.1" 200 331
INFO 2025-12-26 18:13:27,574 basehttp "GET /static/admin/img/icon-changelink.svg HTTP/1.1" 200 380
INFO 2025-12-26 18:13:27,575 basehttp "GET /static/admin/img/icon-deletelink.svg HTTP/1.1" 200 392
INFO 2025-12-26 18:13:37,676 basehttp "GET /admin/accounts/profilapprenant/ HTTP/1.1" 200 37600
INFO 2025-12-26 18:13:37,807 basehttp "GET /static/admin/css/changelists.css HTTP/1.1" 200 6878
INFO 2025-12-26 18:13:37,827 basehttp "GET /static/admin/js/jquery.init.js HTTP/1.1" 200 347
INFO 2025-12-26 18:13:37,841 basehttp "GET /static/admin/js/core.js HTTP/1.1" 200 6208
INFO 2025-12-26 18:13:37,844 basehttp "GET /static/admin/js/actions.js HTTP/1.1" 200 8076
INFO 2025-12-26 18:13:37,848 basehttp "GET /static/admin/js/admin/RelatedObjectLookups.js HTTP/1.1" 200 9777
INFO 2025-12-26 18:13:37,856 basehttp "GET /static/admin/js/urlify.js HTTP/1.1" 200 7887
INFO 2025-12-26 18:13:37,858 basehttp "GET /static/admin/js/prepopulate.js HTTP/1.1" 200 1531
INFO 2025-12-26 18:13:37,881 basehttp "GET /static/admin/img/search.svg HTTP/1.1" 200 458
INFO 2025-12-26 18:13:37,882 basehttp "GET /static/admin/js/vendor/jquery/jquery.js HTTP/1.1" 200 285314
INFO 2025-12-26 18:13:37,906 basehttp "GET /static/admin/js/vendor/xregexp/xregexp.js HTTP/1.1" 200 325171
INFO 2025-12-26 18:13:37,937 basehttp "GET /static/admin/js/filters.js HTTP/1.1" 200 978
INFO 2025-12-26 18:13:37,983 basehttp "GET /static/admin/js/jquery.init.js HTTP/1.1" 200 347
INFO 2025-12-26 18:13:37,988 basehttp "GET /static/admin/js/core.js HTTP/1.1" 200 6208
INFO 2025-12-26 18:13:38,000 basehttp "GET /admin/jsi18n/ HTTP/1.1" 200 8634
INFO 2025-12-26 18:13:38,002 basehttp "GET /static/admin/js/admin/RelatedObjectLookups.js HTTP/1.1" 200 9777
INFO 2025-12-26 18:13:38,062 basehttp "GET /static/admin/img/tooltag-add.svg HTTP/1.1" 200 331
INFO 2025-12-26 18:13:38,078 basehttp "GET /static/admin/img/icon-viewlink.svg HTTP/1.1" 200 581
INFO 2025-12-26 18:13:38,627 basehttp "GET /static/admin/js/actions.js HTTP/1.1" 200 8076
INFO 2025-12-26 18:13:39,024 basehttp "GET /static/admin/js/urlify.js HTTP/1.1" 200 7887
INFO 2025-12-26 18:13:39,234 basehttp "GET /static/admin/js/prepopulate.js HTTP/1.1" 200 1531
INFO 2025-12-26 18:13:39,239 basehttp "GET /static/admin/js/vendor/jquery/jquery.js HTTP/1.1" 200 285314
INFO 2025-12-26 18:13:39,335 basehttp "GET /static/admin/js/vendor/xregexp/xregexp.js HTTP/1.1" 200 325171
INFO 2025-12-26 18:13:39,356 basehttp "GET /static/admin/js/filters.js HTTP/1.1" 200 978
INFO 2025-12-26 18:13:42,687 basehttp "GET /admin/accounts/utilisateur/ HTTP/1.1" 200 36368
INFO 2025-12-26 18:13:42,776 basehttp "GET /static/admin/img/icon-yes.svg HTTP/1.1" 200 436
INFO 2025-12-26 18:13:42,902 basehttp "GET /admin/jsi18n/ HTTP/1.1" 200 8634
INFO 2025-12-26 18:13:42,970 basehttp "GET /static/admin/img/sorting-icons.svg HTTP/1.1" 200 1097
INFO 2025-12-26 18:13:43,702 basehttp "GET /admin/jsi18n/ HTTP/1.1" 200 8634
INFO 2025-12-26 18:13:43,813 basehttp "GET /admin/jsi18n/ HTTP/1.1" 200 8634
INFO 2025-12-26 18:15:28,751 autoreload E:\formis_app\_formis\apps\enrollment\admin.py changed, reloading.
INFO 2025-12-26 18:15:40,437 autoreload Watching for file changes with StatReloader
INFO 2025-12-26 18:15:57,565 basehttp "GET /admin/accounts/utilisateur/ HTTP/1.1" 200 40228
INFO 2025-12-26 18:15:57,909 basehttp "GET /admin/jsi18n/ HTTP/1.1" 200 8634
INFO 2025-12-26 18:17:00,477 basehttp "GET /admin/enrollment/candidature/ HTTP/1.1" 200 46806
INFO 2025-12-26 18:17:00,780 basehttp "GET /admin/jsi18n/ HTTP/1.1" 200 8634
INFO 2025-12-26 18:29:03,426 basehttp "GET /admin/enrollment/candidature/ HTTP/1.1" 200 42083
INFO 2025-12-26 18:29:03,664 basehttp "GET /admin/jsi18n/ HTTP/1.1" 200 8634
INFO 2025-12-26 18:29:05,306 basehttp "GET /admin/jsi18n/ HTTP/1.1" 200 8634
INFO 2025-12-26 18:29:08,368 basehttp "GET /dashboard/admin/ HTTP/1.1" 200 61833
WARNING 2025-12-26 18:29:08,543 basehttp "GET /static/css/dashboard/admin.css HTTP/1.1" 404 1996
INFO 2025-12-26 18:29:22,370 basehttp "GET /dashboard/admin/users/ HTTP/1.1" 200 100721
INFO 2025-12-26 18:29:34,684 basehttp "GET /dashboard/admin/comptables/ HTTP/1.1" 200 86541
INFO 2025-12-26 18:29:37,128 basehttp "GET /dashboard/admin/department_heads/ HTTP/1.1" 200 85979
INFO 2025-12-26 18:29:40,360 basehttp "GET /dashboard/admin/department_heads/ HTTP/1.1" 200 85979
INFO 2025-12-26 18:29:46,491 basehttp "GET /dashboard/admin/teachers/ HTTP/1.1" 200 75369
INFO 2025-12-26 18:29:57,112 basehttp "GET /accounts/teachers/067a5518-5309-4bd6-ab9c-1d0fad15fdd1/edit/ HTTP/1.1" 200 66924
ERROR 2025-12-26 18:30:21,433 log Internal Server Error: /accounts/teachers/067a5518-5309-4bd6-ab9c-1d0fad15fdd1/edit/
Traceback (most recent call last):
  File "E:\formis_app\venv\Lib\site-packages\django\db\backends\utils.py", line 105, in _execute
    return self.cursor.execute(sql, params)
           ~~~~~~~~~~~~~~~~~~~^^^^^^^^^^^^^
psycopg2.errors.UniqueViolation: ERREUR:  la valeur d'une clé dupliquée rompt la contrainte unique « comptes_profil_enseignant_id_employe_key »
DETAIL:  La clé « (id_employe)=() » existe déjà.


The above exception was the direct cause of the following exception:

Traceback (most recent call last):
  File "E:\formis_app\venv\Lib\site-packages\django\core\handlers\exception.py", line 55, in inner
    response = get_response(request)
  File "E:\formis_app\venv\Lib\site-packages\django\core\handlers\base.py", line 197, in _get_response
    response = wrapped_callback(request, *callback_args, **callback_kwargs)
  File "E:\formis_app\venv\Lib\site-packages\django\views\generic\base.py", line 105, in view
    return self.dispatch(request, *args, **kwargs)
           ~~~~~~~~~~~~~^^^^^^^^^^^^^^^^^^^^^^^^^^
  File "E:\formis_app\_formis\apps\accounts\views.py", line 1190, in dispatch
    return super().dispatch(request, *args, **kwargs)
           ~~~~~~~~~~~~~~~~^^^^^^^^^^^^^^^^^^^^^^^^^^
  File "E:\formis_app\venv\Lib\site-packages\django\contrib\auth\mixins.py", line 73, in dispatch
    return super().dispatch(request, *args, **kwargs)
           ~~~~~~~~~~~~~~~~^^^^^^^^^^^^^^^^^^^^^^^^^^
  File "E:\formis_app\venv\Lib\site-packages\django\views\generic\base.py", line 144, in dispatch
    return handler(request, *args, **kwargs)
  File "E:\formis_app\venv\Lib\site-packages\django\views\generic\edit.py", line 206, in post
    return super().post(request, *args, **kwargs)
           ~~~~~~~~~~~~^^^^^^^^^^^^^^^^^^^^^^^^^^
  File "E:\formis_app\venv\Lib\site-packages\django\views\generic\edit.py", line 151, in post
    return self.form_valid(form)
           ~~~~~~~~~~~~~~~^^^^^^
  File "E:\formis_app\_formis\apps\accounts\views.py", line 1214, in form_valid
    return super().form_valid(form)
           ~~~~~~~~~~~~~~~~~~^^^^^^
  File "E:\formis_app\venv\Lib\site-packages\django\views\generic\edit.py", line 133, in form_valid
    self.object = form.save()
                  ~~~~~~~~~^^
  File "E:\formis_app\_formis\apps\accounts\forms.py", line 576, in save
    profil.save()
    ~~~~~~~~~~~^^
  File "E:\formis_app\_formis\apps\accounts\models.py", line 428, in save
    super().save(*args, **kwargs)
    ~~~~~~~~~~~~^^^^^^^^^^^^^^^^^
  File "E:\formis_app\venv\Lib\site-packages\django\db\models\base.py", line 902, in save
    self.save_base(
    ~~~~~~~~~~~~~~^
        using=using,
        ^^^^^^^^^^^^
    ...<2 lines>...
        update_fields=update_fields,
        ^^^^^^^^^^^^^^^^^^^^^^^^^^^^
    )
    ^
  File "E:\formis_app\venv\Lib\site-packages\django\db\models\base.py", line 1008, in save_base
    updated = self._save_table(
        raw,
    ...<4 lines>...
        update_fields,
    )
  File "E:\formis_app\venv\Lib\site-packages\django\db\models\base.py", line 1138, in _save_table
    updated = self._do_update(
        base_qs, using, pk_val, values, update_fields, forced_update
    )
  File "E:\formis_app\venv\Lib\site-packages\django\db\models\base.py", line 1203, in _do_update
    return filtered._update(values) > 0
           ~~~~~~~~~~~~~~~~^^^^^^^^
  File "E:\formis_app\venv\Lib\site-packages\django\db\models\query.py", line 1286, in _update
    return query.get_compiler(self.db).execute_sql(ROW_COUNT)
           ~~~~~~~~~~~~~~~~~~~~~~~~~~~~~~~~~~~~~~~^^^^^^^^^^^
  File "E:\formis_app\venv\Lib\site-packages\django\db\models\sql\compiler.py", line 2060, in execute_sql
    row_count = super().execute_sql(result_type)
  File "E:\formis_app\venv\Lib\site-packages\django\db\models\sql\compiler.py", line 1623, in execute_sql
    cursor.execute(sql, params)
    ~~~~~~~~~~~~~~^^^^^^^^^^^^^
  File "E:\formis_app\venv\Lib\site-packages\django\db\backends\utils.py", line 122, in execute
    return super().execute(sql, params)
           ~~~~~~~~~~~~~~~^^^^^^^^^^^^^
  File "E:\formis_app\venv\Lib\site-packages\django\db\backends\utils.py", line 79, in execute
    return self._execute_with_wrappers(
           ~~~~~~~~~~~~~~~~~~~~~~~~~~~^
        sql, params, many=False, executor=self._execute
        ^^^^^^^^^^^^^^^^^^^^^^^^^^^^^^^^^^^^^^^^^^^^^^^
    )
    ^
  File "E:\formis_app\venv\Lib\site-packages\django\db\backends\utils.py", line 92, in _execute_with_wrappers
    return executor(sql, params, many, context)
  File "E:\formis_app\venv\Lib\site-packages\django\db\backends\utils.py", line 100, in _execute
    with self.db.wrap_database_errors:
         ^^^^^^^^^^^^^^^^^^^^^^^^^^^^
  File "E:\formis_app\venv\Lib\site-packages\django\db\utils.py", line 91, in __exit__
    raise dj_exc_value.with_traceback(traceback) from exc_value
  File "E:\formis_app\venv\Lib\site-packages\django\db\backends\utils.py", line 105, in _execute
    return self.cursor.execute(sql, params)
           ~~~~~~~~~~~~~~~~~~~^^^^^^^^^^^^^
django.db.utils.IntegrityError: ERREUR:  la valeur d'une clé dupliquée rompt la contrainte unique « comptes_profil_enseignant_id_employe_key »
DETAIL:  La clé « (id_employe)=() » existe déjà.

ERROR 2025-12-26 18:30:21,462 basehttp "POST /accounts/teachers/067a5518-5309-4bd6-ab9c-1d0fad15fdd1/edit/ HTTP/1.1" 500 196016
ERROR 2025-12-26 18:30:27,956 log Internal Server Error: /accounts/teachers/067a5518-5309-4bd6-ab9c-1d0fad15fdd1/edit/
Traceback (most recent call last):
  File "E:\formis_app\venv\Lib\site-packages\django\db\backends\utils.py", line 105, in _execute
    return self.cursor.execute(sql, params)
           ~~~~~~~~~~~~~~~~~~~^^^^^^^^^^^^^
psycopg2.errors.UniqueViolation: ERREUR:  la valeur d'une clé dupliquée rompt la contrainte unique « comptes_profil_enseignant_id_employe_key »
DETAIL:  La clé « (id_employe)=() » existe déjà.


The above exception was the direct cause of the following exception:

Traceback (most recent call last):
  File "E:\formis_app\venv\Lib\site-packages\django\core\handlers\exception.py", line 55, in inner
    response = get_response(request)
  File "E:\formis_app\venv\Lib\site-packages\django\core\handlers\base.py", line 197, in _get_response
    response = wrapped_callback(request, *callback_args, **callback_kwargs)
  File "E:\formis_app\venv\Lib\site-packages\django\views\generic\base.py", line 105, in view
    return self.dispatch(request, *args, **kwargs)
           ~~~~~~~~~~~~~^^^^^^^^^^^^^^^^^^^^^^^^^^
  File "E:\formis_app\_formis\apps\accounts\views.py", line 1190, in dispatch
    return super().dispatch(request, *args, **kwargs)
           ~~~~~~~~~~~~~~~~^^^^^^^^^^^^^^^^^^^^^^^^^^
  File "E:\formis_app\venv\Lib\site-packages\django\contrib\auth\mixins.py", line 73, in dispatch
    return super().dispatch(request, *args, **kwargs)
           ~~~~~~~~~~~~~~~~^^^^^^^^^^^^^^^^^^^^^^^^^^
  File "E:\formis_app\venv\Lib\site-packages\django\views\generic\base.py", line 144, in dispatch
    return handler(request, *args, **kwargs)
  File "E:\formis_app\venv\Lib\site-packages\django\views\generic\edit.py", line 206, in post
    return super().post(request, *args, **kwargs)
           ~~~~~~~~~~~~^^^^^^^^^^^^^^^^^^^^^^^^^^
  File "E:\formis_app\venv\Lib\site-packages\django\views\generic\edit.py", line 151, in post
    return self.form_valid(form)
           ~~~~~~~~~~~~~~~^^^^^^
  File "E:\formis_app\_formis\apps\accounts\views.py", line 1214, in form_valid
    return super().form_valid(form)
           ~~~~~~~~~~~~~~~~~~^^^^^^
  File "E:\formis_app\venv\Lib\site-packages\django\views\generic\edit.py", line 133, in form_valid
    self.object = form.save()
                  ~~~~~~~~~^^
  File "E:\formis_app\_formis\apps\accounts\forms.py", line 576, in save
    profil.save()
    ~~~~~~~~~~~^^
  File "E:\formis_app\_formis\apps\accounts\models.py", line 428, in save
    super().save(*args, **kwargs)
    ~~~~~~~~~~~~^^^^^^^^^^^^^^^^^
  File "E:\formis_app\venv\Lib\site-packages\django\db\models\base.py", line 902, in save
    self.save_base(
    ~~~~~~~~~~~~~~^
        using=using,
        ^^^^^^^^^^^^
    ...<2 lines>...
        update_fields=update_fields,
        ^^^^^^^^^^^^^^^^^^^^^^^^^^^^
    )
    ^
  File "E:\formis_app\venv\Lib\site-packages\django\db\models\base.py", line 1008, in save_base
    updated = self._save_table(
        raw,
    ...<4 lines>...
        update_fields,
    )
  File "E:\formis_app\venv\Lib\site-packages\django\db\models\base.py", line 1138, in _save_table
    updated = self._do_update(
        base_qs, using, pk_val, values, update_fields, forced_update
    )
  File "E:\formis_app\venv\Lib\site-packages\django\db\models\base.py", line 1203, in _do_update
    return filtered._update(values) > 0
           ~~~~~~~~~~~~~~~~^^^^^^^^
  File "E:\formis_app\venv\Lib\site-packages\django\db\models\query.py", line 1286, in _update
    return query.get_compiler(self.db).execute_sql(ROW_COUNT)
           ~~~~~~~~~~~~~~~~~~~~~~~~~~~~~~~~~~~~~~~^^^^^^^^^^^
  File "E:\formis_app\venv\Lib\site-packages\django\db\models\sql\compiler.py", line 2060, in execute_sql
    row_count = super().execute_sql(result_type)
  File "E:\formis_app\venv\Lib\site-packages\django\db\models\sql\compiler.py", line 1623, in execute_sql
    cursor.execute(sql, params)
    ~~~~~~~~~~~~~~^^^^^^^^^^^^^
  File "E:\formis_app\venv\Lib\site-packages\django\db\backends\utils.py", line 122, in execute
    return super().execute(sql, params)
           ~~~~~~~~~~~~~~~^^^^^^^^^^^^^
  File "E:\formis_app\venv\Lib\site-packages\django\db\backends\utils.py", line 79, in execute
    return self._execute_with_wrappers(
           ~~~~~~~~~~~~~~~~~~~~~~~~~~~^
        sql, params, many=False, executor=self._execute
        ^^^^^^^^^^^^^^^^^^^^^^^^^^^^^^^^^^^^^^^^^^^^^^^
    )
    ^
  File "E:\formis_app\venv\Lib\site-packages\django\db\backends\utils.py", line 92, in _execute_with_wrappers
    return executor(sql, params, many, context)
  File "E:\formis_app\venv\Lib\site-packages\django\db\backends\utils.py", line 100, in _execute
    with self.db.wrap_database_errors:
         ^^^^^^^^^^^^^^^^^^^^^^^^^^^^
  File "E:\formis_app\venv\Lib\site-packages\django\db\utils.py", line 91, in __exit__
    raise dj_exc_value.with_traceback(traceback) from exc_value
  File "E:\formis_app\venv\Lib\site-packages\django\db\backends\utils.py", line 105, in _execute
    return self.cursor.execute(sql, params)
           ~~~~~~~~~~~~~~~~~~~^^^^^^^^^^^^^
django.db.utils.IntegrityError: ERREUR:  la valeur d'une clé dupliquée rompt la contrainte unique « comptes_profil_enseignant_id_employe_key »
DETAIL:  La clé « (id_employe)=() » existe déjà.

ERROR 2025-12-26 18:30:27,987 basehttp "POST /accounts/teachers/067a5518-5309-4bd6-ab9c-1d0fad15fdd1/edit/ HTTP/1.1" 500 196290
INFO 2025-12-26 18:30:29,986 basehttp "GET /accounts/teachers/067a5518-5309-4bd6-ab9c-1d0fad15fdd1/edit/ HTTP/1.1" 200 66924
INFO 2025-12-26 18:37:30,180 basehttp "GET /dashboard/admin/teachers/ HTTP/1.1" 200 76153
INFO 2025-12-26 18:37:34,097 basehttp "GET /dashboard/admin/ HTTP/1.1" 200 61833
WARNING 2025-12-26 18:37:34,174 basehttp "GET /static/css/dashboard/admin.css HTTP/1.1" 404 1996
INFO 2025-12-26 18:37:44,335 basehttp "GET /dashboard/department_head/ HTTP/1.1" 200 51025
INFO 2025-12-26 18:37:48,230 basehttp "GET /dashboard/department_head/teachers/ HTTP/1.1" 200 72331
INFO 2025-12-26 18:37:48,486 basehttp "GET /media/profils/IMG-20220507-WA0015.jpg HTTP/1.1" 200 25481
INFO 2025-12-26 18:37:48,520 basehttp "GET /media/profils/IMG_20211223_151546_741.jpg HTTP/1.1" 200 2749121
INFO 2025-12-26 18:37:51,870 basehttp "GET /dashboard/department_head/teachers/ HTTP/1.1" 200 71886
INFO 2025-12-26 18:37:58,897 basehttp "GET /dashboard/department_head/ HTTP/1.1" 200 51025
INFO 2025-12-26 18:42:49,911 basehttp "GET /dashboard/admin/ HTTP/1.1" 200 61833
WARNING 2025-12-26 18:42:50,081 basehttp "GET /static/css/dashboard/admin.css HTTP/1.1" 404 1996
INFO 2025-12-26 21:11:36,790 basehttp "POST /admin/logout/ HTTP/1.1" 200 3641
INFO 2025-12-26 21:11:41,873 basehttp "GET / HTTP/1.1" 200 16444
INFO 2025-12-26 21:11:45,330 basehttp "GET /enrollment/candidature/nouvelle/ HTTP/1.1" 200 65344
INFO 2025-12-26 21:11:45,786 basehttp "GET /establishments/api/public/annees-academiques/ HTTP/1.1" 200 188
INFO 2025-12-26 21:11:45,834 basehttp "GET /establishments/api/public/etablissements/ HTTP/1.1" 200 386
INFO 2025-12-26 21:11:54,442 basehttp "GET /academic/api/public/departements/66b3697d-1eeb-4fe5-8c28-91b9caf2b84f/ HTTP/1.1" 200 1712
INFO 2025-12-26 21:12:00,913 basehttp "GET /academic/api/public/filieres/075af644-72bd-4d54-b30f-e96a3b5defbe/ HTTP/1.1" 200 1086
INFO 2025-12-26 21:12:14,585 basehttp "GET /academic/api/public/niveaux/faa8d711-8867-4445-b270-e2170bfa96f7/ HTTP/1.1" 200 924
INFO 2025-12-26 21:12:14,748 basehttp "GET /enrollment/api/public/documents-requis/filiere/faa8d711-8867-4445-b270-e2170bfa96f7/ HTTP/1.1" 200 171
INFO 2025-12-26 21:15:07,697 views Début traitement candidature AJAX
ERROR 2025-12-26 21:15:10,627 views Échec envoi email à testuser.testeur@gmail.com
INFO 2025-12-26 21:15:10,628 views Candidature créée et soumise: CAND2025 UOST0001
INFO 2025-12-26 21:15:10,635 basehttp "POST /enrollment/candidature/nouvelle/ HTTP/1.1" 200 272
INFO 2025-12-26 21:15:12,485 basehttp "GET /enrollment/candidature/success/?numero=CAND2025%20UOST0001 HTTP/1.1" 200 10748
INFO 2025-12-26 21:15:42,054 basehttp "GET / HTTP/1.1" 200 16444
INFO 2025-12-26 21:20:30,656 autoreload E:\formis_app\_formis\apps\enrollment\models.py changed, reloading.
INFO 2025-12-26 21:20:38,227 autoreload Watching for file changes with StatReloader
INFO 2025-12-26 21:20:42,865 autoreload E:\formis_app\_formis\apps\enrollment\models.py changed, reloading.
INFO 2025-12-26 21:20:48,556 autoreload Watching for file changes with StatReloader
INFO 2025-12-26 21:21:49,882 autoreload E:\formis_app\_formis\apps\enrollment\admin.py changed, reloading.
INFO 2025-12-26 21:21:56,359 autoreload Watching for file changes with StatReloader
INFO 2025-12-26 21:22:50,844 autoreload E:\formis_app\_formis\apps\enrollment\admin.py changed, reloading.
INFO 2025-12-26 21:22:52,569 autoreload Watching for file changes with StatReloader
INFO 2025-12-26 21:31:45,737 autoreload E:\formis_app\_formis\apps\enrollment\admin.py changed, reloading.
INFO 2025-12-26 21:31:51,641 autoreload Watching for file changes with StatReloader
INFO 2025-12-26 21:39:08,747 autoreload E:\formis_app\_formis\apps\enrollment\forms.py changed, reloading.
INFO 2025-12-26 21:39:13,412 autoreload Watching for file changes with StatReloader
INFO 2025-12-26 21:39:21,784 autoreload E:\formis_app\_formis\apps\enrollment\forms.py changed, reloading.
INFO 2025-12-26 21:39:28,009 autoreload Watching for file changes with StatReloader
INFO 2025-12-26 21:39:37,380 autoreload E:\formis_app\_formis\apps\enrollment\views.py changed, reloading.
INFO 2025-12-26 21:39:40,455 autoreload Watching for file changes with StatReloader
INFO 2025-12-26 21:39:46,459 basehttp "GET /dashboard/admin/ HTTP/1.1" 200 62581
WARNING 2025-12-26 21:39:46,680 basehttp "GET /static/css/dashboard/admin.css HTTP/1.1" 404 1996
INFO 2025-12-26 21:39:51,091 basehttp "GET /dashboard/department_head/ HTTP/1.1" 200 51025
INFO 2025-12-26 21:39:56,313 basehttp "GET /dashboard/department_head/candidatures/ HTTP/1.1" 200 93450
INFO 2025-12-26 21:40:06,056 basehttp "GET /enrollment/candidature/aa9872e5-9b07-4f39-9674-e5e0660d54a6/details-ajax/ HTTP/1.1" 200 688
INFO 2025-12-26 21:40:13,055 basehttp "GET /enrollment/candidature/aa9872e5-9b07-4f39-9674-e5e0660d54a6/documents-ajax/ HTTP/1.1" 200 46
INFO 2025-12-26 21:40:39,052 basehttp "GET /dashboard/admin/candidatures/ HTTP/1.1" 200 70495
INFO 2025-12-26 22:10:34,500 basehttp "GET /enrollment/candidature/aa9872e5-9b07-4f39-9674-e5e0660d54a6/documents-ajax/ HTTP/1.1" 200 46
INFO 2025-12-26 22:10:42,162 views Examen démarré pour candidature CAND2025 UOST0001 par Frankenstein
INFO 2025-12-26 22:10:42,166 basehttp "POST /enrollment/candidature/aa9872e5-9b07-4f39-9674-e5e0660d54a6/start-exam/ HTTP/1.1" 200 73
INFO 2025-12-26 22:10:43,701 basehttp "GET /dashboard/department_head/candidatures/ HTTP/1.1" 200 93469
INFO 2025-12-26 22:10:47,166 basehttp "GET /enrollment/candidature/aa9872e5-9b07-4f39-9674-e5e0660d54a6/documents-ajax/ HTTP/1.1" 200 46
INFO 2025-12-26 22:10:49,936 basehttp "GET /enrollment/candidature/aa9872e5-9b07-4f39-9674-e5e0660d54a6/details-ajax/ HTTP/1.1" 200 739
INFO 2025-12-26 22:11:01,054 basehttp "POST /enrollment/candidature/aa9872e5-9b07-4f39-9674-e5e0660d54a6/evaluer/ HTTP/1.1" 200 139
INFO 2025-12-26 22:11:03,836 basehttp "GET /dashboard/department_head/candidatures/ HTTP/1.1" 200 93145
INFO 2025-12-28 00:15:59,033 autoreload E:\formis_app\_formis\apps\enrollment\managers.py changed, reloading.
INFO 2025-12-28 00:16:07,214 autoreload Watching for file changes with StatReloader
INFO 2025-12-28 00:16:56,280 autoreload E:\formis_app\_formis\apps\enrollment\managers.py changed, reloading.
INFO 2025-12-28 00:16:57,739 autoreload Watching for file changes with StatReloader
INFO 2025-12-28 00:19:08,684 basehttp "GET /dashboard/admin/users/ HTTP/1.1" 200 100710
INFO 2025-12-28 00:19:08,781 basehttp "GET /static/css/dashboard/dashboard.css HTTP/1.1" 304 0
INFO 2025-12-28 00:19:08,997 basehttp "GET /static/js/dashboard/dashboard.js HTTP/1.1" 304 0
INFO 2025-12-28 00:19:08,998 basehttp "GET /static/js/dashboard/components.js HTTP/1.1" 304 0
INFO 2025-12-28 00:19:12,119 basehttp "GET /dashboard/admin/comptables/ HTTP/1.1" 200 86541
INFO 2025-12-28 00:19:15,039 basehttp "GET /dashboard/admin/students/ HTTP/1.1" 200 67604
INFO 2025-12-28 00:19:17,065 basehttp "GET /dashboard/admin/candidatures/ HTTP/1.1" 200 60038
INFO 2025-12-28 00:19:18,776 basehttp "GET /dashboard/admin/inscriptions/ HTTP/1.1" 200 58366
INFO 2025-12-28 00:19:20,361 basehttp "GET /dashboard/admin/paiements/ HTTP/1.1" 200 66690
INFO 2025-12-28 00:21:51,030 basehttp "GET /enrollment/candidature/nouvelle/ HTTP/1.1" 200 65344
INFO 2025-12-28 00:21:51,906 basehttp "GET /establishments/api/public/etablissements/ HTTP/1.1" 200 386
INFO 2025-12-28 00:21:51,927 basehttp "GET /establishments/api/public/annees-academiques/ HTTP/1.1" 200 188
INFO 2025-12-28 00:22:29,642 basehttp "GET /academic/api/public/departements/66b3697d-1eeb-4fe5-8c28-91b9caf2b84f/ HTTP/1.1" 200 1712
INFO 2025-12-28 00:22:34,188 basehttp "GET /academic/api/public/filieres/075af644-72bd-4d54-b30f-e96a3b5defbe/ HTTP/1.1" 200 1086
INFO 2025-12-28 00:22:36,377 basehttp "GET /academic/api/public/niveaux/faa8d711-8867-4445-b270-e2170bfa96f7/ HTTP/1.1" 200 924
INFO 2025-12-28 00:22:36,470 basehttp "GET /enrollment/api/public/documents-requis/filiere/faa8d711-8867-4445-b270-e2170bfa96f7/ HTTP/1.1" 200 171
INFO 2025-12-28 00:25:25,431 views Début traitement candidature AJAX
ERROR 2025-12-28 00:25:27,967 views Échec envoi email à testuser.testeur@gmail.com
INFO 2025-12-28 00:25:27,967 views Candidature créée et soumise: CAND2025 UOST0001
INFO 2025-12-28 00:25:27,981 basehttp "POST /enrollment/candidature/nouvelle/ HTTP/1.1" 200 272
INFO 2025-12-28 00:25:29,631 basehttp "GET /enrollment/candidature/success/?numero=CAND2025%20UOST0001 HTTP/1.1" 200 10748
INFO 2025-12-28 00:30:05,547 basehttp "GET / HTTP/1.1" 200 16444
INFO 2025-12-28 00:43:18,385 autoreload E:\formis_app\_formis\apps\enrollment\managers.py changed, reloading.
INFO 2025-12-28 00:43:20,185 autoreload Watching for file changes with StatReloader
INFO 2025-12-28 00:43:29,430 basehttp "GET /dashboard/admin/candidatures/ HTTP/1.1" 200 70495
INFO 2025-12-28 00:43:33,855 basehttp "GET /dashboard/admin/candidatures/ HTTP/1.1" 200 70495
INFO 2025-12-28 00:44:02,617 basehttp "GET /dashboard/admin/candidatures/ HTTP/1.1" 200 70495
INFO 2025-12-28 00:44:17,795 basehttp "GET /dashboard/department_head/candidatures/ HTTP/1.1" 200 93450
INFO 2025-12-28 00:45:07,028 basehttp "GET /dashboard/department_head/candidatures/ HTTP/1.1" 200 83853
INFO 2025-12-28 00:45:11,422 basehttp "GET /enrollment/candidature/nouvelle/ HTTP/1.1" 200 65344
INFO 2025-12-28 00:45:11,773 basehttp "GET /establishments/api/public/annees-academiques/ HTTP/1.1" 200 188
INFO 2025-12-28 00:45:11,775 basehttp "GET /establishments/api/public/etablissements/ HTTP/1.1" 200 386
INFO 2025-12-28 00:45:15,471 basehttp "GET /academic/api/public/departements/66b3697d-1eeb-4fe5-8c28-91b9caf2b84f/ HTTP/1.1" 200 1712
INFO 2025-12-28 00:45:20,800 basehttp "GET /academic/api/public/filieres/075af644-72bd-4d54-b30f-e96a3b5defbe/ HTTP/1.1" 200 1086
INFO 2025-12-28 00:45:23,695 basehttp "GET /academic/api/public/niveaux/faa8d711-8867-4445-b270-e2170bfa96f7/ HTTP/1.1" 200 924
INFO 2025-12-28 00:45:23,790 basehttp "GET /enrollment/api/public/documents-requis/filiere/faa8d711-8867-4445-b270-e2170bfa96f7/ HTTP/1.1" 200 171
INFO 2025-12-28 00:48:49,829 views Début traitement candidature AJAX
ERROR 2025-12-28 00:48:51,624 managers [ERROR] Erreur envoi email confirmation a testuser.testeur@gmail.com: (535, b'5.7.8 Username and Password not accepted. For more information, go to\n5.7.8  https://support.google.com/mail/?p=BadCredentials ffacd0b85a97d-4324ea830fesm54678224f8f.20 - gsmtp')
Traceback (most recent call last):
  File "E:\formis_app\_formis\apps\enrollment\managers.py", line 57, in send_candidature_submitted
    result = send_mail(
        subject=subject,
    ...<3 lines>...
        fail_silently=False
    )
  File "E:\formis_app\venv\Lib\site-packages\django\core\mail\__init__.py", line 92, in send_mail
    return mail.send()
           ~~~~~~~~~^^
  File "E:\formis_app\venv\Lib\site-packages\django\core\mail\message.py", line 307, in send
    return self.get_connection(fail_silently).send_messages([self])
           ~~~~~~~~~~~~~~~~~~~~~~~~~~~~~~~~~~~~~~~~~~~~~~~~^^^^^^^^
  File "E:\formis_app\venv\Lib\site-packages\django\core\mail\backends\smtp.py", line 128, in send_messages
    new_conn_created = self.open()
  File "E:\formis_app\venv\Lib\site-packages\django\core\mail\backends\smtp.py", line 95, in open
    self.connection.login(self.username, self.password)
    ~~~~~~~~~~~~~~~~~~~~~^^^^^^^^^^^^^^^^^^^^^^^^^^^^^^
  File "C:\Program Files\Python314\Lib\smtplib.py", line 762, in login
    raise last_exception
  File "C:\Program Files\Python314\Lib\smtplib.py", line 751, in login
    (code, resp) = self.auth(
                   ~~~~~~~~~^
        authmethod, getattr(self, method_name),
        ^^^^^^^^^^^^^^^^^^^^^^^^^^^^^^^^^^^^^^^
        initial_response_ok=initial_response_ok)
        ^^^^^^^^^^^^^^^^^^^^^^^^^^^^^^^^^^^^^^^^
  File "C:\Program Files\Python314\Lib\smtplib.py", line 669, in auth
    raise SMTPAuthenticationError(code, resp)
smtplib.SMTPAuthenticationError: (535, b'5.7.8 Username and Password not accepted. For more information, go to\n5.7.8  https://support.google.com/mail/?p=BadCredentials ffacd0b85a97d-4324ea830fesm54678224f8f.20 - gsmtp')
ERROR 2025-12-28 00:48:51,628 views Échec envoi email à testuser.testeur@gmail.com
INFO 2025-12-28 00:48:51,628 views Candidature créée et soumise: CAND2025 UOST0001
INFO 2025-12-28 00:48:51,635 basehttp "POST /enrollment/candidature/nouvelle/ HTTP/1.1" 200 272
INFO 2025-12-28 00:48:53,359 basehttp "GET /enrollment/candidature/success/?numero=CAND2025%20UOST0001 HTTP/1.1" 200 10748
INFO 2025-12-28 00:52:09,167 autoreload E:\formis_app\_formis\_formis\settings.py changed, reloading.
INFO 2025-12-28 00:52:10,760 autoreload Watching for file changes with StatReloader
INFO 2025-12-28 00:53:46,470 autoreload E:\formis_app\_formis\_formis\settings.py changed, reloading.
